0000
003c
0048
0057
0069
007e
009c
00c1
00f1
012c
0164
01a6
0205
0279
02e5
0363
041c
04fc
05d7
06d8
0853
0a1f
0bd9
0ddd
10cf
1460
1835
1cc3
2401
2d12
3742
43c0
003c
008e
009c
00ad
00bf
00d2
00f3
0117
0149
0183
01bb
01fb
025c
02d1
033c
03b9
0472
054f
062a
072a
08a5
0a6f
0c28
0e2a
111a
14a7
187a
1d01
2439
2d3c
375e
43c5
0048
009c
00ac
00bc
00ce
00e1
0102
0127
0159
0193
01cb
020c
026d
02e1
034d
03c9
0482
055f
063b
073a
08b6
0a80
0c38
0e39
1129
14b5
1887
1d0e
2444
2d44
3764
43c7
0057
00ad
00bc
00cc
00de
00f2
0113
0137
0169
01a3
01dd
021d
027e
02f1
035d
03d9
0493
0570
064b
074a
08c6
0a90
0c48
0e48
1138
14c3
1895
1d1a
244f
2d4d
376a
43c8
0069
00bf
00ce
00de
00f0
0103
0124
0149
017b
01b4
01ee
022f
0290
0302
036f
03ea
04a4
0580
065c
075a
08d7
0aa0
0c58
0e56
1147
14d1
18a2
1d27
245a
2d55
376f
43ca
007e
00d2
00e1
00f2
0103
0116
0137
015c
018d
01c6
0200
0241
02a2
0313
0380
03fb
04b5
0591
066d
076b
08e7
0ab0
0c68
0e65
1156
14df
18b0
1d33
2466
2d5e
3775
43cc
009c
00f3
0102
0112
0124
0137
0158
017c
01ae
01e7
0221
0263
02c4
0335
03a2
041d
04d7
05b2
068e
078c
0908
0ad0
0c87
0e85
1174
14fc
18cc
1d4d
247d
2d71
3782
43d0
00c1
0117
0127
0137
0149
015c
017c
01a0
01d2
020a
0245
0287
02e8
0359
03c6
0440
04fb
05d4
06b0
07ad
0929
0aef
0ca7
0ea4
1193
1518
18e7
1d66
2494
2d83
3790
43d4
00f1
0149
0159
0169
017b
018d
01ae
01d2
0206
023f
027a
02bb
031e
038f
03fb
0476
0530
0608
06e4
07e0
095d
0b21
0cd9
0ed6
11c4
1546
1914
1d8f
24ba
2da0
37a4
43db
012c
0183
0193
01a3
01b4
01c6
01e7
020a
023f
027a
02b4
02f3
0357
03c8
0435
04ae
0567
063e
071a
0815
0992
0b54
0d0d
0f08
11f5
1574
1940
1db9
24df
2dbe
37b9
43e3
0164
01bb
01cb
01dc
01ee
0200
0221
0245
027a
02b4
02ef
032f
0393
0403
0471
04ea
05a4
0679
0755
084f
09cb
0b8b
0d42
0f3b
1227
15a5
1970
1de6
2508
2dde
37d0
43eb
01a6
01fb
020c
021d
022f
0241
0263
0287
02bb
02f3
032f
036f
03d3
0442
04b0
0529
05e3
06b7
0793
088b
0a06
0bc3
0d79
0f6e
125b
15d5
19a0
1e13
2531
2dfe
37e7
43f3
0205
025c
026d
027f
0290
02a2
02c4
02e8
031e
0357
0393
03d3
0436
04a4
0511
0588
0644
0717
07f4
08ec
0a67
0c22
0dd5
0fc6
12b4
162c
19f5
1e62
257a
2e3a
3813
4406
0279
02d1
02e1
02f1
0302
0313
0335
0359
038f
03c8
0403
0442
04a4
050e
057a
05ef
06aa
077e
085b
0952
0acd
0c83
0e35
1020
130e
1685
1a4a
1eb1
25c3
2e76
3840
4419
02e5
033c
034d
035d
036e
0380
03a2
03c6
03fc
0435
0471
04b0
0511
057a
05e9
0660
071c
07ed
08c8
09bc
0b37
0cec
0e93
106e
1366
16e7
1aab
1f0c
2618
2ebe
3877
4434
0363
03b9
03c9
03d9
03ea
03fb
041d
0440
0476
04ae
04ea
0529
0588
05ef
0660
06da
0794
0862
093b
0a2a
0ba6
0d59
0ef3
10bd
13bf
174b
1b0c
1f68
266e
2f06
38ad
444f
041c
0472
0482
0493
04a4
04b5
04d7
04fb
0530
0567
05a4
05e3
0644
06aa
071c
0794
0850
091f
09f8
0ae7
0c62
0e11
0fa8
116c
146f
17f7
1bb3
2006
2703
2f87
3914
448b
04fc
054f
055f
0570
0580
0591
05b2
05d4
0608
063e
0679
06b7
0717
077e
07ed
0862
091f
09ec
0ac4
0bb0
0d29
0ed3
1065
1222
1525
18a7
1c5f
20a7
279b
3009
397b
44c7
05d7
062a
063b
064c
065c
066d
068e
06b0
06e5
071a
0755
0793
07f4
085b
08c8
093b
09f9
0ac4
0b9f
0c8a
0dfd
0f99
1133
12f6
15f7
1971
1d1c
214f
2843
30aa
3a01
4522
06d8
072a
073a
074a
075a
076b
078c
07ad
07e0
0815
084f
088b
08ec
0952
09bc
0a2a
0ae7
0bb0
0c8a
0d75
0edd
106b
120b
13d4
16d1
1a41
1dde
21fb
28ee
314d
3a88
457e
0853
08a5
08b6
08c6
08d7
08e7
0908
0929
095d
0992
09cb
0a06
0a67
0acd
0b37
0ba6
0c62
0d29
0dfd
0edd
1040
11c3
136a
1537
1833
1b9b
1f30
233d
2a27
326c
3b83
463d
0a1f
0a6f
0a80
0a90
0aa0
0ab0
0ad0
0aef
0b21
0b54
0b8b
0bc3
0c22
0c83
0cec
0d59
0e11
0ed3
0f99
106b
11c3
1339
14e3
16b3
19ab
1d07
2091
248a
2b69
3392
3c82
46fe
0bd9
0c28
0c38
0c48
0c58
0c68
0c87
0ca7
0cd9
0d0d
0d42
0d79
0dd5
0e35
0e93
0ef3
0fa7
1065
1133
120b
1369
14e3
168e
185a
1b50
1ea3
222a
2618
2ce6
34eb
3db9
47fe
0ddd
0e2a
0e39
0e48
0e56
0e65
0e85
0ea4
0ed6
0f08
0f3b
0f6e
0fc6
1020
106e
10bd
116c
1222
12f6
13d4
1537
16b3
185a
1a20
1d11
2056
23d6
27b7
2e70
364e
3ef7
4901
10cf
111a
1129
1138
1147
1156
1174
1193
11c4
11f5
1228
125b
12b4
130e
1366
13bf
146f
1525
15f7
16d1
1833
19ab
1b50
1d11
1ff6
2324
26af
2a95
3148
3909
4187
4b49
1460
14a7
14b5
14c3
14d1
14df
14fc
1518
1546
1574
15a5
15d5
162c
1685
16e7
174b
17f7
18a7
1971
1a41
1b9b
1d07
1ea3
2056
2324
2631
29c2
2da8
344d
3be9
4433
4da3
1835
187a
1887
1894
18a2
18b0
18cb
18e7
1914
1940
1970
19a0
19f5
1a4a
1aaa
1b0c
1bb4
1c5f
1d1c
1dde
1f30
2091
222a
23d6
26af
29c2
2d48
311b
37c8
3f5d
477e
50a9
1cc3
1d01
1d0e
1d1a
1d27
1d33
1d4d
1d66
1d8f
1db9
1de6
1e13
1e62
1eb1
1f0c
1f68
2006
20a7
214f
21fb
233d
248a
2618
27b7
2a95
2da8
311b
34d1
3b7e
4305
4af1
53cd
2401
2439
2444
244f
245a
2466
247d
2494
24ba
24df
2508
2531
257a
25c3
2618
266e
2703
279b
2843
28ee
2a27
2b69
2ce6
2e70
3148
344d
37c8
3b7e
41ee
4910
50be
593a
2d12
2d3c
2d44
2d4d
2d55
2d5e
2d71
2d83
2da0
2dbe
2dde
2dfe
2e3a
2e76
2ebe
2f06
2f87
3009
30aa
314d
326c
3392
34eb
364e
3909
3be9
3f5d
4305
4910
4fa7
56fe
5f02
3742
375e
3764
376a
376f
3775
3782
3790
37a4
37b9
37d0
37e7
3813
3840
3877
38ad
3914
397b
3a01
3a88
3b83
3c82
3db9
3ef7
4187
4433
477d
4af1
50be
56fe
5e0e
65b1
43c0
43c5
43c7
43c8
43ca
43cc
43d0
43d4
43db
43e3
43eb
43f3
4406
4419
4434
444f
448b
44c7
4522
457e
463d
46fe
47fe
4901
4b49
4da3
50a9
53cd
593a
5f02
65b1
6cd8
003c
008e
009c
00ad
00bf
00d2
00f3
0117
0149
0183
01bb
01fb
025c
02d1
033c
03b9
0472
054f
062a
072a
08a5
0a6f
0c28
0e2a
111a
14a7
187a
1d01
2439
2d3c
375e
43c5
008e
00e3
00f3
0104
0115
0128
0148
016b
019f
01d9
0211
0251
02b3
0325
0391
040c
04c5
05a1
067e
077d
08fa
0ac1
0c78
0e76
1165
14ec
18be
1d41
2472
2d68
377d
43cf
009c
00f3
0103
0113
0125
0138
0158
017c
01af
01e9
0222
0261
02c3
0336
03a2
041c
04d6
05b1
068e
078d
090a
0ad1
0c88
0e85
1174
14fa
18cb
1d4d
247d
2d70
3782
43d0
00ad
0104
0113
0124
0136
0149
0169
018d
01c0
01fa
0233
0272
02d5
0347
03b3
042d
04e7
05c2
069f
079d
091a
0ae1
0c98
0e94
1182
1508
18d8
1d59
2488
2d78
3788
43d1
00bf
0115
0125
0135
0148
015b
017b
019f
01d2
020b
0245
0284
02e6
0358
03c4
043e
04f9
05d3
06af
07ad
092a
0af1
0ca8
0ea3
1191
1515
18e5
1d65
2492
2d81
378e
43d2
00d2
0128
0138
0149
015b
016d
018e
01b2
01e5
021d
0257
0296
02f8
036a
03d6
044f
050a
05e4
06c0
07bd
093a
0b01
0cb8
0eb2
11a0
1523
18f2
1d71
249d
2d89
3794
43d4
00f3
0148
0158
0169
017b
018e
01af
01d2
0205
023f
0278
02b7
031a
038b
03f8
0471
052c
0605
06e1
07dd
095b
0b21
0cd7
0ed2
11bf
1540
190f
1d8b
24b5
2d9c
37a1
43d8
0117
016b
017c
018d
019f
01b2
01d2
01f5
0229
0261
029b
02db
033e
03ae
041b
0494
054f
0626
0703
07fe
097c
0b41
0cf8
0ef1
11de
155e
192b
1da6
24cd
2daf
37ae
43dd
0149
019f
01af
01c0
01d2
01e5
0206
0229
025c
0295
02d0
0310
0374
03e3
0450
04cb
0585
065c
0738
0831
09ae
0b70
0d27
0f20
120e
158c
1958
1dce
24f1
2dcb
37c2
43e4
0183
01d9
01e9
01fa
020b
021d
023f
0261
0295
02ce
0309
034a
03ac
041b
0489
0503
05bd
0693
076e
0866
09e2
0ba0
0d58
0f50
123e
15bb
1984
1df7
2516
2de7
37d6
43ec
01bb
0211
0222
0233
0245
0257
0278
029b
02d0
0309
0345
0384
03e8
0457
04c4
053d
05f8
06cd
07a8
08a0
0a1c
0bd9
0d8e
0f83
1270
15eb
19b4
1e24
253f
2e08
37ed
43f3
01fb
0251
0261
0272
0284
0296
02b7
02db
0310
034a
0384
03c3
0427
0495
0503
057a
0635
0708
07e5
08dc
0a58
0c12
0dc5
0fb5
12a3
161c
19e4
1e52
2569
2e29
3804
43fa
025c
02b3
02c3
02d5
02e7
02f8
031b
033e
0374
03ac
03e8
0427
048a
04f7
0564
05db
0697
076a
0846
093c
0ab7
0c6f
0e1d
1005
12f7
1672
1a38
1e9f
25b0
2e64
3830
440d
02d1
0325
0336
0347
0358
036a
038b
03ae
03e3
041b
0457
0495
04f7
0560
05cd
0644
06ff
07d0
08ac
09a0
0b1a
0cce
0e77
1057
134c
16c9
1a8c
1eed
25f8
2e9e
385b
4421
033c
0391
03a2
03b3
03c4
03d6
03f8
041b
0451
0489
04c5
0503
0564
05cd
063d
06b4
076f
083e
0919
0a0a
0b86
0d39
0ed9
10ad
13a7
172b
1aeb
1f47
264d
2ee6
3892
443c
03b9
040c
041c
042d
043e
044f
0471
0494
04cb
0503
053d
057a
05db
0644
06b4
072c
07e5
08b1
098a
0a79
0bf5
0da8
0f3e
1103
1404
178e
1b4c
1fa2
26a2
2f2e
38c9
4458
0472
04c5
04d6
04e7
04f9
050a
052c
054f
0585
05bd
05f8
0635
0697
06ff
076f
07e5
08a0
096d
0a47
0b36
0cb0
0e5c
0ff1
11b3
14b4
1837
1bf2
203f
2736
2fad
392e
4493
054f
05a1
05b1
05c2
05d3
05e4
0605
0626
065c
0693
06cd
0708
076a
07d0
083e
08b1
096d
0a39
0b13
0bff
0d76
0f1a
10ad
1269
1569
18e6
1c9b
20df
27cc
302e
3993
44cf
062a
067e
068e
069f
06b0
06c0
06e1
0703
0738
076e
07a8
07e5
0846
08ac
0919
098a
0a48
0b13
0bed
0cd8
0e43
0fd6
1173
133b
163a
19b0
1d57
2182
2870
30cd
3a18
4529
072a
077d
078d
079d
07ad
07bd
07dd
07fe
0831
0866
08a0
08dc
093c
09a0
0a0a
0a79
0b36
0bff
0cd8
0dc1
0f1d
109b
1244
1417
1712
1a80
1e16
2228
2917
316e
3a9e
4583
08a5
08fa
0909
091a
092a
093a
095b
097c
09ae
09e2
0a1c
0a58
0ab7
0b1a
0b86
0bf5
0cb0
0d76
0e43
0f1d
107d
11fe
13a8
1579
1874
1bd8
1f68
236c
2a50
328c
3b97
4641
0a6f
0ac1
0ad1
0ae1
0af1
0b01
0b21
0b41
0b70
0ba0
0bd9
0c12
0c6f
0cce
0d39
0da8
0e5c
0f1a
0fd6
109b
11fe
137e
1527
16f5
19ea
1d41
20c8
24bc
2b93
33b0
3c95
4702
0c28
0c78
0c88
0c98
0ca8
0cb8
0cd7
0cf8
0d27
0d58
0d8e
0dc5
0e1d
0e77
0eda
0f3e
0ff1
10ad
1173
1244
13a8
1527
16d0
189a
1b8e
1edb
225e
2647
2d0e
3506
3dca
4800
0e2a
0e76
0e85
0e94
0ea3
0eb2
0ed2
0ef1
0f20
0f50
0f83
0fb5
1005
1057
10ad
1103
11b3
1269
133b
1417
1579
16f5
189a
1a5f
1d4b
208b
2408
27e4
2e95
3666
3f05
4902
111a
1165
1174
1182
1191
11a0
11bf
11de
120e
123e
1270
12a3
12f7
134c
13a7
1404
14b4
1569
163a
1712
1874
19ea
1b8e
1d4b
202d
2356
26dd
2abe
3168
391d
4193
4b4a
14a7
14ec
14fa
1508
1515
1523
1540
155e
158c
15bb
15eb
161c
1672
16c9
172b
178e
1837
18e6
19b0
1a80
1bd8
1d41
1edb
208b
2356
265f
29eb
2dcc
3467
3bf7
443b
4da3
187a
18be
18cb
18d8
18e5
18f2
190f
192b
1958
1984
19b4
19e4
1a38
1a8c
1aeb
1b4c
1bf2
1c9b
1d56
1e16
1f68
20c8
225e
2408
26dd
29eb
2d6d
3139
37de
3f67
4783
50a9
1d01
1d41
1d4d
1d59
1d65
1d71
1d8b
1da6
1dce
1df7
1e24
1e52
1e9f
1eed
1f47
1fa2
203f
20df
2182
2228
236c
24bc
2647
27e4
2abe
2dcc
3139
34e8
3b8e
430a
4af4
53cd
2439
2472
247d
2488
2493
249d
24b6
24cd
24f1
2516
253f
2569
25b1
25f8
264d
26a2
2736
27cc
2870
2917
2a50
2b93
2d0e
2e95
3169
3467
37de
3b8e
41f8
4913
50c0
593b
2d3c
2d68
2d70
2d78
2d81
2d89
2d9c
2daf
2dcb
2de7
2e08
2e29
2e64
2e9e
2ee6
2f2e
2fad
302e
30cd
316e
328c
33b0
3506
3666
391d
3bf7
3f67
430a
4913
4fa8
56ff
5f02
375e
377d
3782
3788
378e
3794
37a0
37ae
37c2
37d6
37ed
3804
3830
385b
3892
38c9
392e
3993
3a18
3a9e
3b98
3c95
3dca
3f05
4193
443b
4783
4af4
50c0
56ff
5e0e
65b1
43c5
43cf
43d0
43d1
43d2
43d4
43d8
43dd
43e4
43ec
43f3
43fa
440d
4421
443c
4458
4493
44cf
4529
4583
4641
4702
4800
4902
4b4a
4da3
50a9
53cd
593b
5f02
65b1
6cd8
0048
009c
00ac
00bc
00ce
00e1
0102
0127
0159
0193
01cb
020c
026d
02e1
034d
03c9
0482
055f
063b
073a
08b6
0a80
0c38
0e39
1129
14b5
1887
1d0e
2444
2d44
3764
43c7
009c
00f3
0103
0113
0125
0138
0158
017c
01af
01e9
0222
0261
02c3
0336
03a2
041c
04d6
05b1
068e
078d
090a
0ad1
0c88
0e85
1174
14fa
18cb
1d4d
247d
2d70
3782
43d0
00ac
0103
0113
0123
0135
0148
0168
018d
01bf
01f9
0233
0272
02d4
0346
03b2
042d
04e7
05c2
069f
079d
091a
0ae1
0c97
0e94
1182
1508
18d8
1d59
2488
2d78
3788
43d1
00bc
0113
0123
0134
0146
0159
0179
019e
01d1
020a
0244
0283
02e5
0357
03c4
043d
04f8
05d2
06af
07ad
092a
0af1
0ca8
0ea3
1191
1516
18e5
1d66
2493
2d81
378e
43d3
00ce
0125
0135
0146
0158
016b
018c
01af
01e3
021b
0255
0295
02f7
0369
03d5
044e
0509
05e3
06c0
07bd
093a
0b01
0cb7
0eb2
11a0
1523
18f2
1d72
249e
2d8a
3794
43d4
00e1
0138
0148
0159
016b
017d
019e
01c2
01f5
022e
0267
02a6
0309
037a
03e6
0460
051b
05f4
06d1
07ce
094b
0b11
0cc7
0ec1
11af
1532
1901
1d7e
24a9
2d92
379a
43d5
0102
0158
0168
0179
018c
019e
01bf
01e3
0216
024f
0289
02c8
032b
039c
0409
0482
053c
0615
06f2
07ee
096b
0b30
0ce7
0ee1
11ce
154f
191d
1d98
24c1
2da5
37a7
43d9
0127
017c
018d
019e
01af
01c2
01e3
0206
0239
0272
02ac
02ec
034f
03bf
042c
04a5
055f
0637
0713
080e
098c
0b50
0d07
0f00
11ed
156d
1939
1db2
24d9
2db8
37b4
43de
0159
01af
01c0
01d1
01e3
01f5
0216
0239
026d
02a6
02e1
0322
0385
03f4
0462
04db
0596
066c
0748
0841
09be
0b80
0d36
0f2f
121c
159b
1965
1dda
24fc
2dd4
37c8
43e6
0193
01e9
01f9
020a
021b
022e
024f
0272
02a6
02df
031b
035a
03be
042c
049a
0514
05ce
06a3
077e
0876
09f2
0bb0
0d67
0f5f
124d
15c8
1991
1e03
2521
2def
37dc
43ed
01cb
0222
0233
0244
0255
0267
0289
02ac
02e1
031b
0356
0395
03f9
0468
04d5
054f
0609
06dd
07b9
08b0
0a2c
0be8
0d9e
0f91
127e
15f9
19c2
1e30
254a
2e11
37f3
43f4
020c
0261
0272
0283
0295
02a6
02c8
02ec
0322
035a
0395
03d4
0438
04a6
0514
058b
0646
071a
07f5
08ec
0a68
0c21
0dd4
0fc4
12b1
162a
19f2
1e5e
2574
2e32
380a
43fc
026d
02c3
02d4
02e6
02f7
0309
032c
034f
0385
03be
03f9
0438
049b
0508
0575
05ec
06a8
077a
0856
094c
0ac7
0c7e
0e2b
1012
1304
167f
1a45
1eab
25bb
2e6c
3835
440f
02e1
0336
0346
0357
0369
037a
039c
03bf
03f4
042c
0468
04a6
0508
0571
05df
0654
070f
07e0
08bc
09b0
0b2a
0cdd
0e85
1062
1358
16d7
1a99
1ef9
2603
2ea7
3861
4422
034d
03a2
03b2
03c4
03d5
03e6
0409
042c
0462
049a
04d6
0514
0575
05df
064d
06c4
077f
084e
0929
0a1a
0b95
0d49
0ee7
10b9
13b4
1738
1af8
1f53
2657
2eee
3897
443e
03c9
041c
042d
043d
044e
0460
0482
04a5
04db
0514
054f
058b
05ec
0654
06c4
073b
07f5
08c1
099b
0a89
0c05
0db7
0f4c
1111
1413
179c
1b59
1fad
26ac
2f36
38ce
4459
0482
04d6
04e7
04f8
0509
051b
053c
055f
0596
05ce
0609
0646
06a7
070f
077f
07f5
08b1
097d
0a57
0b45
0cc0
0e6b
0fff
11c1
14c2
1845
1bff
204a
2740
2fb5
3933
4494
055f
05b1
05c2
05d2
05e3
05f4
0615
0637
066c
06a3
06dd
071a
077a
07e0
084e
08c1
097d
0a49
0b23
0c0f
0d85
0f29
10bb
1277
1577
18f3
1ca8
20eb
27d6
3035
3998
44d0
063b
068e
069f
06af
06c0
06d1
06f2
0713
0748
077e
07b9
07f5
0857
08bc
0929
099b
0a58
0b23
0bfd
0ce7
0e52
0fe4
1181
1349
1648
19bd
1d63
218d
287a
30d4
3a1d
452a
073a
078d
079d
07ad
07bd
07ce
07ee
080e
0841
0876
08b0
08ec
094c
09b0
0a1a
0a89
0b45
0c0f
0ce7
0dd0
0f2b
10a8
1251
1424
171f
1a8d
1e22
2232
2920
3175
3aa3
4585
08b6
090a
0919
092a
093a
094b
096b
098c
09be
09f2
0a2c
0a68
0ac7
0b2a
0b95
0c05
0cc0
0d85
0e52
0f2b
108b
120b
13b5
1586
1881
1be4
1f73
2376
2a59
3292
3b9c
4643
0a80
0ad1
0ae1
0af1
0b01
0b11
0b30
0b50
0b80
0bb0
0be8
0c21
0c7e
0cdd
0d49
0db7
0e6b
0f29
0fe4
10a8
120b
138c
1534
1702
19f7
1d4d
20d3
24c6
2b9b
33b5
3c98
4703
0c38
0c88
0c97
0ca8
0cb7
0cc7
0ce7
0d07
0d36
0d67
0d9d
0dd4
0e2b
0e85
0ee7
0f4c
1000
10bb
1181
1251
13b5
1534
16dd
18a7
1b9a
1ee6
2269
2651
2d16
350c
3dcd
4801
0e39
0e85
0e94
0ea3
0eb2
0ec1
0ee1
0f00
0f2f
0f5f
0f91
0fc4
1012
1062
10b9
1111
11c1
1277
1349
1424
1586
1702
18a7
1a6b
1d57
2096
2412
27ed
2e9d
366b
3f08
4902
1129
1174
1182
1191
11a0
11af
11ce
11ed
121c
124d
127e
12b1
1304
1358
13b4
1413
14c2
1577
1647
171f
1881
19f7
1b9a
1d57
2038
2360
26e7
2ac6
316f
3921
4195
4b4a
14b5
14fa
1508
1516
1523
1532
154f
156d
159b
15c8
15f9
162a
167f
16d7
1738
179c
1845
18f3
19bd
1a8d
1be4
1d4d
1ee6
2096
2360
2669
29f4
2dd3
346d
3bfa
443d
4da3
1887
18cb
18d8
18e5
18f2
1901
191d
1939
1965
1991
19c1
19f2
1a45
1a99
1af8
1b59
1bff
1ca8
1d63
1e22
1f73
20d3
2268
2412
26e7
29f4
2d74
313f
37e2
3f6a
4785
50a9
1d0e
1d4d
1d59
1d66
1d72
1d7e
1d98
1db2
1dda
1e03
1e30
1e5e
1eab
1ef9
1f53
1fad
204a
20eb
218d
2232
2376
24c6
2651
27ed
2ac6
2dd3
313f
34ed
3b92
430c
4af5
53cd
2444
247d
2488
2493
249e
24a9
24c1
24d9
24fc
2521
254a
2574
25bc
2603
2657
26ac
2740
27d6
2879
2920
2a59
2b9b
2d16
2e9d
316f
346d
37e2
3b92
41fb
4914
50c0
593b
2d44
2d70
2d78
2d81
2d8a
2d92
2da5
2db8
2dd4
2def
2e11
2e32
2e6c
2ea7
2eee
2f36
2fb5
3035
30d4
3175
3292
33b5
350c
366b
3921
3bfa
3f6a
430c
4914
4fa8
56ff
5f02
3764
3782
3788
378e
3794
379a
37a7
37b4
37c8
37dc
37f3
380a
3836
3861
3897
38ce
3933
3998
3a1d
3aa3
3b9c
3c98
3dcd
3f08
4195
443d
4785
4af5
50c0
56ff
5e0e
65b1
43c7
43d0
43d1
43d3
43d4
43d5
43d9
43de
43e6
43ed
43f4
43fc
440f
4422
443e
4459
4494
44d0
452a
4585
4643
4703
4801
4902
4b4a
4da3
50a9
53cd
593b
5f02
65b1
6cd8
0057
00ad
00bc
00cc
00de
00f2
0113
0137
0169
01a3
01dd
021d
027e
02f1
035d
03d9
0493
0570
064b
074a
08c6
0a90
0c48
0e48
1138
14c3
1895
1d1a
244f
2d4d
376a
43c8
00ad
0104
0113
0124
0136
0149
0169
018d
01c0
01fa
0233
0272
02d5
0347
03b3
042d
04e7
05c2
069f
079d
091a
0ae1
0c98
0e94
1182
1508
18d8
1d59
2488
2d78
3788
43d1
00bc
0113
0123
0134
0146
0159
0179
019e
01d0
020a
0244
0283
02e5
0357
03c4
043d
04f8
05d2
06af
07ad
092a
0af1
0ca8
0ea3
1191
1516
18e5
1d66
2493
2d81
378e
43d3
00cc
0124
0134
0145
0157
016a
018b
01af
01e2
021b
0255
0294
02f6
0369
03d5
044e
0509
05e3
06c0
07bd
093a
0b01
0cb8
0eb2
11a1
1524
18f3
1d72
249e
2d8a
3794
43d4
00de
0136
0146
0157
0169
017b
019d
01c0
01f4
022d
0266
02a6
0308
037a
03e6
045f
051a
05f4
06d1
07ce
094b
0b11
0cc7
0ec1
11af
1532
1901
1d7f
24aa
2d93
379a
43d6
00f2
0149
0159
016a
017b
018e
01af
01d3
0206
023f
0279
02b7
031a
038b
03f7
0471
052c
0605
06e2
07de
095c
0b21
0cd7
0ed1
11bf
1540
190f
1d8b
24b6
2d9c
37a0
43d7
0113
0169
0179
018b
019d
01af
01d0
01f4
0227
0260
029a
02d9
033c
03ad
041a
0493
054e
0626
0702
07fe
097c
0b40
0cf7
0ef0
11dd
155e
192b
1da6
24cd
2daf
37ad
43dc
0137
018d
019e
01af
01c0
01d3
01f4
0217
024a
0284
02bd
02fd
0360
03d0
043d
04b6
0570
0648
0724
081f
099d
0b5f
0d16
0f0f
11fd
157c
1947
1dbf
24e4
2dc1
37ba
43e0
0169
01c0
01d1
01e2
01f4
0206
0227
024a
027f
02b7
02f2
0333
0396
0406
0473
04ec
05a7
067d
0759
0852
09cf
0b8f
0d46
0f3e
122b
15a9
1973
1de7
2508
2ddd
37ce
43e7
01a3
01fa
020a
021b
022d
023f
0260
0284
02b7
02f0
032c
036c
03cf
043d
04ac
0525
05df
06b3
078f
0886
0a02
0bc0
0d77
0f6e
125b
15d6
199f
1e0f
252c
2df9
37e2
43ef
01dd
0233
0244
0255
0266
0279
029a
02bd
02f2
032c
0367
03a6
040b
0479
04e7
0560
061a
06ee
07ca
08c1
0a3c
0bf8
0dad
0fa0
128d
1607
19cf
1e3d
2556
2e19
37f9
43f6
021d
0272
0283
0294
02a6
02b7
02d9
02fd
0333
036c
03a6
03e5
0449
04b7
0525
059c
0657
072b
0807
08fd
0a78
0c31
0de4
0fd3
12c0
1639
1a00
1e6b
257f
2e3a
3810
43fe
027e
02d5
02e5
02f7
0308
031a
033d
0360
0396
03cf
040a
0449
04ad
0519
0586
05fd
06b9
078b
0867
095c
0ad7
0c8d
0e3a
101e
1311
168e
1a52
1eb8
25c6
2e75
383b
4411
02f1
0347
0357
0369
037a
038b
03ad
03d0
0406
043d
0479
04b7
0519
0582
05f0
0665
0720
07f0
08cc
09bf
0b3a
0ced
0e92
106c
1363
16e4
1aa6
1f05
260e
2eaf
3867
4424
035d
03b3
03c4
03d5
03e6
03f7
041a
043d
0473
04ac
04e7
0525
0586
05f0
065e
06d5
078f
085e
0939
0a2a
0ba5
0d58
0ef5
10c5
13c2
1746
1b05
1f5f
2662
2ef7
389d
443f
03d9
042d
043d
044e
045f
0471
0493
04b6
04ec
0525
0560
059c
05fd
0665
06d5
074b
0805
08d2
09ab
0a99
0c15
0dc6
0f5b
1120
1421
17aa
1b66
1fb9
26b7
2f3f
38d4
445a
0493
04e7
04f8
0509
051a
052c
054e
0570
05a7
05df
061a
0657
06b8
0720
078f
0805
08c1
098d
0a67
0b55
0ccf
0e7a
100f
11cf
14d0
1853
1c0c
2056
274b
2fbd
3938
4496
0570
05c2
05d2
05e3
05f4
0605
0626
0648
067d
06b3
06ee
072b
078b
07f0
085e
08d2
098d
0a59
0b33
0c1f
0d95
0f38
10ca
1286
1585
1901
1cb6
20f7
27e1
303d
399e
44d2
064b
069f
06af
06c0
06d1
06e2
0702
0724
0758
078f
07ca
0807
0867
08cc
0939
09ab
0a68
0b33
0c0d
0cf7
0e61
0ff2
118f
1357
1655
19ca
1d6f
2198
2884
30dc
3a23
452c
074a
079d
07ad
07bd
07ce
07de
07fe
081f
0852
0886
08c1
08fd
095c
09bf
0a2a
0a99
0b55
0c1f
0cf7
0dde
0f39
10b5
125e
1432
172d
1a9a
1e2e
223d
2929
317d
3aa8
4587
08c6
091a
092a
093a
094b
095c
097c
099d
09ce
0a02
0a3c
0a78
0ad7
0b3a
0ba5
0c15
0ccf
0d95
0e61
0f39
1099
1219
13c3
1594
188e
1bf1
1f7f
2380
2a62
3299
3ba0
4644
0a90
0ae1
0af1
0b01
0b11
0b21
0b40
0b5f
0b8f
0bc0
0bf8
0c31
0c8d
0ced
0d58
0dc6
0e7a
0f38
0ff2
10b5
1219
139a
1542
170f
1a03
1d59
20de
24d0
2ba4
33bb
3c9c
4704
0c48
0c98
0ca8
0cb8
0cc7
0cd7
0cf7
0d16
0d46
0d77
0dad
0de4
0e3a
0e92
0ef5
0f5b
100f
10ca
118f
125e
13c3
1542
16eb
18b5
1ba6
1ef2
2273
265b
2d1e
3512
3dd1
4802
0e48
0e94
0ea3
0eb2
0ec1
0ed1
0ef0
0f0f
0f3e
0f6e
0fa0
0fd3
101e
106c
10c5
1120
11cf
1286
1357
1432
1594
170f
18b5
1a78
1d63
20a0
241c
27f6
2ea5
3671
3f0c
4903
1138
1182
1191
11a1
11af
11bf
11dd
11fd
122b
125b
128d
12c0
1311
1363
13c1
1421
14d0
1585
1655
172d
188e
1a03
1ba6
1d63
2043
236b
26f0
2ace
3176
3926
4198
4b4b
14c3
1508
1516
1524
1532
1540
155e
157c
15a9
15d6
1607
1639
168e
16e4
1746
17aa
1853
1901
19ca
1a9a
1bf1
1d59
1ef2
20a0
236b
2673
29fd
2dda
3473
3bfd
443f
4da3
1895
18d8
18e5
18f3
1901
190f
192b
1947
1973
199f
19cf
1a00
1a52
1aa6
1b05
1b66
1c0c
1cb6
1d6f
1e2e
1f7f
20de
2273
241c
26f0
29fd
2d7c
3146
37e7
3f6c
4786
50a9
1d1a
1d59
1d66
1d72
1d7f
1d8b
1da6
1dbf
1de7
1e0f
1e3d
1e6b
1eb8
1f05
1f5f
1fb9
2056
20f7
2198
223d
2380
24d0
265b
27f6
2ace
2dda
3146
34f2
3b96
430e
4af7
53cd
244f
2488
2493
249e
24aa
24b6
24cd
24e4
2508
252c
2556
257f
25c7
260e
2662
26b7
274b
27e1
2883
2929
2a62
2ba4
2d1e
2ea5
3176
3473
37e7
3b96
41fd
4916
50c1
593b
2d4d
2d78
2d81
2d8a
2d93
2d9c
2daf
2dc1
2ddd
2df9
2e19
2e3a
2e75
2eaf
2ef7
2f3f
2fbd
303d
30dc
317d
3299
33bb
3512
3671
3926
3bfd
3f6c
430e
4916
4fa9
56ff
5f02
376a
3788
378e
3794
379a
37a0
37ad
37ba
37ce
37e2
37f9
3810
383c
3867
389d
38d4
3938
399e
3a22
3aa8
3ba1
3c9c
3dd1
3f0c
4198
443f
4786
4af7
50c1
56ff
5e0e
65b1
43c8
43d1
43d3
43d4
43d6
43d7
43dc
43e0
43e7
43ef
43f6
43fe
4411
4424
443f
445a
4496
44d2
452c
4587
4644
4704
4802
4903
4b4b
4da3
50a9
53cd
593b
5f02
65b1
6cd8
0069
00bf
00ce
00de
00f0
0103
0124
0149
017b
01b4
01ee
022f
0290
0302
036f
03ea
04a4
0580
065c
075a
08d7
0aa0
0c58
0e56
1147
14d1
18a2
1d27
245a
2d55
376f
43ca
00bf
0115
0125
0135
0148
015b
017b
019f
01d2
020b
0245
0284
02e6
0358
03c4
043e
04f9
05d3
06af
07ad
092a
0af1
0ca8
0ea3
1191
1515
18e5
1d65
2492
2d81
378e
43d2
00ce
0125
0135
0146
0158
016b
018c
01af
01e2
021c
0255
0295
02f7
0369
03d5
044e
0509
05e3
06c0
07bd
093a
0b01
0cb7
0eb2
11a0
1524
18f3
1d72
249e
2d89
3794
43d4
00de
0135
0146
0157
0169
017b
019d
01c0
01f4
022d
0266
02a6
0308
037a
03e6
045f
051a
05f4
06d1
07ce
094b
0b11
0cc7
0ec1
11b0
1532
1901
1d7f
24aa
2d93
379a
43d6
00f0
0148
0158
0169
017a
018d
01ae
01d2
0205
023e
0278
02b7
031a
038b
03f7
0470
052b
0604
06e1
07de
095c
0b21
0cd7
0ed1
11be
1540
190f
1d8b
24b6
2d9c
37a0
43d7
0103
015b
016b
017b
018d
01a0
01c1
01e4
0217
0250
028a
02c9
032c
039c
0409
0482
053d
0615
06f2
07ef
096c
0b31
0ce7
0ee0
11ce
154f
191d
1d98
24c2
2da6
37a7
43d9
0124
017b
018c
019d
01ae
01c1
01e2
0205
0239
0272
02ac
02eb
034e
03bf
042b
04a4
055f
0637
0713
080f
098c
0b50
0d06
0eff
11ed
156c
1939
1db3
24d9
2db8
37b3
43de
0149
019f
01af
01c0
01d2
01e4
0205
0229
025c
0295
02d0
030e
0372
03e2
044e
04c7
0581
0659
0735
082f
09ad
0b6f
0d26
0f1f
120c
158a
1956
1dcc
24f0
2dca
37c0
43e2
017b
01d2
01e3
01f4
0205
0217
0239
025c
0291
02ca
0304
0344
03a7
0417
0484
04fe
05b8
068d
076a
0862
09df
0b9f
0d56
0f4d
123b
15b7
1980
1df4
2514
2de6
37d4
43e9
01b4
020b
021c
022d
023e
0250
0272
0295
02ca
0302
033d
037d
03e1
044f
04be
0537
05f0
06c4
079f
0896
0a12
0bcf
0d86
0f7d
126a
15e3
19ac
1e1b
2537
2e02
37e8
43f0
01ee
0245
0255
0266
0278
028a
02ab
02d0
0304
033d
0379
03b8
041c
048a
04f9
0571
062b
06ff
07da
08d1
0a4c
0c08
0dbc
0fae
129c
1615
19dd
1e49
2561
2e22
37ff
43f8
022f
0284
0295
02a6
02b7
02c9
02eb
030e
0344
037d
03b8
03f7
045b
04c8
0536
05ad
0668
073c
0818
090e
0a88
0c40
0df3
0fe1
12cf
1648
1a0e
1e77
258a
2e43
3816
4400
0290
02e6
02f7
0308
031a
032c
034e
0372
03a7
03e1
041c
045b
04be
052a
0598
060e
06ca
079c
0877
096c
0ae7
0c9d
0e48
102b
131e
169c
1a60
1ec4
25d1
2e7d
3841
4413
0302
0358
0369
037a
038b
039c
03bf
03e2
0417
044f
048a
04c8
052a
0594
0601
0676
0731
0800
08dc
09cf
0b49
0cfd
0e9f
1076
136f
16f1
1ab3
1f11
2619
2eb8
386c
4425
036f
03c4
03d5
03e6
03f7
0409
042b
044e
0485
04be
04f9
0536
0598
0601
066f
06e5
07a0
086e
0949
0a3a
0bb5
0d67
0f03
10d1
13cf
1754
1b12
1f6b
266c
2eff
38a2
4441
03ea
043e
044e
045f
0470
0482
04a4
04c7
04fe
0537
0571
05ad
060e
0676
06e5
075b
0816
08e2
09bb
0aa9
0c24
0dd5
0f6a
112e
1430
17b8
1b74
1fc5
26c1
2f47
38d9
445b
04a4
04f9
0509
051a
052b
053d
055f
0581
05b8
05f0
062c
0668
06ca
0731
07a0
0816
08d1
099e
0a77
0b65
0cdf
0e8a
101d
11dd
14de
1861
1c19
2063
2755
2fc5
393e
4497
0580
05d3
05e3
05f4
0604
0615
0637
0659
068d
06c4
06ff
073c
079c
0800
086e
08e2
099e
0a69
0b43
0c2f
0da5
0f47
10d8
1294
1593
190f
1cc3
2103
27eb
3045
39a3
44d3
065c
06af
06c0
06d1
06e1
06f2
0713
0735
0769
079f
07da
0818
0878
08dc
0949
09bb
0a78
0b43
0c1c
0d06
0e6f
1000
119e
1364
1663
19d7
1d7c
21a3
288d
30e3
3a28
452e
075a
07ad
07bd
07ce
07de
07ef
080f
082f
0862
0896
08d1
090e
096c
09cf
0a3a
0aa9
0b65
0c2f
0d06
0ded
0f47
10c2
126c
143f
173b
1aa7
1e3a
2247
2932
3184
3aad
4589
08d7
092a
093a
094b
095c
096c
098c
09ad
09df
0a12
0a4c
0a88
0ae7
0b49
0bb5
0c24
0cdf
0da5
0e6f
0f47
10a6
1226
13d1
15a2
189b
1bfd
1f8a
238a
2a6b
32a0
3ba5
4646
0aa0
0af1
0b01
0b11
0b21
0b31
0b50
0b6f
0b9f
0bcf
0c08
0c40
0c9d
0cfd
0d67
0dd5
0e8a
0f47
1000
10c2
1226
13a8
1550
171c
1a10
1d65
20e9
24da
2bac
33c1
3ca0
4705
0c58
0ca8
0cb7
0cc7
0cd7
0ce7
0d06
0d26
0d56
0d86
0dbc
0df3
0e48
0e9f
0f03
0f6a
101d
10d8
119e
126c
13d1
1550
16f8
18c2
1bb2
1efd
227e
2665
2d26
3517
3dd4
4803
0e56
0ea3
0eb2
0ec1
0ed1
0ee0
0eff
0f1f
0f4d
0f7d
0fae
0fe1
102b
1076
10d1
112e
11dd
1294
1364
143f
15a2
171c
18c2
1a85
1d6f
20ab
2426
2800
2eac
3676
3f0f
4904
1147
1191
11a0
11b0
11be
11ce
11ed
120c
123b
126a
129c
12cf
131e
136f
13ce
1430
14de
1593
1663
173b
189b
1a10
1bb2
1d6f
204e
2375
26fa
2ad7
317c
392a
419a
4b4b
14d1
1515
1524
1532
1540
154f
156c
158a
15b7
15e3
1615
1648
169c
16f1
1754
17b8
1861
190f
19d7
1aa7
1bfd
1d65
1efd
20ab
2375
267c
2a06
2de2
3478
3c00
4441
4da3
18a2
18e5
18f3
1901
190f
191d
1939
1956
1980
19ac
19dc
1a0e
1a60
1ab3
1b12
1b74
1c19
1cc3
1d7c
1e3a
1f8a
20e9
227e
2426
26fa
2a06
2d83
314c
37eb
3f6f
4788
50a9
1d27
1d65
1d72
1d7f
1d8b
1d98
1db3
1dcc
1df4
1e1b
1e49
1e77
1ec4
1f11
1f6b
1fc5
2063
2103
21a3
2247
238a
24da
2665
2800
2ad7
2de2
314c
34f7
3b99
4310
4af8
53cd
245a
2492
249e
24aa
24b6
24c2
24d9
24f0
2514
2537
2561
258a
25d2
2619
266d
26c1
2755
27eb
288d
2932
2a6b
2bac
2d26
2eac
317c
3478
37ec
3b99
4200
4917
50c2
593b
2d55
2d81
2d89
2d93
2d9c
2da6
2db8
2dca
2de6
2e02
2e22
2e43
2e7d
2eb8
2eff
2f47
2fc5
3045
30e3
3184
32a0
33c1
3517
3676
392a
3c00
3f6f
4310
4917
4fa9
56ff
5f02
376f
378e
3794
379a
37a0
37a7
37b4
37c0
37d4
37e8
37ff
3816
3842
386c
38a3
38d9
393e
39a3
3a27
3aad
3ba5
3ca0
3dd5
3f0f
419a
4441
4788
4af8
50c2
56ff
5e0e
65b1
43ca
43d2
43d4
43d6
43d7
43d9
43de
43e2
43e9
43f0
43f8
4400
4413
4425
4441
445b
4497
44d3
452e
4589
4646
4705
4803
4904
4b4b
4da3
50a9
53cd
593b
5f02
65b1
6cd8
007e
00d2
00e1
00f2
0103
0116
0137
015c
018d
01c6
0200
0241
02a2
0313
0380
03fb
04b5
0591
066d
076b
08e7
0ab0
0c68
0e65
1156
14df
18b0
1d33
2466
2d5e
3775
43cc
00d2
0128
0138
0149
015b
016d
018e
01b2
01e5
021d
0257
0296
02f8
036a
03d6
044f
050a
05e4
06c0
07bd
093a
0b01
0cb8
0eb2
11a0
1523
18f2
1d71
249d
2d89
3794
43d4
00e1
0138
0148
0159
016b
017d
019e
01c2
01f5
022e
0267
02a6
0309
037a
03e6
0460
051b
05f4
06d1
07ce
094b
0b11
0cc7
0ec1
11af
1532
1901
1d7e
24a9
2d92
379a
43d5
00f2
0149
0159
016a
017b
018e
01af
01d3
0206
023f
0279
02b7
031a
038b
03f7
0471
052c
0605
06e2
07de
095c
0b21
0cd7
0ed1
11bf
1540
190f
1d8b
24b6
2d9c
37a0
43d7
0103
015b
016b
017b
018d
01a0
01c1
01e4
0217
0250
028a
02c9
032c
039c
0409
0482
053d
0615
06f2
07ef
096c
0b31
0ce7
0ee0
11ce
154f
191d
1d98
24c2
2da6
37a7
43d9
0116
016d
017d
018e
01a0
01b2
01d3
01f6
022a
0262
029c
02db
033e
03ae
041b
0493
054e
0626
0703
0800
097d
0b41
0cf7
0ef0
11dd
155e
192b
1da6
24ce
2daf
37ad
43dc
0137
018e
019e
01af
01c0
01d3
01f4
0217
024b
0284
02be
02fd
0360
03d0
043d
04b6
0570
0648
0725
0820
099d
0b60
0d16
0f0f
11fc
157b
1947
1dc0
24e5
2dc1
37ba
43e0
015c
01b2
01c2
01d3
01e4
01f6
0217
023b
026e
02a7
02e2
0321
0384
03f3
0460
04d8
0593
066a
0746
0840
09bd
0b7f
0d35
0f2e
121b
159a
1964
1dd9
24fc
2dd3
37c7
43e4
018d
01e5
01f5
0206
0217
022a
024b
026e
02a3
02dc
0317
0356
03ba
0429
0496
050f
05c9
069e
077b
0873
09f0
0bae
0d65
0f5c
124a
15c5
198e
1e00
251f
2def
37db
43eb
01c6
021d
022e
023f
0250
0262
0284
02a7
02dc
0314
034f
038f
03f3
0462
04d0
0549
0602
06d5
07b0
08a7
0a22
0bdf
0d96
0f8c
1278
15f2
19b9
1e27
2542
2e0b
37ee
43f2
0200
0257
0267
0278
028a
029c
02bd
02e2
0317
034f
038b
03ca
042e
049c
050a
0582
063d
0710
07eb
08e1
0a5d
0c17
0dcc
0fbe
12ab
1624
19eb
1e56
256c
2e2b
3805
43fa
0241
0296
02a6
02b7
02c9
02db
02fd
0321
0356
038f
03ca
0409
046d
04da
0548
05bf
067a
074d
0829
091e
0a99
0c50
0e02
0ff0
12de
1656
1a1c
1e84
2596
2e4c
381c
4402
02a2
02f8
0309
031b
032c
033e
0360
0384
03ba
03f3
042e
046d
04d0
053b
05a9
0620
06db
07ad
0888
097d
0af7
0cad
0e56
1037
132c
16aa
1a6d
1ed0
25dc
2e86
3847
4415
0313
036a
037a
038b
039c
03ae
03d0
03f3
0429
0462
049c
04da
053b
05a5
0612
0688
0742
0811
08ec
09df
0b59
0d0c
0eac
1080
137b
16ff
1ac0
1f1d
2624
2ec0
3873
4427
0380
03d6
03e6
03f7
0409
041b
043d
0460
0496
04d0
050a
0548
05a9
0612
0681
06f6
07b0
087f
0959
0a4a
0bc5
0d77
0f11
10dd
13dc
1762
1b20
1f77
2677
2f08
38a8
4442
03fb
044f
0460
0471
0482
0493
04b6
04d8
050f
0549
0582
05bf
0620
0688
06f6
076c
0826
08f3
09cb
0ab9
0c34
0de5
0f7a
113c
143e
17c7
1b81
1fd1
26cc
2f4f
38df
445d
04b5
050a
051b
052b
053c
054e
0570
0593
05c9
0602
063d
067a
06db
0742
07b1
0826
08e2
09ae
0a88
0b76
0cee
0e99
102c
11ec
14ed
186f
1c27
206f
2760
2fcd
3943
4499
0591
05e4
05f4
0605
0615
0626
0648
066a
069e
06d5
0710
074d
07ad
0811
087f
08f3
09ae
0a79
0b53
0c3f
0db4
0f56
10e7
12a2
15a1
191c
1cd0
210f
27f6
304d
39a9
44d5
066d
06c0
06d1
06e2
06f2
0703
0725
0746
077a
07b0
07eb
0829
0889
08ec
0959
09cb
0a88
0b53
0c2c
0d16
0e7f
100f
11ac
1373
1671
19e5
1d88
21af
2897
30eb
3a2d
4530
076b
07bd
07ce
07de
07ef
0800
0820
0840
0873
08a7
08e1
091e
097d
09df
0a4a
0ab9
0b76
0c3f
0d16
0dfc
0f55
10d0
1279
144d
1748
1ab4
1e46
2251
293c
318b
3ab3
458b
08e7
093a
094b
095c
096c
097d
099d
09bd
09ef
0a22
0a5d
0a99
0af7
0b59
0bc5
0c34
0cef
0db4
0e7f
0f55
10b5
1234
13de
15af
18a8
1c0a
1f96
2395
2a74
32a6
3ba9
4647
0ab0
0b01
0b11
0b21
0b31
0b41
0b60
0b7f
0bae
0bdf
0c17
0c50
0cad
0d0c
0d77
0de5
0e99
0f56
100f
10d0
1234
13b6
155e
1729
1a1d
1d71
20f5
24e4
2bb5
33c7
3ca4
4706
0c68
0cb8
0cc7
0cd7
0ce7
0cf7
0d16
0d35
0d65
0d96
0dcb
0e02
0e56
0eac
0f11
0f7a
102c
10e7
11ac
1279
13de
155e
1706
18cf
1bbf
1f09
2289
266f
2d2e
351d
3dd8
4804
0e65
0eb2
0ec1
0ed1
0ee0
0ef0
0f0f
0f2e
0f5c
0f8c
0fbe
0ff0
1037
1080
10dd
113c
11ec
12a2
1373
144d
15af
1729
18cf
1a92
1d7b
20b6
2430
2809
2eb4
367b
3f13
4905
1156
11a0
11af
11bf
11ce
11dd
11fc
121b
124a
1278
12ab
12de
132c
137b
13db
143e
14ed
15a1
1671
1748
18a8
1a1d
1bbf
1d7b
205a
2380
2703
2ae0
3183
392e
419d
4b4c
14df
1523
1532
1540
154f
155e
157b
159a
15c5
15f2
1624
1656
16aa
16ff
1762
17c7
186f
191c
19e5
1ab4
1c0a
1d71
1f09
20b6
2380
2686
2a0f
2de9
347e
3c03
4443
4da4
18b0
18f2
1901
190f
191d
192b
1947
1964
198e
19b9
19eb
1a1c
1a6d
1ac0
1b20
1b81
1c27
1cd0
1d88
1e46
1f96
20f5
2289
2430
2703
2a0f
2d8b
3152
37f0
3f72
4789
50aa
1d33
1d71
1d7e
1d8b
1d98
1da6
1dc0
1dd9
1e00
1e27
1e56
1e84
1ed0
1f1d
1f77
1fd1
206f
210f
21af
2251
2395
24e4
266f
2809
2ae0
2de9
3152
34fc
3b9d
4313
4af9
53ce
2466
249d
24a9
24b6
24c1
24ce
24e5
24fc
251f
2542
256c
2596
25dd
2624
2678
26cc
2760
27f6
2897
293c
2a74
2bb5
2d2e
2eb4
3183
347e
37f1
3b9d
4203
4919
50c3
593b
2d5e
2d89
2d92
2d9c
2da6
2daf
2dc1
2dd3
2def
2e0b
2e2b
2e4c
2e86
2ec0
2f08
2f4f
2fcd
304d
30eb
318b
32a6
33c7
351d
367b
392e
3c03
3f72
4313
4919
4fa9
5700
5f03
3775
3794
379a
37a0
37a7
37ad
37ba
37c7
37db
37ee
3805
381c
3848
3873
38a9
38df
3943
39a9
3a2d
3ab3
3baa
3ca4
3dd9
3f13
419d
4443
4789
4af9
50c3
5700
5e0f
65b1
43cc
43d4
43d5
43d7
43d9
43dc
43e0
43e4
43eb
43f2
43fa
4402
4415
4427
4442
445d
4499
44d5
4530
458b
4647
4706
4804
4905
4b4c
4da4
50aa
53ce
593b
5f03
65b1
6cd9
009c
00f3
0102
0112
0124
0137
0158
017c
01ae
01e7
0221
0263
02c4
0335
03a2
041d
04d7
05b2
068e
078c
0908
0ad0
0c87
0e85
1174
14fc
18cc
1d4d
247d
2d71
3782
43d0
00f3
0148
0158
0169
017b
018e
01af
01d2
0205
023f
0278
02b7
031a
038b
03f8
0471
052c
0605
06e1
07dd
095b
0b21
0cd7
0ed2
11bf
1540
190f
1d8b
24b5
2d9c
37a1
43d8
0102
0158
0169
0179
018c
019e
01bf
01e3
0216
024f
0289
02c8
032b
039c
0409
0482
053c
0615
06f2
07ed
096b
0b30
0ce7
0ee1
11ce
154f
191d
1d98
24c1
2da5
37a7
43d9
0112
0169
017a
018b
019d
01af
01d0
01f4
0227
0260
029a
02d9
033c
03ad
041a
0493
054e
0626
0702
07fe
097c
0b40
0cf7
0ef0
11dd
155e
192b
1da5
24cd
2daf
37ad
43dc
0124
017b
018c
019d
01ae
01c0
01e2
0205
0239
0271
02ac
02eb
034e
03bf
042b
04a4
055f
0637
0713
080f
098c
0b50
0d06
0eff
11ed
156d
1939
1db2
24d9
2db8
37b3
43de
0137
018e
019e
01af
01c0
01d3
01f4
0217
024b
0284
02be
02fd
0360
03d0
043d
04b6
0570
0648
0725
0820
099d
0b60
0d16
0f0f
11fc
157b
1947
1dc0
24e5
2dc1
37ba
43e0
0158
01af
01bf
01d0
01e2
01f4
0215
0239
026c
02a5
02e0
031f
0382
03f2
045f
04d8
0593
0669
0745
0840
09bd
0b7e
0d35
0f2d
121a
1599
1963
1dd9
24fb
2dd3
37c7
43e4
017c
01d2
01e3
01f4
0205
0217
0239
025d
0290
02c8
0303
0343
03a6
0415
0482
04fb
05b5
068b
0767
0860
09dc
0b9d
0d54
0f4b
1239
15b6
197f
1df2
2513
2de6
37d4
43e9
01ae
0205
0216
0227
0239
024b
026d
0290
02c4
02fd
0338
0378
03db
044a
04b8
0531
05eb
06bf
079b
0893
0a0f
0bce
0d84
0f7a
1267
15e1
19aa
1e19
2536
2e01
37e7
43f0
01e7
023f
024f
0260
0271
0284
02a5
02c8
02fd
0336
0371
03b0
0414
0483
04f1
0569
0622
06f5
07d1
08c8
0a43
0bff
0db5
0fa9
1295
160c
19d4
1e41
255a
2e1c
37fa
43f6
0221
0278
0289
029a
02ab
02be
02df
0303
0338
0371
03ac
03eb
044f
04be
052b
05a3
065d
0730
080c
0903
0a7e
0c37
0deb
0fda
12c7
163f
1a05
1e6f
2583
2e3c
3812
43fe
0263
02b7
02c8
02d9
02eb
02fd
031f
0343
0378
03b0
03eb
0429
048e
04fc
0569
05df
069a
076d
0849
093e
0ab9
0c71
0e21
100c
12fb
1672
1a36
1e9d
25ad
2e5d
3829
4407
02c4
031a
032b
033d
034e
0360
0382
03a6
03db
0414
044f
048e
04f1
055d
05ca
0640
06fb
07cd
08a9
099e
0b18
0ccc
0e73
1051
1346
16c4
1a88
1eea
25f3
2e97
3853
4419
0335
038b
039c
03ad
03bf
03d0
03f2
0415
044a
0483
04be
04fc
055d
05c6
0633
06a8
0762
0831
090d
0a00
0b7a
0d2b
0ec8
1097
1393
1718
1ada
1f37
263a
2ed0
387e
442c
03a2
03f8
0409
041a
042b
043d
045f
0482
04b8
04f1
052b
0569
05ca
0633
06a1
0716
07d1
089f
0979
0a6a
0be5
0d96
0f2e
10f8
13f6
177c
1b3a
1f8f
268d
2f18
38b4
4446
041d
0471
0482
0493
04a4
04b6
04d8
04fb
0531
0569
05a3
05df
0640
06a8
0716
078d
0847
0913
09eb
0ad8
0c53
0e03
0f98
115a
145b
17e1
1b9a
1fe8
26e1
2f5f
38ea
4461
04d7
052c
053c
054e
055f
0570
0593
05b5
05eb
0622
065d
069a
06fb
0762
07d1
0847
0903
09ce
0aa8
0b94
0d0d
0eb6
1049
1209
1509
188a
1c40
2085
2774
2fdd
394e
449d
05b2
0605
0615
0626
0637
0648
0669
068b
06bf
06f5
0730
076d
07cd
0831
089f
0913
09ce
0a99
0b72
0c5d
0dd1
0f72
1104
12be
15bd
1937
1ce8
2125
2809
305c
39b4
44d9
068e
06e1
06f2
0702
0713
0725
0745
0767
079b
07d1
080c
0849
08a9
090d
0979
09eb
0aa8
0b72
0c4b
0d34
0e9c
102b
11c8
138f
168c
19fe
1da1
21c5
28ab
30fa
3a37
4533
078c
07dd
07ed
07fe
080f
0820
0840
0860
0893
08c8
0903
093e
099e
0a00
0a6a
0ad8
0b94
0c5d
0d34
0e1a
0f73
10ec
1296
1469
1762
1acb
1e5d
2267
294f
319a
3abd
458d
0908
095b
096b
097c
098c
099d
09bd
09dc
0a0f
0a43
0a7e
0ab9
0b18
0b7a
0be5
0c53
0d0d
0dd1
0e9c
0f73
10d1
1250
13f9
15ca
18c2
1c22
1fac
23aa
2a86
32b4
3bb2
4649
0ad0
0b21
0b30
0b40
0b50
0b60
0b7e
0b9d
0bce
0bff
0c37
0c71
0ccc
0d2b
0d96
0e03
0eb6
0f72
102b
10ec
1250
13d1
1578
1743
1a36
1d88
210b
24f8
2bc6
33d3
3cac
4708
0c87
0cd7
0ce7
0cf7
0d06
0d16
0d35
0d54
0d84
0db5
0dea
0e21
0e73
0ec8
0f2f
0f98
1049
1104
11c8
1296
13f9
1578
1720
18e8
1bd8
1f1f
229e
2682
2d3e
3528
3de0
4805
0e85
0ed2
0ee1
0ef0
0eff
0f0f
0f2d
0f4b
0f7a
0fa9
0fda
100c
1051
1097
10f8
115a
1209
12be
138f
1469
15ca
1743
18e8
1aab
1d93
20cc
2445
281d
2ec4
3686
3f1a
4907
1174
11bf
11ce
11dd
11ed
11fc
121a
1239
1267
1295
12c7
12fb
1346
1393
13f6
145b
1509
15bd
168c
1762
18c2
1a36
1bd7
1d93
2070
2394
2716
2af1
3191
3937
41a3
4b4d
14fc
1540
154f
155e
156d
157b
1599
15b6
15e1
160c
163f
1672
16c4
1718
177c
17e1
188a
1937
19fe
1acb
1c22
1d88
1f1f
20cc
2394
2699
2a20
2df9
3489
3c0a
4446
4da4
18cc
190f
191d
192b
1939
1947
1964
197f
19aa
19d4
1a05
1a36
1a88
1ada
1b3a
1b9a
1c40
1ce8
1da1
1e5d
1fac
210b
229f
2445
2716
2a20
2d9a
315f
37fa
3f77
478c
50aa
1d4d
1d8b
1d98
1da5
1db2
1dc0
1dd9
1df2
1e19
1e41
1e6f
1e9d
1eea
1f37
1f8f
1fe8
2085
2125
21c5
2267
23aa
24f8
2682
281d
2af1
2df9
315f
3506
3ba4
4316
4afb
53ce
247d
24b5
24c1
24cd
24d9
24e5
24fb
2513
2536
255a
2583
25ad
25f3
263a
268d
26e1
2774
2809
28ab
294f
2a86
2bc6
2d3e
2ec4
3191
3489
37fa
3ba4
4208
491b
50c4
593c
2d71
2d9c
2da5
2daf
2db8
2dc1
2dd3
2de6
2e01
2e1c
2e3c
2e5d
2e97
2ed0
2f18
2f5f
2fdd
305c
30fa
319a
32b4
33d3
3528
3686
3937
3c0a
3f77
4316
491b
4faa
5700
5f03
3782
37a1
37a7
37ad
37b4
37ba
37c7
37d4
37e7
37fa
3812
3829
3854
387e
38b4
38ea
394e
39b4
3a37
3abd
3bb2
3cac
3de0
3f1a
41a3
4446
478c
4afb
50c4
5700
5e0f
65b1
43d0
43d8
43d9
43dc
43de
43e0
43e4
43e9
43f0
43f6
43fe
4407
4419
442c
4446
4461
449d
44d9
4533
458d
4649
4708
4805
4907
4b4d
4da4
50aa
53ce
593c
5f03
65b1
6cd9
00c1
0117
0127
0137
0149
015c
017c
01a0
01d2
020a
0245
0287
02e8
0359
03c6
0440
04fb
05d4
06b0
07ad
0929
0aef
0ca7
0ea4
1193
1518
18e7
1d66
2494
2d83
3790
43d4
0117
016b
017c
018d
019f
01b2
01d2
01f5
0229
0261
029b
02db
033e
03ae
041b
0494
054f
0626
0703
07fe
097c
0b41
0cf8
0ef1
11de
155e
192b
1da6
24cd
2daf
37ae
43dd
0127
017c
018d
019e
01af
01c2
01e3
0206
0239
0272
02ac
02ec
034f
03bf
042c
04a5
055f
0637
0713
080e
098c
0b50
0d07
0f00
11ed
156d
1939
1db2
24d9
2db8
37b4
43de
0137
018d
019e
01af
01c0
01d3
01f4
0217
024a
0284
02bd
02fd
0360
03d0
043d
04b6
0570
0648
0724
081f
099d
0b5f
0d16
0f0f
11fd
157c
1947
1dbf
24e4
2dc1
37ba
43e0
0149
019f
01af
01c0
01d2
01e4
0205
0229
025c
0295
02d0
030e
0372
03e2
044e
04c7
0581
0659
0735
082f
09ad
0b6f
0d26
0f1f
120c
158a
1956
1dcc
24f0
2dca
37c0
43e2
015c
01b2
01c2
01d3
01e4
01f6
0217
023b
026e
02a7
02e2
0321
0384
03f3
0460
04d8
0593
066a
0746
0840
09bd
0b7f
0d35
0f2e
121b
159a
1964
1dd9
24fc
2dd3
37c7
43e4
017c
01d2
01e3
01f4
0205
0217
0239
025d
0290
02c8
0303
0343
03a6
0415
0482
04fb
05b5
068b
0767
0860
09dc
0b9d
0d54
0f4b
1239
15b6
197f
1df2
2513
2de6
37d4
43e9
01a0
01f5
0206
0217
0229
023b
025d
0282
02b3
02e9
0326
0367
03c9
0437
04a5
051e
05d8
06ad
0788
087f
09fc
0bbc
0d72
0f69
1257
15d3
199b
1e0b
252a
2df9
37e2
43ee
01d2
0229
023a
024b
025c
026e
0290
02b3
02e7
031f
035b
039b
03fe
046d
04da
0553
060d
06e1
07bd
08b4
0a30
0bed
0da3
0f97
1284
15fd
19c5
1e33
254d
2e13
37f4
43f5
020a
0261
0272
0284
0295
02a7
02c8
02e9
031f
0358
0393
03d2
0436
04a5
0512
058a
0644
0716
07f2
08e9
0a64
0c1f
0dd3
0fc6
12b1
1627
19ef
1e5b
2571
2e2d
3807
43fb
0245
029b
02ac
02bd
02cf
02e2
0303
0326
035b
0393
03ce
040d
0472
04e0
054d
05c4
067f
0751
082d
0924
0a9f
0c58
0e09
0ff7
12e4
165a
1a20
1e89
259a
2e4e
381e
4403
0287
02db
02ec
02fd
030e
0321
0343
0367
039b
03d2
040d
044b
04b0
051e
058a
0600
06bb
078e
086a
095f
0ada
0c91
0e40
1029
1317
168e
1a52
1eb6
25c3
2e6f
3836
440c
02e8
033e
034f
0360
0372
0384
03a6
03c9
03fe
0436
0472
04b0
0513
057f
05ec
0661
071d
07ed
08ca
09be
0b39
0cec
0e91
106b
1361
16e0
1aa2
1f03
2609
2ea8
3860
441e
0359
03ae
03bf
03d0
03e2
03f3
0415
0437
046d
04a5
04e0
051e
057f
05e7
0654
06c8
0783
0851
092d
0a21
0b9a
0d4a
0ee4
10af
13ac
1733
1af4
1f50
2650
2ee1
388a
4430
03c6
041b
042c
043d
044e
0460
0482
04a5
04da
0512
054d
058a
05ec
0654
06c2
0738
07f2
08bf
099a
0a8a
0c04
0db4
0f4b
1112
1411
1797
1b53
1fa7
26a3
2f28
38bf
444b
0440
0494
04a5
04b6
04c7
04d8
04fb
051e
0553
058a
05c4
0600
0661
06c8
0738
07ae
0868
0933
0a0b
0af7
0c73
0e21
0fb6
1178
1478
17fc
1bb4
1fff
26f6
2f6f
38f6
4465
04fb
054f
055f
0570
0582
0593
05b5
05d8
060d
0644
067f
06bb
071c
0783
07f2
0868
0923
09ef
0ac7
0bb3
0d2b
0ed4
1067
1226
1526
18a4
1c59
209c
2788
2fed
395a
44a1
05d4
0626
0637
0648
0659
066a
068b
06ad
06e1
0716
0751
078e
07ed
0851
08bf
0933
09ef
0ab9
0b91
0c7b
0def
0f8e
1120
12db
15d9
1952
1d02
213b
281d
306d
39bf
44dc
06b0
0703
0713
0724
0735
0746
0767
0788
07bd
07f2
082d
086a
08ca
092d
099a
0a0b
0ac7
0b91
0c6a
0d52
0eba
1047
11e5
13ab
16a7
1a17
1db9
21db
28bf
310a
3a42
4536
07ad
07fe
080e
081f
082f
0840
0860
087f
08b4
08e9
0924
095f
09be
0a21
0a8a
0af7
0bb3
0c7b
0d52
0e38
0f90
1109
12b2
1484
177d
1ae3
1e74
227d
2963
31aa
3ac7
4590
0929
097c
098b
099c
09ad
09bd
09dc
09fc
0a30
0a64
0a9f
0ada
0b39
0b9a
0c04
0c73
0d2b
0def
0eb9
0f90
10ee
126b
1415
15e4
18dc
1c39
1fc3
23bf
2a99
32c1
3bbb
464c
0aef
0b41
0b50
0b5f
0b6f
0b7f
0b9d
0bbc
0bed
0c1f
0c58
0c91
0cec
0d4a
0db4
0e21
0ed4
0f8e
1047
1109
126b
13eb
1592
175d
1a4f
1da0
2121
250d
2bd7
33df
3cb4
470a
0ca7
0cf8
0d07
0d16
0d26
0d35
0d54
0d72
0da3
0dd3
0e09
0e40
0e91
0ee4
0f4c
0fb6
1067
1120
11e5
12b2
1415
1592
173a
1902
1bf0
1f36
22b4
2696
2d4f
3534
3de7
4807
0ea4
0ef1
0f00
0f0f
0f1f
0f2e
0f4b
0f69
0f97
0fc6
0ff7
1029
106b
10af
1112
1178
1226
12db
13ab
1484
15e4
175d
1902
1ac5
1dab
20e1
2459
2830
2ed4
3691
3f21
4908
1193
11de
11ed
11fd
120c
121b
1239
1257
1284
12b1
12e4
1317
1361
13ac
1411
1478
1526
15d9
16a7
177d
18db
1a4f
1bf0
1dab
2087
23a9
2729
2b02
319f
3940
41a8
4b4e
1518
155e
156d
157c
158a
159a
15b6
15d3
15fd
1627
165a
168e
16e0
1733
1797
17fc
18a4
1952
1a17
1ae3
1c39
1da0
1f36
20e1
23a9
26ac
2a31
2e08
3495
3c10
444a
4da5
18e7
192b
1939
1947
1956
1964
1980
199b
19c5
19ef
1a20
1a52
1aa2
1af4
1b53
1bb4
1c59
1d02
1db9
1e74
1fc3
2121
22b4
2459
2729
2a31
2daa
316c
3803
3f7c
4790
50ab
1d66
1da6
1db2
1dbf
1dcc
1dd9
1df2
1e0b
1e33
1e5b
1e89
1eb6
1f03
1f50
1fa7
1fff
209c
213b
21db
227d
23bf
250d
2696
2830
2b02
2e08
316c
3511
3bac
431a
4afe
53cf
2494
24cd
24d9
24e4
24f0
24fc
2513
252a
254d
2571
259a
25c3
260a
2650
26a3
26f6
2789
281d
28bf
2963
2a99
2bd7
2d4f
2ed4
319f
3495
3803
3bac
420d
491e
50c6
593c
2d83
2daf
2db8
2dc1
2dca
2dd3
2de6
2df9
2e13
2e2d
2e4e
2e6f
2ea8
2ee1
2f28
2f6f
2fed
306d
310a
31aa
32c1
33df
3534
3691
3940
3c10
3f7c
431a
491e
4fac
5701
5f03
3790
37ae
37b4
37ba
37c1
37c7
37d5
37e2
37f4
3807
381e
3836
3860
388a
38bf
38f6
395a
39bf
3a42
3ac7
3bbb
3cb4
3de7
3f21
41a8
444a
4790
4afe
50c6
5701
5e10
65b2
43d4
43dd
43de
43e0
43e2
43e4
43e9
43ee
43f5
43fb
4403
440c
441e
4430
444b
4465
44a1
44dc
4536
4590
464c
470a
4807
4908
4b4e
4da5
50ab
53cf
593c
5f03
65b2
6cd9
00f1
0149
0159
0169
017b
018d
01ae
01d2
0206
023f
027a
02bb
031e
038f
03fb
0476
0530
0608
06e4
07e0
095d
0b21
0cd9
0ed6
11c4
1546
1914
1d8f
24ba
2da0
37a4
43db
0149
019f
01af
01c0
01d2
01e5
0206
0229
025c
0295
02d0
0310
0374
03e3
0450
04cb
0585
065c
0738
0831
09ae
0b70
0d27
0f20
120e
158c
1958
1dce
24f1
2dcb
37c2
43e4
0159
01af
01bf
01d1
01e2
01f5
0216
023a
026d
02a6
02e1
0321
0385
03f4
0462
04db
0596
066c
0748
0841
09be
0b80
0d36
0f2f
121d
159b
1965
1dda
24fd
2dd4
37c8
43e6
0169
01c0
01d1
01e2
01f4
0206
0227
024b
027f
02b7
02f3
0332
0396
0406
0473
04ec
05a7
067d
0758
0851
09ce
0b8f
0d46
0f3e
122c
15a9
1973
1de7
2508
2ddd
37ce
43e7
017b
01d2
01e3
01f4
0205
0217
0239
025c
0290
02ca
0304
0344
03a7
0417
0485
04fe
05b8
068e
076a
0862
09df
0b9f
0d56
0f4d
123b
15b7
1980
1df4
2514
2de6
37d4
43e9
018d
01e5
01f5
0206
0217
022a
024b
026e
02a3
02dc
0317
0356
03ba
0429
0496
050f
05c9
069e
077b
0873
09f0
0bae
0d65
0f5c
124a
15c5
198e
1e00
251f
2def
37db
43eb
01ae
0206
0216
0227
0239
024b
026c
0290
02c4
02fd
0338
0378
03db
044a
04b8
0531
05eb
06bf
079b
0893
0a0f
0bce
0d84
0f7a
1267
15e1
19aa
1e19
2536
2e01
37e7
43f0
01d2
0229
023a
024b
025c
026e
0290
02b3
02e7
031f
035b
039b
03fe
046d
04da
0553
060d
06e1
07bd
08b4
0a30
0bed
0da3
0f97
1284
15fd
19c5
1e33
254d
2e13
37f4
43f5
0206
025c
026d
027f
0291
02a3
02c4
02e7
031c
0354
0390
03d0
0433
04a2
050f
0588
0642
0714
07f1
08e7
0a63
0c1e
0dd2
0fc4
12b1
1628
19ef
1e5b
2571
2e2e
3807
43fb
023f
0295
02a6
02b7
02ca
02dc
02fd
031f
0354
038c
03c8
0408
046b
04d9
0547
05bf
0678
074a
0826
091c
0a97
0c50
0e03
0ff2
12de
1654
1a1a
1e83
2595
2e4a
381b
4402
027a
02d0
02e1
02f2
0304
0317
0338
035b
0390
03c8
0403
0442
04a7
0514
0581
05f8
06b3
0785
0861
0957
0ad1
0c88
0e36
101f
130e
1688
1a4b
1eb0
25be
2e6b
3833
440a
02bb
0310
0321
0332
0344
0356
0378
039b
03d0
0408
0442
0480
04e5
0553
05bf
0634
06ef
07c1
089d
0992
0b0c
0cc2
0e6b
104c
133f
16bb
1a7d
1ede
25e7
2e8c
384b
4413
031e
0374
0385
0396
03a7
03ba
03db
03fe
0433
046b
04a7
04e5
0548
05b3
0620
0695
0751
0821
08fd
09f0
0b6a
0d1d
0ebd
1092
138b
170c
1acd
1f2a
262d
2ec5
3874
4425
038f
03e3
03f4
0406
0417
0429
044a
046d
04a2
04d9
0514
0553
05b3
061a
0688
06fd
07b7
0885
0960
0a51
0bcb
0d7a
0f11
10da
13d8
175f
1b1e
1f77
2674
2efe
389e
4437
03fb
0450
0462
0473
0485
0496
04b8
04da
0510
0547
0581
05bf
0620
0688
06f6
076c
0826
08f2
09cc
0abb
0c36
0de5
0f7a
113f
143d
17c2
1b7d
1fce
26c5
2f44
38d3
4451
0476
04cb
04db
04ec
04fe
050f
0531
0553
0588
05bf
05f8
0634
0695
06fd
076c
07e1
089a
0965
0a3d
0b2a
0ca4
0e52
0fe6
11a6
14a5
1826
1bdd
2025
2717
2f8a
3908
446b
0530
0585
0596
05a7
05b8
05c9
05eb
060d
0642
0678
06b3
06ef
0750
07b7
0825
089a
0955
0a20
0af9
0be5
0d5d
0f03
1096
1254
1553
18ce
1c80
20c0
27a9
3007
396c
44a7
0608
065c
066c
067d
068e
069e
06bf
06e1
0714
074a
0785
07c1
0821
0885
08f2
0965
0a20
0aea
0bc3
0cac
0e1f
0fbe
114f
1308
1606
197a
1d28
215e
283d
3086
39d1
44e3
06e4
0738
0748
0758
076a
077b
079b
07bd
07f1
0826
0861
089d
08fd
0960
09cc
0a3d
0af9
0bc3
0c9b
0d83
0eea
1075
1212
13d8
16d3
1a40
1ddf
21fd
28de
3123
3a53
453c
07e0
0831
0841
0851
0862
0873
0893
08b4
08e7
091c
0957
0992
09f0
0a51
0abb
0b2a
0be5
0cac
0d83
0e68
0fbf
1135
12de
14b0
17a7
1b0c
1e9a
229f
2981
31c1
3ad7
4596
095d
09ae
09be
09ce
09df
09f0
0a0f
0a30
0a63
0a97
0ad2
0b0c
0b6b
0bcb
0c36
0ca4
0d5d
0e1f
0ee9
0fbf
111c
1298
1441
1610
1906
1c60
1fe8
23e1
2ab5
32d6
3bc9
4650
0b21
0b70
0b80
0b8f
0b9f
0bae
0bce
0bed
0c1e
0c50
0c88
0cc2
0d1d
0d7a
0de5
0e52
0f03
0fbe
1075
1135
1298
1418
15bf
1789
1a78
1dc5
2144
252e
2bf2
33f1
3cbf
470d
0cd9
0d27
0d36
0d46
0d56
0d65
0d84
0da3
0dd2
0e03
0e37
0e6b
0ebd
0f11
0f7b
0fe6
1096
114f
1212
12de
1441
15bf
1765
192c
1c18
1f59
22d5
26b6
2d69
3545
3df3
480a
0ed6
0f20
0f2f
0f3e
0f4d
0f5c
0f7a
0f97
0fc4
0ff2
101f
104c
1092
10da
113f
11a6
1254
1308
13d8
14b0
1610
1789
192c
1aee
1dd1
2103
247a
284e
2eed
36a3
3f2c
490a
11c4
120e
121c
122b
123b
124a
1267
1284
12b1
12de
130e
133f
138b
13d8
143e
14a5
1553
1606
16d3
17a7
1905
1a78
1c17
1dd1
20aa
23c9
2748
2b1e
31b5
394f
41b2
4b50
1546
158c
159b
15a9
15b7
15c5
15e1
15fd
1628
1654
1688
16bb
170c
175f
17c2
1826
18ce
197a
1a40
1b0c
1c60
1dc5
1f59
2103
23c9
26cb
2a4d
2e20
34a8
3c1c
4452
4da7
1914
1958
1965
1973
1980
198e
19aa
19c5
19ef
1a1a
1a4b
1a7d
1acd
1b1e
1b7d
1bdd
1c81
1d28
1ddf
1e9a
1fe8
2144
22d5
247a
2748
2a4d
2dc3
3181
3813
3f85
4796
50ac
1d8f
1dce
1dda
1de7
1df4
1e00
1e19
1e33
1e5b
1e83
1eb0
1ede
1f2a
1f77
1fce
2025
20c0
215e
21fd
229f
23e1
252e
26b6
284e
2b1e
2e20
3181
3522
3bb8
4320
4b01
53cf
24ba
24f1
24fd
2508
2514
251f
2536
254d
2571
2595
25be
25e7
262d
2674
26c5
2717
27a9
283d
28de
2981
2ab5
2bf2
2d69
2eed
31b6
34a8
3813
3bb8
4216
4921
50c8
593c
2da0
2dcb
2dd4
2ddd
2de6
2def
2e01
2e13
2e2e
2e4a
2e6b
2e8c
2ec5
2efe
2f44
2f8a
3007
3086
3123
31c1
32d6
33f1
3545
36a3
394f
3c1c
3f85
4320
4921
4fac
5702
5f03
37a4
37c2
37c8
37ce
37d5
37db
37e8
37f4
3807
381b
3833
384b
3874
389e
38d3
3908
396c
39d1
3a54
3ad7
3bc9
3cbf
3df3
3f2c
41b2
4452
4796
4b01
50c8
5702
5e10
65b2
43db
43e4
43e6
43e7
43e9
43eb
43f0
43f5
43fb
4402
440a
4413
4425
4437
4451
446b
44a7
44e3
453c
4596
4650
470d
480a
490a
4b50
4da7
50ac
53cf
593c
5f03
65b2
6cd9
012c
0183
0193
01a3
01b4
01c6
01e7
020a
023f
027a
02b4
02f3
0357
03c8
0435
04ae
0567
063e
071a
0815
0992
0b54
0d0d
0f08
11f5
1574
1940
1db9
24df
2dbe
37b9
43e3
0183
01d9
01e9
01fa
020b
021d
023f
0261
0295
02ce
0309
034a
03ac
041b
0489
0503
05bd
0693
076e
0866
09e2
0ba0
0d58
0f50
123e
15bb
1984
1df7
2516
2de7
37d6
43ec
0193
01e9
01f9
020a
021b
022e
024f
0272
02a6
02df
031b
035a
03be
042c
049a
0514
05ce
06a3
077e
0876
09f2
0bb0
0d67
0f5f
124d
15c8
1991
1e03
2521
2def
37dc
43ed
01a3
01fa
020a
021b
022d
023f
0260
0284
02b7
02f0
032c
036c
03cf
043d
04ac
0525
05df
06b3
078f
0886
0a02
0bc0
0d77
0f6e
125b
15d6
199f
1e0f
252c
2df9
37e2
43ef
01b4
020b
021c
022d
023e
0250
0272
0295
02ca
0302
033d
037d
03e1
044f
04be
0537
05f0
06c4
079f
0896
0a12
0bcf
0d86
0f7d
126a
15e3
19ac
1e1b
2537
2e02
37e8
43f0
01c6
021d
022e
023f
0250
0262
0284
02a7
02dc
0314
034f
038f
03f3
0462
04d0
0549
0602
06d5
07b0
08a7
0a22
0bdf
0d96
0f8c
1278
15f2
19b9
1e27
2542
2e0b
37ee
43f2
01e7
023f
024f
0260
0271
0284
02a5
02c8
02fd
0336
0371
03b0
0414
0483
04f1
0569
0622
06f5
07d1
08c8
0a43
0bff
0db5
0fa9
1295
160c
19d4
1e41
255a
2e1c
37fa
43f6
020a
0261
0272
0284
0295
02a7
02c8
02e9
031f
0358
0393
03d2
0436
04a5
0512
058a
0644
0716
07f2
08e9
0a64
0c1f
0dd3
0fc6
12b1
1627
19ef
1e5b
2571
2e2d
3807
43fb
023f
0295
02a6
02b7
02ca
02dc
02fd
031f
0354
038c
03c8
0408
046b
04d9
0547
05bf
0678
074a
0826
091c
0a97
0c50
0e03
0ff2
12de
1654
1a1a
1e83
2595
2e4a
381b
4402
027a
02ce
02df
02f0
0302
0314
0336
0358
038c
03c4
03ff
043f
04a3
050f
057d
05f5
06af
0780
085c
0950
0aca
0c82
0e33
101e
130b
1680
1a45
1eac
25ba
2e67
3830
4408
02b4
0309
031a
032b
033d
034f
0371
0393
03c8
03ff
043b
0479
04de
054b
05b8
062e
06e9
07ba
0896
098a
0b04
0cba
0e64
1046
1339
16b5
1a77
1ed9
25e3
2e88
3847
4411
02f3
034a
035a
036c
037d
038f
03b0
03d2
0408
043f
0479
04b7
051c
0589
05f5
0669
0725
07f6
08d2
09c6
0b40
0cf2
0e96
106f
1367
16e9
1aa9
1f06
260c
2eaa
385f
441a
0357
03ac
03be
03cf
03e1
03f3
0414
0436
046b
04a3
04dd
051c
057f
05e9
0656
06cc
0786
0856
0931
0a23
0b9c
0d4e
0eea
10ba
13b5
173a
1af8
1f52
2652
2ee2
3889
442c
03c8
041b
042c
043d
044f
0462
0483
04a5
04d9
050f
054b
0589
05e9
0650
06be
0733
07ed
08ba
0994
0a83
0bfc
0dab
0f40
1105
1404
178b
1b49
1f9e
2698
2f1a
38b2
443e
0435
0489
049a
04ac
04be
04d0
04f1
0512
0547
057d
05b8
05f5
0656
06be
072c
07a0
085a
0926
09ff
0aed
0c68
0e15
0faa
116c
146a
17ed
1ba6
1ff4
26e8
2f5f
38e7
4458
04ae
0503
0514
0525
0537
0549
0569
058a
05bf
05f5
062e
0669
06cc
0733
07a0
0814
08cd
0997
0a70
0b5c
0cd7
0e84
1016
11d4
14d2
1850
1c05
204b
273a
2fa5
391b
4472
0567
05bd
05ce
05df
05f1
0602
0622
0644
0679
06af
06e9
0725
0787
07ed
085a
08cd
0988
0a52
0b2c
0c18
0d8f
0f34
10c6
1282
157f
18f8
1ca8
20e4
27ca
3022
397f
44ad
063e
0693
06a3
06b3
06c4
06d5
06f5
0716
074a
0780
07ba
07f6
0856
08ba
0926
0997
0a52
0b1c
0bf5
0cde
0e51
0fed
117e
1337
1632
19a4
1d4f
2180
285c
30a0
39e3
44e9
071a
076e
077e
078f
079f
07b0
07d1
07f2
0826
085c
0896
08d2
0931
0994
09ff
0a70
0b2c
0bf5
0ccd
0db4
0f1a
10a3
1241
1405
16ff
1a69
1e05
221f
28fd
313c
3a65
4542
0815
0866
0876
0886
0896
08a7
08c8
08e9
091c
0950
098a
09c6
0a23
0a83
0aed
0b5c
0c18
0cde
0db4
0e98
0fee
1162
130b
14dc
17d3
1b35
1ec0
22c1
299f
31d9
3ae7
459b
0992
09e2
09f2
0a02
0a12
0a22
0a43
0a64
0a97
0aca
0b05
0b40
0b9d
0bfc
0c68
0cd7
0d8f
0e51
0f19
0fee
114b
12c5
146e
163d
1930
1c87
200d
2402
2ad2
32ec
3bd8
4655
0b54
0ba0
0bb0
0bc0
0bcf
0bdf
0bff
0c1f
0c50
0c82
0cba
0cf2
0d4e
0dab
0e15
0e84
0f34
0fed
10a3
1162
12c5
1445
15ec
17b4
1aa1
1de9
2168
254f
2c0d
3403
3ccc
4710
0d0d
0d58
0d67
0d77
0d86
0d96
0db5
0dd3
0e03
0e33
0e64
0e96
0eeb
0f40
0faa
1016
10c6
117e
1240
130b
146e
15ec
1791
1957
1c3f
1f7c
22f8
26d6
2d84
3557
3dff
480d
0f08
0f50
0f5f
0f6e
0f7d
0f8c
0fa9
0fc6
0ff2
101e
1046
106f
10ba
1105
116c
11d4
1282
1337
1405
14dc
163d
17b4
1957
1b17
1df7
2124
249a
286d
2f07
36b5
3f37
490d
11f5
123e
124c
125b
1269
1278
1295
12b1
12de
130b
1339
1367
13b5
1404
146b
14d2
157f
1632
16ff
17d3
192f
1aa1
1c3f
1df7
20ce
23ea
2766
2b3a
31cc
395e
41bc
4b53
1574
15bb
15c8
15d6
15e3
15f2
160c
1627
1654
1680
16b5
16e9
173a
178b
17ed
1850
18f8
19a4
1a69
1b35
1c87
1de9
1f7c
2124
23ea
26ea
2a69
2e39
34bb
3c28
445a
4daa
1940
1984
1991
199f
19ac
19b9
19d4
19ef
1a1a
1a45
1a77
1aa9
1af8
1b49
1ba6
1c05
1ca8
1d4f
1e05
1ec0
200d
2168
22f8
249a
2766
2a69
2ddc
3196
3824
3f8f
479c
50ae
1db9
1df7
1e03
1e0f
1e1b
1e27
1e41
1e5b
1e83
1eac
1ed9
1f06
1f52
1f9e
1ff4
204b
20e4
2180
221f
22c1
2402
254f
26d6
286d
2b3a
2e39
3196
3533
3bc5
4326
4b05
53d0
24df
2516
2521
252c
2537
2542
255a
2571
2595
25ba
25e2
260c
2652
2698
26e8
273a
27ca
285c
28fd
299f
2ad2
2c0d
2d84
2f07
31cc
34bb
3824
3bc5
421f
4925
50cb
593d
2dbe
2de7
2def
2df9
2e02
2e0b
2e1c
2e2d
2e4a
2e67
2e88
2eaa
2ee2
2f1a
2f5f
2fa5
3022
30a0
313c
31d9
32ec
3403
3557
36b5
395e
3c28
3f8f
4326
4925
4fad
5702
5f04
37b9
37d6
37dc
37e2
37e8
37ee
37fb
3807
381b
3830
3847
385f
3889
38b2
38e6
391b
397f
39e3
3a65
3ae7
3bd8
3ccc
3dff
3f37
41bc
445a
479c
4b05
50ca
5702
5e11
65b2
43e3
43ec
43ed
43ef
43f0
43f2
43f6
43fb
4402
4408
4411
441a
442c
443e
4458
4472
44ad
44e9
4542
459b
4655
4710
480d
490d
4b53
4daa
50ae
53d0
593d
5f04
65b2
6cd9
0164
01bb
01cb
01dc
01ee
0200
0221
0245
027a
02b4
02ef
032f
0393
0403
0471
04ea
05a4
0679
0755
084f
09cb
0b8b
0d42
0f3b
1227
15a5
1970
1de6
2508
2dde
37d0
43eb
01bb
0211
0222
0233
0245
0257
0278
029b
02d0
0309
0345
0384
03e8
0457
04c4
053d
05f8
06cd
07a8
08a0
0a1c
0bd9
0d8e
0f83
1270
15eb
19b4
1e24
253f
2e08
37ed
43f3
01cb
0222
0233
0244
0255
0267
0289
02ac
02e1
031a
0356
0395
03f9
0467
04d5
054e
0609
06dd
07b9
08b0
0a2c
0be8
0d9e
0f91
127e
15f9
19c1
1e30
254a
2e11
37f3
43f5
01dc
0233
0244
0255
0266
0278
029a
02bd
02f3
032b
0367
03a6
040b
0479
04e7
055f
061a
06ee
07ca
08c1
0a3c
0bf7
0dad
0fa0
128e
1607
19cf
1e3d
2556
2e19
37f9
43f6
01ee
0245
0255
0266
0278
028a
02ac
02cf
0304
033d
0379
03b8
041c
048a
04f9
0571
062b
06ff
07db
08d1
0a4c
0c07
0dbc
0fae
129c
1615
19dc
1e49
2561
2e22
37ff
43f8
0200
0257
0267
0278
028a
029c
02bd
02e2
0317
034f
038b
03ca
042e
049c
050a
0582
063d
0710
07eb
08e1
0a5d
0c17
0dcc
0fbe
12ab
1624
19eb
1e56
256c
2e2b
3805
43fa
0221
0278
0289
029a
02ab
02bd
02df
0303
0338
0371
03ac
03eb
044f
04be
052b
05a3
065d
0730
080c
0902
0a7e
0c37
0deb
0fda
12c7
163f
1a05
1e6f
2583
2e3c
3811
43fe
0245
029b
02ac
02bd
02cf
02e2
0303
0326
035b
0393
03ce
040d
0472
04e0
054d
05c4
067f
0751
082d
0924
0a9f
0c58
0e09
0ff7
12e4
165a
1a20
1e89
259a
2e4e
381e
4403
027a
02d0
02e1
02f2
0304
0317
0338
035b
0390
03c8
0403
0442
04a7
0514
0581
05f8
06b3
0785
0861
0956
0ad1
0c88
0e37
101f
130e
1688
1a4b
1eb0
25be
2e6b
3833
440a
02b4
0309
031a
032b
033d
034f
0371
0393
03c8
03ff
043b
0479
04de
054b
05b8
062e
06e9
07ba
0896
098a
0b04
0cba
0e64
1046
1339
16b5
1a77
1ed9
25e3
2e88
3847
4411
02ef
0345
0355
0367
0379
038b
03ac
03ce
0403
043b
0476
04b4
0519
0585
05f3
0668
0724
07f4
08d0
09c4
0b3d
0cf1
0e95
1070
1367
16e8
1aa8
1f05
260c
2ea9
385f
441a
032f
0384
0395
03a6
03b8
03ca
03eb
040d
0442
0479
04b4
04f2
0557
05c3
0630
06a4
075f
082f
090b
09fe
0b78
0d29
0ec7
1099
1395
171b
1ad9
1f32
2634
2eca
3877
4424
0393
03e8
03f9
040a
041c
042e
044f
0472
04a7
04de
0519
0557
05ba
0623
0691
0706
07c1
088e
096a
0a5a
0bd4
0d84
0f1e
10e8
13e6
176a
1b28
1f7e
267a
2f02
38a0
4436
0403
0457
0467
0479
048a
049c
04be
04e0
0514
054b
0585
05c3
0623
068a
06f8
076d
0826
08f2
09cc
0aba
0c33
0de1
0f76
1138
1437
17bb
1b78
1fca
26bf
2f3b
38ca
4448
0471
04c4
04d6
04e7
04f9
050a
052b
054d
0581
05b8
05f3
0630
0691
06f8
0766
07da
0893
095f
0a38
0b25
0c9e
0e4b
0fde
119f
149d
181d
1bd5
2020
270f
2f7e
38fd
4461
04ea
053d
054e
055f
0571
0582
05a3
05c4
05f8
062e
0668
06a4
0706
076d
07da
084d
0907
09d0
0aa8
0b93
0d0e
0eb8
104a
1207
1505
1881
1c34
2076
2760
2fc3
3931
447b
05a4
05f8
0609
061a
062c
063d
065d
067f
06b3
06e9
0724
075f
07c1
0826
0893
0907
09c1
0a8b
0b63
0c4e
0dc4
0f65
10f9
12b5
15b1
1928
1cd4
210b
27ee
3040
3994
44b5
0679
06cd
06dd
06ee
06ff
0710
0730
0751
0785
07ba
07f4
082f
088e
08f2
095f
09d0
0a8b
0b54
0c2c
0d14
0e84
101c
11af
1369
1664
19d3
1d79
21a3
287e
30be
39f7
44f1
0755
07a8
07b9
07ca
07da
07eb
080c
082d
0861
0896
08d0
090b
0969
09cc
0a38
0aa8
0b64
0c2c
0d03
0dea
0f4d
10d4
1271
1437
1730
1a98
1e30
2245
291f
3158
3a79
4549
084f
08a0
08b0
08c1
08d1
08e1
0902
0924
0956
098a
09c4
09fe
0a5a
0aba
0b25
0b93
0c4e
0d14
0dea
0ecc
1021
1195
133d
150d
1802
1b62
1eeb
22ea
29c3
31f5
3afb
45a2
09cb
0a1c
0a2c
0a3c
0a4c
0a5d
0a7e
0a9f
0ad1
0b04
0b3e
0b78
0bd4
0c33
0c9e
0d0e
0dc4
0e84
0f4d
1021
117d
12f7
149f
166d
195f
1cb3
2037
2429
2af5
3307
3bea
465b
0b8b
0bd9
0be8
0bf7
0c07
0c17
0c37
0c58
0c88
0cba
0cf1
0d29
0d84
0de1
0e4b
0eb8
0f65
101c
10d4
1195
12f7
1477
161c
17e4
1ace
1e14
2190
2574
2c2f
341e
3cde
4715
0d42
0d8e
0d9d
0dad
0dbc
0dcc
0deb
0e09
0e37
0e64
0e96
0ec7
0f1e
0f76
0fde
104a
10f9
11af
1271
133d
149f
161c
17c1
1985
1c6b
1fa5
231e
26f9
2da3
3570
3e0e
4811
0f3b
0f83
0f91
0fa0
0fae
0fbe
0fda
0ff7
101f
1046
1070
1099
10e8
1138
119f
1207
12b5
1369
1437
150d
166d
17e4
1985
1b44
1e21
214b
24bf
288f
2f23
36c9
3f45
4911
1227
1270
127e
128d
129c
12ab
12c7
12e4
130e
1339
1367
1395
13e6
1437
149d
1505
15b1
1664
1730
1802
195e
1ace
1c6b
1e21
20f6
240e
2789
2b5a
31e6
3970
41c7
4b55
15a5
15eb
15f9
1607
1615
1624
163f
165a
1688
16b5
16e8
171b
176a
17bb
181d
1881
1928
19d3
1a98
1b62
1cb3
1e14
1fa5
214b
240e
270c
2a89
2e56
34d2
3c37
4463
4dab
1970
19b4
19c2
19cf
19dc
19eb
1a05
1a20
1a4b
1a77
1aa8
1ad9
1b28
1b78
1bd5
1c34
1cd5
1d79
1e30
1eeb
2037
2190
231e
24bf
2789
2a89
2df9
31b0
3837
3f9a
47a2
50ae
1de6
1e24
1e30
1e3d
1e49
1e56
1e6f
1e89
1eb0
1ed9
1f05
1f32
1f7e
1fca
2020
2076
210b
21a3
2245
22ea
2429
2574
26f9
288f
2b5a
2e56
31b0
3547
3bd3
432d
4b09
53d0
2508
253f
254a
2556
2561
256c
2583
259a
25be
25e3
260b
2634
267a
26bf
270f
2760
27ee
287e
291f
29c3
2af5
2c2f
2da2
2f23
31e6
34d2
3837
3bd3
4229
4929
50cd
593d
2dde
2e08
2e11
2e19
2e22
2e2b
2e3c
2e4e
2e6b
2e88
2ea9
2eca
2f02
2f3b
2f7e
2fc3
3040
30be
3158
31f5
3307
341e
3570
36c9
3970
3c37
3f9a
432d
4929
4fae
5703
5f04
37d0
37ed
37f3
37f9
37ff
3805
3812
381e
3833
3847
385f
3877
38a0
38ca
38fd
3931
3994
39f7
3a79
3afb
3beb
3cde
3e0e
3f45
41c7
4463
47a2
4b09
50cd
5703
5e11
65b2
43eb
43f3
43f5
43f6
43f8
43fa
43fe
4403
440a
4411
441a
4424
4436
4448
4461
447b
44b5
44f1
4549
45a2
465b
4715
4811
4911
4b55
4dab
50ae
53d0
593d
5f04
65b2
6cd9
01a6
01fb
020c
021d
022f
0241
0263
0287
02bb
02f3
032f
036f
03d3
0442
04b0
0529
05e3
06b7
0793
088b
0a06
0bc3
0d79
0f6e
125b
15d5
19a0
1e13
2531
2dfe
37e7
43f3
01fb
0251
0261
0272
0284
0296
02b7
02db
0310
034a
0384
03c3
0427
0495
0503
057a
0635
0708
07e5
08dc
0a58
0c12
0dc5
0fb5
12a3
161c
19e4
1e52
2569
2e29
3804
43fa
020c
0261
0272
0283
0295
02a6
02c8
02ec
0322
035a
0395
03d4
0438
04a6
0514
058b
0646
071a
07f5
08ec
0a68
0c21
0dd4
0fc4
12b1
162a
19f2
1e5e
2574
2e32
380a
43fc
021d
0272
0283
0294
02a6
02b7
02d9
02fd
0333
036c
03a6
03e5
0449
04b7
0525
059c
0657
072b
0807
08fd
0a78
0c31
0de4
0fd3
12c0
1639
1a00
1e6b
257f
2e3a
3810
43fe
022f
0284
0295
02a6
02b7
02c9
02eb
030e
0344
037d
03b8
03f7
045b
04c8
0536
05ad
0668
073c
0818
090e
0a88
0c40
0df3
0fe1
12cf
1648
1a0e
1e77
258a
2e43
3816
4400
0241
0296
02a6
02b7
02c9
02db
02fd
0321
0356
038f
03ca
0409
046d
04da
0548
05bf
067a
074d
0829
091e
0a99
0c50
0e02
0ff0
12de
1656
1a1c
1e84
2596
2e4c
381c
4402
0263
02b7
02c8
02d9
02eb
02fd
031f
0343
0378
03b0
03eb
0429
048e
04fc
0569
05df
069a
076d
0849
093e
0ab9
0c71
0e21
100c
12fb
1672
1a36
1e9d
25ad
2e5d
3829
4407
0287
02db
02ec
02fd
030e
0321
0343
0367
039b
03d2
040d
044b
04b0
051e
058a
0600
06bb
078e
086a
095f
0ada
0c91
0e40
1029
1317
168e
1a52
1eb6
25c3
2e6f
3836
440c
02bb
0310
0321
0332
0344
0356
0378
039b
03d0
0408
0442
0480
04e5
0553
05bf
0634
06ef
07c1
089d
0992
0b0c
0cc2
0e6b
104c
133f
16bb
1a7d
1ede
25e7
2e8c
384b
4413
02f3
034a
035a
036c
037d
038f
03b0
03d2
0408
043f
0479
04b7
051c
0589
05f5
0669
0725
07f6
08d2
09c6
0b40
0cf2
0e96
106f
1367
16e9
1aa9
1f06
260c
2eaa
385f
441a
032f
0384
0395
03a6
03b8
03ca
03eb
040d
0442
0479
04b4
04f2
0557
05c3
0630
06a4
075f
082f
090b
09fe
0b78
0d29
0ec7
1099
1395
171b
1ad9
1f32
2634
2eca
3877
4424
036f
03c3
03d4
03e5
03f7
0409
0429
044b
0480
04b7
04f2
0530
0594
0600
066d
06e1
079c
086a
0946
0a37
0bb0
0d60
0ef9
10c4
13c4
174d
1b09
1f5f
265d
2eeb
388f
442e
03d3
0427
0438
0449
045b
046d
048e
04b0
04e5
051c
0557
0594
05f7
0660
06ce
0742
07fc
08c9
09a4
0a93
0c0d
0dbb
0f51
1117
1416
179c
1b58
1faa
26a2
2f23
38b8
4440
0442
0495
04a6
04b7
04c8
04da
04fc
051e
0553
0589
05c3
0600
0660
06c7
0735
07a9
0862
092c
0a05
0af3
0c6c
0e18
0fab
116c
146a
17ec
1ba7
1ff6
26e8
2f5b
38e1
4451
04b0
0503
0514
0525
0536
0548
0569
058a
05bf
05f5
0630
066d
06ce
0735
07a2
0816
08cf
0999
0a71
0b5d
0cd6
0e81
1014
11d2
14d0
184e
1c04
204b
2737
2f9e
3914
446a
0529
057a
058b
059c
05ad
05bf
05df
0600
0634
0669
06a4
06e1
0742
07a9
0816
0888
0942
0a0b
0ae2
0bcc
0d45
0eed
107e
123a
1537
18b2
1c63
20a0
2787
2fe2
3947
4484
05e3
0635
0646
0657
0668
067a
069a
06bb
06ef
0725
075f
079c
07fc
0862
08cf
0942
09fc
0ac5
0b9d
0c86
0df9
0f98
112b
12e8
15e3
1958
1d01
2132
2812
305e
39a9
44be
06b7
0708
071a
072b
073c
074d
076d
078e
07c1
07f6
082f
086a
08c9
092c
0999
0a0b
0ac5
0b8d
0c64
0d4b
0eb7
104a
11df
139c
1696
1a02
1da3
21c6
289f
30db
3a0d
44f8
0793
07e5
07f6
0807
0818
0829
0849
086a
089d
08d2
090b
0946
09a3
0a05
0a71
0ae2
0b9d
0c64
0d3a
0e1f
0f81
1105
12a3
1469
1760
1ac6
1e5b
226a
2942
3176
3a8d
4550
088b
08dc
08ec
08fd
090e
091e
093e
095f
0992
09c6
09fe
0a37
0a93
0af3
0b5d
0bcc
0c86
0d4b
0e1f
0f01
1055
11c7
136f
153e
1833
1b90
1f17
2312
29e7
3212
3b0f
45a9
0a06
0a58
0a67
0a78
0a88
0a99
0ab9
0ada
0b0c
0b40
0b78
0bb0
0c0d
0c6c
0cd6
0d45
0df9
0eb7
0f81
1055
11b1
132a
14d1
169d
198e
1cdf
2061
2450
2b17
3323
3bfd
4661
0bc3
0c12
0c21
0c31
0c40
0c50
0c71
0c91
0cc2
0cf2
0d29
0d60
0dbb
0e18
0e81
0eed
0f98
104a
1105
11c7
132a
14a8
164d
1813
1afc
1e3f
21b9
2599
2c50
343a
3cf0
471a
0d79
0dc5
0dd4
0de4
0df3
0e02
0e21
0e40
0e6b
0e96
0ec7
0ef9
0f51
0fab
1014
107e
112b
11df
12a3
136f
14d1
164d
17f1
19b4
1c98
1fcf
2345
271d
2dc2
3588
3e1e
4816
0f6e
0fb5
0fc4
0fd3
0fe1
0ff0
100c
1029
104c
106f
1099
10c4
1117
116c
11d2
123a
12e8
139c
1469
153e
169d
1813
19b4
1b71
1e4c
2173
24e4
28b1
2f40
36de
3f53
4915
125b
12a3
12b2
12c0
12cf
12de
12fa
1317
133f
1367
1395
13c4
1416
146a
14d0
1537
15e3
1696
1760
1833
198d
1afc
1c97
1e4c
211e
2434
27ac
2b79
3200
3982
41d3
4b58
15d5
161c
162a
1639
1648
1656
1672
168e
16bb
16e9
171b
174d
179c
17ec
184e
18b2
1958
1a02
1ac6
1b90
1cdf
1e3f
1fcf
2173
2434
272f
2aa9
2e73
34e9
3c46
446c
4dac
19a0
19e4
19f2
1a00
1a0e
1a1c
1a36
1a52
1a7d
1aa9
1ad9
1b09
1b57
1ba7
1c04
1c63
1d01
1da3
1e5b
1f17
2061
21b9
2346
24e4
27ac
2aa9
2e16
31c9
384a
3fa5
47a9
50af
1e13
1e52
1e5e
1e6b
1e77
1e84
1e9d
1eb6
1ede
1f06
1f32
1f5f
1faa
1ff6
204b
20a0
2132
21c6
226a
2312
2450
2599
271d
28b1
2b79
2e73
31c9
355d
3be3
4335
4b0e
53d1
2531
2569
2574
2580
258b
2596
25ad
25c3
25e7
260c
2634
265d
26a2
26e8
2737
2787
2811
289f
2942
29e7
2b17
2c50
2dc2
2f40
3200
34e9
384a
3be3
4233
492e
50d0
593e
2dfe
2e29
2e32
2e3a
2e43
2e4c
2e5d
2e6f
2e8c
2eaa
2eca
2eeb
2f23
2f5b
2f9e
2fe2
305e
30db
3176
3212
3323
343a
3588
36de
3982
3c46
3fa5
4335
492e
4faf
5703
5f04
37e7
3804
380a
3810
3816
381c
3829
3836
384b
385f
3877
388f
38b8
38e1
3914
3947
39a9
3a0d
3a8d
3b0f
3bfe
3cf0
3e1e
3f53
41d3
446c
47a9
4b0e
50d0
5703
5e12
65b2
43f3
43fa
43fc
43fe
4400
4402
4407
440c
4413
441a
4424
442e
4440
4451
446a
4484
44be
44f8
4550
45a9
4661
471a
4816
4915
4b58
4dac
50af
53d1
593e
5f04
65b2
6cd9
0205
025c
026d
027f
0290
02a2
02c4
02e8
031e
0357
0393
03d3
0436
04a4
0511
0588
0644
0717
07f4
08ec
0a67
0c22
0dd5
0fc6
12b4
162c
19f5
1e62
257a
2e3a
3813
4406
025c
02b3
02c3
02d5
02e7
02f8
031b
033e
0374
03ac
03e8
0427
048a
04f7
0564
05db
0697
076a
0846
093c
0ab7
0c6f
0e1d
1005
12f7
1672
1a38
1e9f
25b0
2e64
3830
440d
026d
02c3
02d5
02e6
02f7
0309
032b
034f
0385
03be
03f9
0438
049b
0508
0575
05ec
06a8
077a
0857
094c
0ac7
0c7e
0e2b
1012
1304
1680
1a45
1eab
25bb
2e6c
3836
440f
027f
02d5
02e6
02f7
0308
031b
033c
0360
0396
03cf
040a
0449
04ad
0519
0586
05fd
06b9
078b
0867
095c
0ad7
0c8d
0e3a
101f
1311
168e
1a52
1eb8
25c6
2e75
383c
4411
0290
02e7
02f7
0308
031a
032c
034e
0372
03a8
03e1
041c
045b
04be
052a
0598
060f
06ca
079c
0878
096c
0ae7
0c9d
0e48
102b
131e
169c
1a60
1ec4
25d1
2e7d
3841
4413
02a2
02f8
0309
031b
032c
033e
0360
0384
03ba
03f3
042e
046d
04d0
053b
05a9
0620
06db
07ad
0888
097d
0af7
0cad
0e56
1037
132c
16aa
1a6d
1ed0
25dc
2e86
3847
4415
02c4
031b
032b
033c
034e
0360
0382
03a6
03db
0414
044f
048e
04f1
055d
05ca
0640
06fb
07cd
08a9
099d
0b18
0ccc
0e73
1051
1346
16c4
1a88
1ee9
25f3
2e97
3853
4419
02e8
033e
034f
0360
0372
0384
03a6
03c9
03fe
0436
0472
04b0
0513
057f
05ec
0661
071d
07ed
08ca
09be
0b39
0cec
0e91
106b
1361
16e0
1aa2
1f03
2609
2ea8
3860
441e
031e
0374
0384
0396
03a7
03ba
03db
03fe
0433
046b
04a7
04e5
0548
05b3
0620
0695
0750
0821
08fd
09f0
0b6a
0d1c
0ebd
1092
138b
170c
1acd
1f2a
262d
2ec5
3874
4425
0357
03ac
03be
03cf
03e1
03f3
0414
0436
046b
04a3
04dd
051c
057f
05e9
0656
06cc
0786
0856
0931
0a23
0b9c
0d4e
0eea
10ba
13b5
173a
1af8
1f52
2652
2ee2
3889
442c
0393
03e8
03f9
040a
041c
042e
044f
0472
04a7
04dd
0519
0557
05b9
0623
0691
0706
07c1
088e
096a
0a5a
0bd4
0d84
0f1e
10e8
13e6
176a
1b28
1f7e
267a
2f02
38a0
4436
03d3
0427
0438
0449
045b
046d
048e
04b0
04e5
051c
0557
0594
05f7
0660
06ce
0742
07fc
08c9
09a4
0a93
0c0d
0dbb
0f51
1117
1416
179c
1b58
1faa
26a2
2f23
38b8
4440
0436
048a
049b
04ad
04be
04d0
04f2
0513
0548
057f
05b9
05f7
0659
06c2
0730
07a4
085e
0929
0a04
0af2
0c6b
0e18
0fab
116d
146c
17ef
1ba9
1ff6
26e9
2f5c
38e2
4452
04a4
04f7
0508
0519
052a
053b
055d
057f
05b3
05e9
0623
0660
06c2
072a
0798
080c
08c5
098e
0a67
0b53
0ccc
0e76
1008
11c5
14c4
1843
1bfb
2044
272f
2f96
390c
4465
0511
0564
0575
0586
0598
05a9
05ca
05ec
0620
0656
0691
06ce
0730
0798
0805
0879
0932
09fb
0ad3
0bbd
0d36
0ede
106f
122b
1528
18a3
1c56
2097
277d
2fd8
393e
447e
0588
05db
05ec
05fd
060f
0620
0640
0661
0695
06cc
0706
0742
07a4
080c
0879
08eb
09a4
0a6c
0b43
0c2b
0da3
0f48
10d9
1294
158f
1904
1cb3
20eb
27cc
301a
3971
4496
0644
0697
06a8
06b9
06ca
06db
06fb
071d
0750
0786
07c1
07fc
085f
08c5
0932
09a4
0a5e
0b27
0bfd
0ce4
0e52
0fe9
1181
1341
163b
19aa
1d4e
2174
2851
3095
39d2
44d0
0717
076a
077a
078b
079c
07ad
07cd
07ed
0821
0856
088e
08c9
0929
098e
09fb
0a6c
0b27
0bed
0cc4
0da9
0f0b
1091
122f
13f5
16ed
1a55
1dec
2200
28d8
3111
3a34
450a
07f4
0846
0857
0867
0878
0888
08a9
08ca
08fd
0931
0969
09a4
0a03
0a67
0ad3
0b43
0bfd
0cc4
0d99
0e7c
0fd8
1155
12f7
14c2
17b6
1b17
1ea5
22aa
297e
31aa
3ab3
4561
08ec
093c
094c
095c
096c
097d
099d
09be
09f0
0a23
0a5a
0a93
0af2
0b53
0bbd
0c2b
0ce4
0da9
0e7c
0f5d
10b1
1221
13c8
1595
1887
1bdf
1f62
2358
2a26
3243
3b33
45b9
0a67
0ab7
0ac7
0ad7
0ae7
0af7
0b18
0b39
0b6a
0b9c
0bd4
0c0d
0c6b
0ccc
0d35
0da3
0e53
0f0b
0fd8
10b1
120b
1382
1529
16f3
19e0
1d2d
20ab
2494
2b51
334b
3c1a
466e
0c22
0c6f
0c7e
0c8d
0c9d
0cad
0ccc
0cec
0d1c
0d4e
0d84
0dbb
0e18
0e76
0ede
0f48
0fe9
1091
1155
1221
1382
14ff
16a2
1866
1b4c
1e8b
2201
25dc
2c84
3458
3d06
4724
0dd5
0e1d
0e2b
0e3a
0e48
0e56
0e73
0e91
0ebd
0eea
0f1e
0f51
0fab
1008
106f
10d9
1181
122f
12f7
13c8
1529
16a2
1844
1a05
1ce3
2011
2388
275e
2df7
35ab
3e36
481f
0fc6
1005
1012
101f
102b
1037
1051
106b
1092
10ba
10e8
1117
116d
11c5
122b
1294
1341
13f5
14c2
1595
16f3
1866
1a05
1bbf
1e91
21ac
2520
28ef
2f75
3705
3f6d
491e
12b4
12f7
1304
1311
131e
132c
1346
1361
138b
13b5
13e5
1416
146c
14c4
1528
158f
163b
16ed
17b6
1887
19e0
1b4c
1ce2
1e91
215f
2470
27e7
2bb3
3230
39a4
41e9
4b5e
162c
1672
1680
168e
169c
16aa
16c4
16e0
170c
173a
176a
179c
17ef
1843
18a3
1904
19aa
1a55
1b17
1bdf
1d2d
1e8b
2011
21ac
2470
276d
2ae4
2ea7
3514
3c63
447e
4db0
19f5
1a38
1a45
1a52
1a60
1a6d
1a88
1aa2
1acd
1af8
1b28
1b58
1ba8
1bfb
1c56
1cb3
1d4e
1dec
1ea5
1f62
20ab
2201
2388
2520
27e7
2ae4
2e4b
31f8
386e
3fbc
47b7
50b2
1e62
1e9f
1eab
1eb8
1ec4
1ed0
1ee9
1f03
1f2a
1f52
1f7e
1faa
1ff6
2044
2097
20eb
2174
2200
22aa
2358
2494
25dc
275e
28ef
2bb3
2ea7
31f8
3584
3c00
4345
4b17
53d2
257a
25b0
25bb
25c7
25d1
25dc
25f3
2609
262d
2652
267a
26a2
26e9
272f
277d
27cc
2851
28d8
297e
2a26
2b51
2c84
2df7
2f75
3230
3514
386e
3c00
4248
4938
50d6
593e
2e3a
2e64
2e6c
2e75
2e7d
2e86
2e97
2ea8
2ec5
2ee2
2f02
2f23
2f5c
2f96
2fd8
301a
3095
3111
31aa
3243
334b
3458
35ab
3705
39a4
3c63
3fbc
4345
4938
4fb2
5705
5f04
3813
3830
3836
383c
3841
3847
3853
3860
3874
3889
38a0
38b8
38e2
390c
393e
3971
39d2
3a34
3ab3
3b33
3c1b
3d06
3e36
3f6d
41e9
447e
47b7
4b17
50d6
5705
5e13
65b2
4406
440d
440f
4411
4413
4415
4419
441e
4425
442c
4436
4440
4452
4465
447e
4496
44d0
450a
4561
45b9
466e
4724
481f
491e
4b5e
4db0
50b2
53d2
593e
5f04
65b2
6cd9
0279
02d1
02e1
02f1
0302
0313
0335
0359
038f
03c8
0403
0442
04a4
050e
057a
05ef
06aa
077e
085b
0952
0acd
0c83
0e35
1020
130e
1685
1a4a
1eb1
25c3
2e76
3840
4419
02d1
0325
0336
0347
0358
036a
038b
03ae
03e3
041b
0457
0495
04f7
0560
05cd
0644
06ff
07d0
08ac
09a0
0b1a
0cce
0e77
1057
134c
16c9
1a8c
1eed
25f8
2e9e
385b
4421
02e1
0336
0346
0357
0369
037a
039c
03bf
03f4
042c
0468
04a6
0508
0571
05df
0654
070f
07e0
08bc
09b0
0b2a
0cdd
0e85
1062
1358
16d7
1a99
1ef9
2603
2ea7
3861
4422
02f1
0347
0357
0369
037a
038b
03ad
03d0
0406
043d
0479
04b7
0519
0582
05f0
0665
0720
07f0
08cc
09bf
0b3a
0ced
0e92
106c
1363
16e4
1aa6
1f05
260e
2eaf
3867
4424
0302
0358
0369
037a
038b
039c
03bf
03e2
0417
044f
048a
04c8
052a
0594
0601
0676
0731
0800
08dc
09cf
0b49
0cfd
0e9f
1076
136f
16f1
1ab3
1f11
2619
2eb8
386c
4425
0313
036a
037a
038b
039c
03ae
03d0
03f3
0429
0462
049c
04da
053b
05a5
0612
0688
0742
0811
08ec
09df
0b59
0d0c
0eac
1080
137b
16ff
1ac0
1f1d
2624
2ec0
3873
4427
0335
038b
039c
03ad
03bf
03d0
03f2
0415
044a
0483
04be
04fc
055d
05c6
0633
06a8
0762
0831
090d
0a00
0b7a
0d2b
0ec8
1097
1393
1718
1ada
1f37
263a
2ed0
387e
442c
0359
03ae
03bf
03d0
03e2
03f3
0415
0437
046d
04a5
04e0
051e
057f
05e7
0654
06c8
0783
0851
092d
0a21
0b9a
0d4a
0ee4
10af
13ac
1733
1af4
1f50
2650
2ee1
388a
4430
038f
03e3
03f4
0406
0417
0429
044a
046d
04a2
04d9
0514
0553
05b3
061a
0688
06fd
07b7
0885
0960
0a51
0bcb
0d7a
0f11
10da
13d8
175f
1b1e
1f77
2674
2efe
389e
4437
03c8
041b
042c
043d
044f
0462
0483
04a5
04d9
050f
054b
0589
05e9
0650
06be
0733
07ed
08ba
0994
0a83
0bfc
0dab
0f40
1105
1404
178b
1b49
1f9e
2698
2f1a
38b2
443e
0403
0457
0467
0479
048a
049c
04be
04e0
0514
054b
0585
05c3
0623
068a
06f8
076d
0826
08f2
09cc
0aba
0c33
0de1
0f76
1138
1437
17bb
1b78
1fca
26bf
2f3b
38ca
4448
0442
0495
04a6
04b7
04c8
04da
04fc
051e
0553
0589
05c3
0600
0660
06c7
0735
07a9
0862
092c
0a05
0af3
0c6c
0e18
0fab
116c
146a
17ec
1ba7
1ff6
26e8
2f5b
38e1
4451
04a4
04f7
0508
0519
052a
053b
055d
057f
05b3
05e9
0623
0660
06c2
072a
0798
080c
08c5
098e
0a67
0b53
0ccc
0e76
1008
11c5
14c4
1843
1bfb
2044
272f
2f96
390c
4465
050e
0560
0571
0582
0594
05a5
05c6
05e7
061a
0650
068a
06c7
072a
0793
0800
0874
092d
09f5
0acd
0bb7
0d2f
0ed7
1067
1221
151f
189b
1c4f
2093
2777
2fd1
3938
4479
057a
05cd
05de
05f0
0601
0612
0633
0654
0688
06be
06f8
0735
0798
0800
086e
08e0
0999
0a61
0b38
0c20
0d98
0f3d
10cd
1287
1582
18f9
1ca9
20e4
27c3
3012
3969
4491
05ef
0644
0654
0665
0676
0688
06a8
06c8
06fd
0733
076d
07a9
080c
0874
08e0
0952
0a0a
0ad1
0ba7
0c8d
0e04
0fa6
1136
12ef
15e8
1958
1d04
2137
2810
3053
399a
44a9
06aa
06ff
070f
0720
0731
0742
0762
0783
07b7
07ed
0827
0862
08c5
092d
0999
0a0a
0ac3
0b8b
0c61
0d46
0eae
103c
11d8
139c
1694
19fe
1d9a
21b8
2890
30cd
39fa
44e3
077e
07d0
07e0
07f0
0800
0811
0831
0851
0885
08ba
08f2
092c
098e
09f5
0a61
0ad1
0b8b
0c51
0d26
0e0a
0f60
10d8
127f
1450
1745
1aa8
1e34
223a
2912
3147
3a5c
451d
085b
08ac
08bc
08cc
08dc
08ec
090d
092d
0960
0994
09cb
0a05
0a67
0acd
0b38
0ba7
0c61
0d26
0dfb
0edc
1031
11a6
134d
151b
180d
1b68
1ef0
22eb
29ba
31dd
3ad9
4573
0952
09a0
09b0
09bf
09cf
09df
0a00
0a21
0a51
0a83
0aba
0af3
0b53
0bb7
0c20
0c8d
0d46
0e0a
0edc
0fbb
110e
127c
1423
15ee
18dc
1c2e
1faf
239f
2a66
3276
3b57
45c9
0acd
0b1a
0b2a
0b3a
0b49
0b59
0b7a
0b9a
0bcb
0bfc
0c33
0c6c
0ccc
0d2f
0d98
0e04
0eae
0f60
1032
110e
1267
13dc
1581
1749
1a33
1d7b
20f5
24da
2b8b
3374
3c38
467b
0c83
0cce
0cdd
0ced
0cfd
0d0c
0d2b
0d4a
0d7a
0dab
0de1
0e18
0e76
0ed7
0f3d
0fa6
103c
10d8
11a6
127c
13dc
1556
16f8
18ba
1b9d
1ed7
224a
261f
2cb9
3477
3d1d
472f
0e35
0e77
0e85
0e92
0e9f
0eac
0ec7
0ee4
0f12
0f40
0f76
0fab
1008
1067
10cd
1136
11d8
127f
134d
1423
1581
16f8
1898
1a57
1d2e
2054
23cb
279f
2e2c
35cd
3e4f
4829
1020
1057
1062
106c
1076
1080
1097
10af
10da
1105
1138
116c
11c5
1221
1287
12ef
139c
1450
151b
15ee
1749
18ba
1a57
1c0e
1ed6
21e4
255c
292e
2fab
372c
3f87
4926
130e
134c
1357
1363
136f
137b
1393
13ac
13d8
1404
1437
146a
14c4
151f
1582
15e8
1694
1745
180d
18dc
1a33
1b9d
1d2e
1ed6
21a1
24ab
2823
2bed
3261
39c7
4200
4b65
1685
16c9
16d7
16e4
16f1
16ff
1718
1733
175f
178b
17bb
17ec
1843
189b
18f9
1958
19fe
1aa8
1b68
1c2e
1d7b
1ed7
2054
21e4
24ab
27ad
2b1e
2edb
353e
3c80
4491
4db5
1a4a
1a8c
1a99
1aa6
1ab3
1ac0
1ada
1af4
1b1e
1b49
1b78
1ba7
1bfa
1c4f
1ca9
1d04
1d9a
1e34
1ef0
1faf
20f6
224a
23cb
255c
2823
2b1e
2e80
3226
3893
3fd3
47c5
50b5
1eb1
1eed
1ef9
1f05
1f11
1f1d
1f37
1f50
1f77
1f9e
1fca
1ff6
2044
2093
20e4
2137
21b8
223a
22eb
239f
24da
261f
279f
292e
2bed
2edb
3226
35ac
3c1e
4356
4b21
53d3
25c3
25f8
2603
260e
2619
2624
263a
2650
2674
2698
26bf
26e8
272f
2777
27c3
2810
2890
2912
29ba
2a66
2b8b
2cb9
2e2c
2fab
3261
353e
3893
3c1e
425d
4943
50dc
593f
2e76
2e9e
2ea7
2eaf
2eb8
2ec0
2ed0
2ee1
2efe
2f1a
2f3b
2f5b
2f96
2fd1
3012
3053
30cd
3147
31dd
3276
3374
3477
35cd
372c
39c7
3c80
3fd3
4356
4943
4fb5
5707
5f05
3840
385b
3861
3867
386c
3873
387e
388a
389e
38b2
38ca
38e1
390c
3938
3969
399a
39fa
3a5c
3ad9
3b57
3c38
3d1d
3e4f
3f87
4200
4491
47c6
4b21
50dc
5707
5e14
65b3
4419
4421
4422
4424
4425
4427
442c
4430
4437
443e
4448
4451
4465
4479
4491
44a9
44e3
451d
4573
45c9
467b
472f
4829
4926
4b65
4db5
50b5
53d3
593f
5f05
65b3
6cda
02e5
033c
034d
035d
036e
0380
03a2
03c6
03fc
0435
0471
04b0
0511
057a
05e9
0660
071c
07ed
08c8
09bc
0b37
0cec
0e93
106e
1366
16e7
1aab
1f0c
2618
2ebe
3877
4434
033c
0391
03a2
03b3
03c4
03d6
03f8
041b
0451
0489
04c5
0503
0564
05cd
063d
06b4
076f
083e
0919
0a0a
0b86
0d39
0ed9
10ad
13a7
172b
1aeb
1f47
264d
2ee6
3892
443c
034d
03a2
03b2
03c4
03d5
03e6
0409
042c
0462
049a
04d6
0514
0575
05de
064d
06c4
077f
084e
0929
0a1a
0b95
0d49
0ee7
10b9
13b4
1738
1af8
1f53
2657
2eee
3897
443e
035d
03b3
03c4
03d5
03e6
03f7
041a
043d
0473
04ac
04e7
0525
0586
05f0
065e
06d5
078f
085e
0939
0a2a
0ba5
0d58
0ef5
10c5
13c2
1746
1b05
1f5f
2662
2ef7
389d
443f
036e
03c4
03d5
03e6
03f7
0409
042b
044e
0485
04be
04f9
0536
0598
0601
066f
06e5
07a0
086e
0949
0a3a
0bb5
0d67
0f03
10d1
13cf
1754
1b12
1f6b
266d
2eff
38a3
4440
0380
03d6
03e6
03f7
0409
041b
043d
0460
0496
04d0
050a
0548
05a9
0612
0681
06f6
07b0
087f
0959
0a4a
0bc5
0d77
0f11
10dd
13dc
1762
1b20
1f77
2677
2f08
38a8
4442
03a2
03f8
0409
041a
042b
043d
045f
0482
04b8
04f1
052b
0569
05ca
0633
06a1
0716
07d1
089f
0979
0a6a
0be5
0d95
0f2f
10f8
13f6
177c
1b39
1f8f
268d
2f18
38b4
4446
03c6
041b
042c
043d
044e
0460
0482
04a5
04da
0512
054d
058a
05ec
0654
06c2
0738
07f2
08bf
099a
0a8a
0c04
0db4
0f4b
1112
1411
1797
1b53
1fa7
26a3
2f28
38bf
444b
03fc
0451
0462
0473
0485
0496
04b8
04da
0510
0547
0581
05bf
0620
0688
06f6
076c
0825
08f2
09cc
0abb
0c36
0de5
0f7a
113f
143d
17c2
1b7d
1fce
26c5
2f44
38d3
4451
0435
0489
049a
04ac
04be
04d0
04f1
0512
0547
057d
05b8
05f5
0656
06be
072c
07a0
085a
0926
09ff
0aed
0c68
0e15
0faa
116c
146a
17ed
1ba6
1ff4
26e8
2f5f
38e7
4458
0471
04c5
04d5
04e7
04f9
050a
052b
054d
0581
05b8
05f3
0630
0691
06f8
0766
07da
0893
095f
0a38
0b25
0c9e
0e4b
0fde
119e
149d
181d
1bd5
2020
270f
2f7e
38fd
4461
04b0
0503
0514
0525
0536
0548
0569
058a
05bf
05f5
0630
066d
06ce
0735
07a2
0816
08cf
0999
0a71
0b5d
0cd6
0e81
1014
11d2
14d0
184e
1c04
204b
2737
2f9e
3914
446a
0511
0564
0575
0586
0598
05a9
05ca
05ec
0620
0656
0691
06ce
0730
0798
0805
0879
0931
09fb
0ad3
0bbe
0d36
0ede
106f
122b
1528
18a3
1c56
2097
277d
2fd8
393e
447e
057a
05cd
05de
05f0
0601
0612
0633
0654
0688
06be
06f8
0735
0798
0800
086e
08e0
0999
0a61
0b38
0c20
0d98
0f3d
10cd
1287
1582
18f9
1ca9
20e4
27c3
3012
3969
4491
05e9
063d
064d
065e
066f
0681
06a1
06c2
06f6
072c
0765
07a2
0805
086e
08da
094c
0a05
0acc
0ba3
0c8a
0dff
0f9e
1130
12eb
15e5
1957
1d01
2133
280d
3053
399a
44aa
0660
06b4
06c4
06d5
06e5
06f6
0716
0738
076c
07a0
07da
0816
0879
08e0
094c
09bd
0a75
0b3b
0c12
0cf8
0e68
1002
1196
1351
1649
19b5
1d5a
2182
2858
3094
39cc
44c3
071c
076f
077f
078f
07a0
07b0
07d1
07f2
0826
085a
0894
08cf
0932
0999
0a05
0a75
0b2e
0bf4
0cca
0daf
0f13
109b
1239
13fe
16f4
1a5a
1df1
2205
28d9
310c
3a2b
44fc
07ed
083e
084e
085e
086e
087f
089f
08bf
08f2
0926
095f
0999
09fb
0a61
0acc
0b3b
0bf4
0cb9
0d8e
0e71
0fc6
113a
12e2
14b2
17a4
1b03
1e8c
2289
295b
3185
3a8b
4535
08c8
0919
0929
0939
0949
0959
0979
099a
09cc
09ff
0a38
0a71
0ad3
0b38
0ba3
0c12
0cca
0d8e
0e5f
0f3c
1092
1207
13ae
157b
186c
1bc3
1f46
233b
2a03
321a
3b06
4589
09bc
0a0a
0a1a
0a2a
0a3a
0a4a
0a6a
0a8a
0abb
0aed
0b25
0b5d
0bbe
0c20
0c8a
0cf8
0daf
0e71
0f3c
1012
116a
12de
1483
164d
1939
1c87
2005
23ef
2aae
32b0
3b82
45de
0b37
0b86
0b95
0ba5
0bb5
0bc5
0be5
0c04
0c36
0c68
0c9e
0cd6
0d36
0d98
0dfe
0e68
0f13
0fc6
1092
116a
12c6
143d
15e1
17a7
1a8f
1dd2
2149
2527
2bd0
33aa
3c5f
468d
0cec
0d39
0d49
0d58
0d67
0d77
0d95
0db4
0de5
0e15
0e4b
0e81
0ede
0f3d
0f9e
1002
109b
113a
1207
12de
143d
15b6
1756
1916
1bf6
1f2c
229a
266a
2cfa
34a8
3d3f
473c
0e93
0ed9
0ee7
0ef5
0f03
0f11
0f2e
0f4b
0f7b
0faa
0fde
1014
106f
10cd
1130
1196
1239
12e2
13ae
1483
15e1
1756
18f5
1ab1
1d83
20a1
2416
27e8
2e6b
35fe
3e71
4838
106e
10ad
10b9
10c5
10d1
10dd
10f8
1112
113f
116c
119e
11d2
122b
1287
12eb
1351
13fe
14b2
157b
164d
17a7
1916
1ab1
1c66
1f25
2229
25a2
2974
2fe8
375c
3fa9
4936
1366
13a7
13b4
13c2
13ce
13dc
13f6
1411
143d
146a
149c
14d0
1528
1582
15e5
1649
16f4
17a4
186c
1939
1a8f
1bf6
1d83
1f25
21ec
24f1
2867
2c2f
3299
39f1
421d
4b70
16e7
172b
1738
1746
1754
1762
177c
1797
17c2
17ed
181d
184e
18a3
18f9
1957
19b5
1a5a
1b03
1bc3
1c87
1dd2
1f2c
20a1
2229
24f1
27f4
2b60
2f17
3571
3ca4
44a9
4dbd
1aab
1aeb
1af8
1b05
1b12
1b20
1b39
1b53
1b7d
1ba6
1bd5
1c04
1c56
1ca9
1d01
1d5a
1df1
1e8c
1f46
2005
2149
229a
2416
25a2
2867
2b60
2ebd
325d
38bf
3ff1
47d8
50bb
1f0c
1f47
1f53
1f5f
1f6b
1f77
1f8f
1fa7
1fce
1ff4
2020
204b
2097
20e4
2133
2182
2205
2289
233b
23ef
2527
266a
27e8
2974
2c2f
2f17
325d
35dc
3c42
436b
4b2e
53d6
2618
264d
2657
2662
266d
2677
268d
26a3
26c5
26e8
270f
2737
277d
27c3
280d
2858
28d9
295b
2a03
2aae
2bd0
2cfa
2e6b
2fe8
3299
3571
38bf
3c42
4278
4951
50e5
5941
2ebe
2ee6
2eee
2ef7
2eff
2f08
2f18
2f28
2f44
2f5f
2f7e
2f9e
2fd8
3012
3053
3094
310c
3185
321a
32b0
33aa
34a8
35fe
375c
39f1
3ca4
3ff1
436b
4951
4fbb
570a
5f05
3877
3892
3897
389d
38a3
38a8
38b4
38bf
38d3
38e7
38fd
3914
393e
3969
399a
39cc
3a2b
3a8b
3b06
3b82
3c5f
3d3f
3e71
3fa9
421d
44a9
47d9
4b2e
50e5
570a
5e16
65b3
4434
443c
443e
443f
4440
4442
4446
444b
4451
4458
4461
446a
447e
4491
44aa
44c3
44fc
4535
4589
45de
468d
473c
4838
4936
4b70
4dbd
50bb
53d6
5941
5f05
65b3
6cda
0363
03b9
03c9
03d9
03ea
03fb
041d
0440
0476
04ae
04ea
0529
0588
05ef
0660
06da
0794
0862
093b
0a2a
0ba6
0d59
0ef3
10bd
13bf
174b
1b0c
1f68
266e
2f06
38ad
444f
03b9
040c
041c
042d
043e
044f
0471
0494
04cb
0503
053d
057a
05db
0644
06b4
072c
07e5
08b1
098a
0a79
0bf5
0da8
0f3e
1103
1404
178e
1b4c
1fa2
26a2
2f2e
38c9
4458
03c9
041c
042d
043d
044e
0460
0482
04a5
04db
0514
054f
058b
05ec
0654
06c4
073b
07f5
08c1
099b
0a89
0c05
0db7
0f4c
1111
1413
179c
1b59
1fad
26ac
2f36
38ce
4459
03d9
042d
043d
044e
045f
0471
0493
04b6
04ec
0525
0560
059c
05fd
0665
06d5
074b
0805
08d2
09ab
0a99
0c15
0dc6
0f5b
1120
1421
17aa
1b66
1fb9
26b7
2f3f
38d4
445a
03ea
043e
044e
045f
0470
0482
04a4
04c7
04fe
0537
0571
05ad
060e
0676
06e5
075b
0816
08e2
09bb
0aa9
0c24
0dd5
0f6a
112e
1430
17b8
1b74
1fc5
26c1
2f47
38d9
445b
03fb
044f
0460
0471
0482
0493
04b6
04d8
050f
0549
0582
05bf
0620
0688
06f6
076c
0826
08f3
09cb
0ab9
0c34
0de5
0f7a
113c
143e
17c7
1b81
1fd1
26cc
2f4f
38df
445d
041d
0471
0482
0493
04a4
04b6
04d8
04fb
0531
0569
05a3
05df
0640
06a8
0716
078d
0847
0913
09eb
0ad8
0c53
0e03
0f98
115a
145b
17e1
1b9a
1fe8
26e1
2f5f
38ea
4461
0440
0494
04a5
04b6
04c7
04d8
04fb
051e
0553
058a
05c4
0600
0661
06c8
0738
07ae
0868
0933
0a0b
0af7
0c73
0e21
0fb6
1178
1478
17fc
1bb4
1fff
26f6
2f6f
38f6
4465
0476
04cb
04db
04ec
04fe
050f
0531
0553
0588
05bf
05f8
0634
0695
06fd
076c
07e1
089a
0965
0a3d
0b2a
0ca4
0e52
0fe6
11a6
14a5
1826
1bdd
2025
2717
2f8a
3908
446b
04ae
0503
0514
0525
0537
0549
0569
058a
05bf
05f5
062e
0669
06cc
0733
07a0
0814
08cd
0997
0a70
0b5c
0cd7
0e84
1016
11d4
14d2
1850
1c05
204b
273a
2fa5
391b
4472
04ea
053d
054e
055f
0571
0582
05a3
05c4
05f8
062e
0668
06a4
0706
076d
07da
084d
0907
09d0
0aa8
0b93
0d0e
0eb8
104a
1207
1505
1881
1c34
2076
2760
2fc3
3931
447b
0529
057a
058b
059c
05ad
05bf
05df
0600
0634
0669
06a4
06e1
0742
07a9
0816
0888
0942
0a0b
0ae2
0bcc
0d45
0eed
107e
123a
1537
18b2
1c63
20a0
2787
2fe2
3947
4484
0588
05db
05ec
05fd
060f
0620
0640
0661
0695
06cc
0706
0742
07a4
080c
0879
08eb
09a4
0a6c
0b43
0c2b
0da3
0f48
10d9
1294
158f
1904
1cb3
20eb
27cc
301a
3971
4496
05ef
0644
0654
0665
0676
0688
06a8
06c8
06fd
0733
076d
07a9
080c
0874
08e0
0952
0a0a
0ad1
0ba7
0c8d
0e04
0fa6
1136
12ef
15e8
1958
1d04
2137
2810
3053
399a
44a9
0660
06b4
06c4
06d5
06e5
06f6
0716
0738
076c
07a0
07da
0816
0879
08e0
094c
09bd
0a75
0b3b
0c12
0cf8
0e68
1002
1196
1351
1649
19b5
1d5a
2182
2858
3094
39cc
44c3
06da
072c
073b
074b
075b
076c
078d
07ae
07e1
0814
084d
0888
08eb
0952
09bd
0a2c
0ae5
0ba9
0c80
0d66
0ed0
1060
11f7
13b5
16ac
1a14
1db1
21cd
28a1
30d5
39fe
44de
0794
07e5
07f5
0806
0816
0826
0847
0868
089a
08cd
0907
0942
09a4
0a0a
0a75
0ae5
0b9d
0c61
0d37
0e1c
0f7b
10fc
129c
1463
1756
1ab8
1e48
2253
2922
314c
3a5c
4515
0862
08b1
08c1
08d2
08e2
08f3
0913
0933
0965
0997
09d0
0a0b
0a6c
0ad1
0b3b
0ba9
0c61
0d24
0df9
0edb
102e
119e
1346
1515
1806
1b5f
1ee3
22da
29a6
31c4
3aba
454d
093b
098a
099b
09ab
09bb
09cb
09eb
0a0b
0a3e
0a70
0aa9
0ae2
0b43
0ba7
0c12
0c80
0d37
0df9
0ec5
0f9e
10f5
126b
1411
15dd
18cc
1c1e
1f9d
238b
2a4d
3257
3b34
45a0
0a2a
0a79
0a89
0a99
0aa9
0ab9
0ad8
0af7
0b2a
0b5c
0b93
0bcc
0c2b
0c8d
0cf8
0d66
0e1c
0edb
0f9e
106b
11c7
1341
14e5
16ad
1997
1ce2
205b
2440
2af6
32eb
3bae
45f4
0ba6
0bf5
0c05
0c15
0c25
0c34
0c53
0c73
0ca5
0cd7
0d0e
0d45
0da3
0e04
0e68
0ed0
0f7b
102e
10f5
11c7
1327
14a0
1642
1806
1aeb
1e2a
219d
2576
2c15
33e0
3c87
469e
0d59
0da8
0db7
0dc6
0dd5
0de5
0e03
0e21
0e52
0e84
0eb8
0eed
0f48
0fa6
1002
1060
10fc
119e
126b
1341
14a0
1618
17b6
1973
1c50
1f81
22ec
26b6
2d3b
34db
3d62
474a
0ef3
0f3e
0f4c
0f5b
0f6a
0f7a
0f98
0fb6
0fe6
1016
104a
107e
10d9
1136
1196
11f7
129c
1346
1411
14e5
1643
17b6
1954
1b0c
1dd8
20ef
2462
2831
2eaa
362f
3e94
4846
10bd
1103
1111
1120
112e
113c
115a
1178
11a6
11d4
1207
123a
1294
12ef
1351
13b5
1463
1515
15dd
16ad
1806
1973
1b0c
1cbf
1f76
226f
25e8
29bb
3025
378c
3fcb
4945
13bf
1404
1413
1421
1430
143e
145b
1478
14a5
14d2
1504
1537
158e
15e8
1649
16ac
1756
1806
18cc
1997
1aeb
1c50
1dd9
1f76
2238
2538
28ab
2c71
32d1
3a1b
423a
4b7c
174b
178e
179c
17aa
17b8
17c7
17e1
17fc
1826
1850
1881
18b2
1904
1958
19b5
1a14
1ab8
1b5f
1c1e
1ce2
1e2a
1f81
20ef
226f
2538
283b
2ba3
2f54
35a3
3cc9
44c1
4dc5
1b0c
1b4c
1b59
1b66
1b74
1b81
1b9a
1bb4
1bdd
1c05
1c34
1c63
1cb3
1d04
1d5a
1db1
1e49
1ee3
1f9d
205b
219d
22ec
2462
25e8
28ac
2ba3
2efa
3293
38eb
400f
47ec
50c1
1f68
1fa2
1fad
1fb9
1fc5
1fd1
1fe8
1fff
2025
204b
2076
20a0
20eb
2137
2182
21cd
2253
22da
238b
2440
2576
26b6
2831
29bb
2c71
2f54
3293
360c
3c67
4381
4b3c
53da
266e
26a2
26ac
26b7
26c1
26cc
26e1
26f6
2717
273a
2760
2787
27cb
2810
2858
28a1
2922
29a6
2a4d
2af6
2c15
2d3b
2eab
3025
32d1
35a3
38eb
3c67
4292
495f
50ee
5943
2f06
2f2e
2f36
2f3f
2f47
2f4f
2f5f
2f6f
2f8a
2fa5
2fc3
2fe2
301a
3053
3094
30d5
314c
31c4
3257
32eb
33e0
34db
362f
378c
3a1b
3cc9
400f
4381
495f
4fc0
570d
5f06
38ad
38c9
38ce
38d4
38d9
38df
38ea
38f6
3908
391b
3931
3947
3971
399a
39cc
39fe
3a5c
3aba
3b33
3bae
3c87
3d62
3e94
3fcb
423a
44c1
47ec
4b3c
50ee
570d
5e18
65b4
444f
4458
4459
445a
445b
445d
4461
4465
446b
4472
447b
4484
4496
44a9
44c3
44de
4515
454d
45a0
45f4
469e
474a
4846
4945
4b7c
4dc5
50c1
53da
5943
5f06
65b4
6cda
041c
0472
0482
0493
04a4
04b5
04d7
04fb
0530
0567
05a4
05e3
0644
06aa
071c
0794
0850
091f
09f8
0ae7
0c62
0e11
0fa8
116c
146f
17f7
1bb3
2006
2703
2f87
3914
448b
0472
04c5
04d6
04e7
04f9
050a
052c
054f
0585
05bd
05f8
0635
0697
06ff
076f
07e5
08a0
096d
0a47
0b36
0cb0
0e5c
0ff1
11b3
14b4
1837
1bf2
203f
2736
2fad
392e
4493
0482
04d6
04e7
04f8
0509
051b
053c
055f
0596
05ce
0609
0646
06a7
070f
077f
07f5
08b1
097d
0a58
0b45
0cc0
0e6b
0fff
11c1
14c2
1845
1bff
204a
2740
2fb5
3933
4494
0493
04e7
04f8
0509
051a
052b
054e
0570
05a7
05df
061a
0657
06b8
0720
078f
0806
08c1
098d
0a68
0b55
0ccf
0e7a
100f
11cf
14d0
1853
1c0c
2056
274b
2fbd
3938
4496
04a4
04f9
0509
051a
052b
053c
055f
0582
05b8
05f1
062c
0668
06ca
0731
07a0
0816
08d1
099e
0a78
0b65
0cdf
0e8a
101d
11dd
14de
1861
1c19
2063
2755
2fc5
393e
4497
04b5
050a
051b
052b
053c
054e
0570
0593
05c9
0602
063d
067a
06db
0742
07b1
0826
08e2
09ae
0a88
0b76
0cee
0e99
102c
11ec
14ed
186f
1c27
206f
2760
2fcd
3943
4499
04d7
052c
053c
054e
055f
0570
0593
05b5
05eb
0622
065d
069a
06fb
0762
07d1
0847
0903
09ce
0aa8
0b94
0d0d
0eb6
104a
1209
1509
188a
1c3f
2085
2774
2fdd
394e
449d
04fb
054f
055f
0570
0582
0593
05b5
05d8
060d
0644
067f
06bb
071c
0783
07f2
0868
0923
09ef
0ac7
0bb3
0d2b
0ed4
1067
1226
1526
18a4
1c59
209c
2788
2fed
395a
44a1
0530
0585
0596
05a7
05b8
05c9
05eb
060d
0642
0679
06b3
06ef
0750
07b7
0826
089a
0955
0a20
0af9
0be5
0d5d
0f03
1096
1254
1553
18ce
1c80
20c0
27a9
3007
396c
44a7
0567
05bd
05ce
05df
05f1
0602
0622
0644
0679
06af
06e9
0725
0787
07ed
085a
08cd
0988
0a52
0b2c
0c18
0d8f
0f34
10c6
1282
157f
18f8
1ca8
20e4
27ca
3022
397f
44ad
05a4
05f8
0609
061a
062c
063d
065d
067f
06b3
06e9
0723
075f
07c1
0827
0894
0907
09c1
0a8b
0b64
0c4e
0dc4
0f66
10f9
12b4
15b1
1928
1cd4
210b
27ee
3040
3994
44b5
05e3
0635
0646
0657
0668
067a
069a
06bb
06ef
0725
075f
079c
07fc
0862
08cf
0942
09fc
0ac5
0b9d
0c86
0df9
0f98
112b
12e8
15e3
1958
1d01
2132
2812
305e
39a9
44be
0644
0697
06a7
06b8
06ca
06db
06fb
071c
0750
0787
07c1
07fc
085e
08c5
0932
09a4
0a5e
0b26
0bfd
0ce5
0e52
0fe9
1181
1341
163b
19aa
1d4e
2174
2851
3095
39d2
44d0
06aa
06ff
070f
0720
0731
0742
0762
0783
07b7
07ed
0827
0862
08c5
092d
0999
0a0a
0ac3
0b8b
0c61
0d46
0eae
103c
11d8
139c
1694
19fe
1d9a
21b8
2890
30cd
39fa
44e3
071c
076f
077f
078f
07a0
07b1
07d1
07f2
0826
085a
0894
08cf
0932
0999
0a05
0a75
0b2e
0bf4
0cca
0daf
0f13
109b
1239
13fe
16f4
1a5a
1df1
2205
28d9
310c
3a2b
44fc
0794
07e5
07f5
0806
0816
0826
0847
0868
089a
08cd
0907
0942
09a4
0a0a
0a75
0ae5
0b9d
0c61
0d37
0e1c
0f7b
10fc
129c
1463
1756
1ab8
1e48
2253
2922
314c
3a5c
4515
0850
08a0
08b1
08c1
08d1
08e2
0903
0923
0955
0988
09c1
09fc
0a5e
0ac3
0b2e
0b9d
0c55
0d19
0ded
0ece
1027
11a1
1344
150e
17ff
1b5a
1ee2
22de
29a7
31c1
3ab8
454d
091f
096d
097d
098d
099e
09ae
09ce
09ef
0a20
0a52
0a8b
0ac5
0b26
0b8b
0bf4
0c61
0d19
0ddb
0eab
0f88
10db
124b
13f2
15bf
18ad
1c00
1f7e
236b
2a2c
3237
3b16
4585
09f8
0a47
0a58
0a68
0a78
0a88
0aa8
0ac7
0af9
0b2c
0b64
0b9d
0bfd
0c61
0cca
0d37
0ded
0eab
0f73
1044
119f
1317
14bc
1686
1971
1cbd
2036
241b
2ad0
32c6
3b8c
45d6
0ae7
0b36
0b45
0b55
0b65
0b76
0b94
0bb3
0be5
0c18
0c4e
0c86
0ce5
0d46
0daf
0e1c
0ece
0f88
1044
110a
126d
13ed
158f
1753
1a3b
1d7e
20f2
24ce
2b77
3355
3c03
4628
0c62
0cb0
0cbf
0ccf
0cdf
0cee
0d0d
0d2b
0d5d
0d8f
0dc4
0df9
0e53
0eae
0f13
0f7b
1027
10db
119f
126d
13ce
154a
16ea
18a9
1b8b
1ec3
2231
2600
2c92
3448
3cd6
46cb
0e11
0e5c
0e6b
0e7a
0e8a
0e99
0eb6
0ed4
0f03
0f34
0f66
0f98
0fe9
103c
109b
10fc
11a1
124b
1317
13ed
154a
16bf
185a
1a13
1cec
2017
237c
273c
2db5
353e
3dac
4770
0fa8
0ff1
1000
100f
101d
102c
104a
1067
1096
10c6
10f9
112b
1181
11d8
1239
129c
1344
13f2
14bc
158f
16ea
185a
19f4
1ba8
1e70
2181
24ed
28b3
2f1f
368e
3edb
486b
116c
11b3
11c1
11cf
11dd
11ec
1209
1226
1254
1282
12b4
12e8
1341
139c
13fe
1463
150e
15bf
1686
1753
18a9
1a13
1ba8
1d57
2009
22fb
266e
2a39
3095
37e7
400f
4969
146f
14b4
14c2
14d0
14de
14ed
1509
1526
1552
157f
15b1
15e3
163b
1694
16f4
1756
17ff
18ad
1971
1a3b
1b8b
1cec
1e71
2009
22c6
25bf
292b
2ce8
333a
3a6e
4276
4b99
17f7
1837
1845
1853
1861
186f
188a
18a4
18ce
18f8
1928
1958
19aa
19fe
1a5a
1ab8
1b5a
1c00
1cbd
1d7e
1ec3
2017
2181
22fb
25bf
28ba
2c1b
2fc3
3602
3d13
44f4
4dda
1bb3
1bf2
1bff
1c0c
1c19
1c27
1c3f
1c59
1c80
1ca8
1cd4
1d01
1d4e
1d9a
1df1
1e48
1ee2
1f7e
2036
20f2
2231
237c
24ed
266e
292c
2c1b
2f6a
32fa
3941
404d
4816
50d0
2006
203f
204a
2056
2063
206f
2085
209c
20c0
20e4
210b
2132
2174
21b8
2205
2253
22de
236b
241b
24ce
2600
273c
28b3
2a39
2ce8
2fc3
32fa
3668
3cb0
43b3
4b5c
53e2
2703
2736
2740
274b
2755
2760
2774
2788
27a9
27ca
27ee
2812
2850
2890
28d9
2922
29a7
2a2c
2ad0
2b77
2c92
2db5
2f1f
3095
333a
3602
3941
3cb0
42ca
4981
5102
5948
2f87
2fad
2fb5
2fbd
2fc5
2fcd
2fdd
2fed
3007
3022
3040
305e
3095
30cd
310c
314c
31c1
3237
32c6
3355
3448
353e
368e
37e7
3a6e
3d13
404d
43b3
4981
4fcf
5716
5f07
3914
392e
3933
3938
393e
3943
394e
395a
396c
397f
3994
39a9
39d2
39fa
3a2b
3a5c
3ab8
3b16
3b8c
3c03
3cd6
3dac
3edb
400f
4276
44f4
4816
4b5c
5103
5716
5e1d
65b4
448b
4493
4494
4496
4497
4499
449d
44a1
44a7
44ad
44b5
44be
44d0
44e3
44fc
4515
454d
4585
45d6
4628
46cb
4770
486b
4969
4b99
4dda
50d0
53e2
5948
5f07
65b4
6cda
04fc
054f
055f
0570
0580
0591
05b2
05d4
0608
063e
0679
06b7
0717
077e
07ed
0862
091f
09ec
0ac4
0bb0
0d29
0ed3
1065
1222
1525
18a7
1c5f
20a7
279b
3009
397b
44c7
054f
05a1
05b1
05c2
05d3
05e4
0605
0626
065c
0693
06cd
0708
076a
07d0
083e
08b1
096d
0a39
0b13
0bff
0d76
0f1a
10ad
1269
1569
18e6
1c9b
20df
27cc
302e
3993
44cf
055f
05b1
05c2
05d2
05e3
05f4
0615
0637
066c
06a3
06dd
071a
077a
07e0
084e
08c1
097d
0a49
0b23
0c0f
0d85
0f29
10bb
1277
1577
18f3
1ca8
20eb
27d6
3035
3998
44d0
0570
05c2
05d2
05e3
05f4
0605
0626
0648
067d
06b3
06ee
072b
078b
07f0
085e
08d2
098d
0a59
0b33
0c1f
0d95
0f38
10ca
1286
1585
1901
1cb6
20f7
27e1
303d
399e
44d2
0580
05d3
05e3
05f4
0604
0615
0637
0659
068d
06c4
06ff
073c
079c
0800
086e
08e2
099e
0a69
0b43
0c2f
0da5
0f47
10d8
1294
1593
190f
1cc3
2103
27eb
3045
39a3
44d3
0591
05e4
05f4
0605
0615
0626
0648
066a
069e
06d5
0710
074d
07ad
0811
087f
08f3
09ae
0a79
0b53
0c3f
0db4
0f56
10e7
12a2
15a1
191c
1cd0
210f
27f6
304d
39a9
44d5
05b2
0605
0615
0626
0637
0648
0669
068b
06bf
06f5
0730
076d
07cd
0831
089f
0913
09ce
0a99
0b72
0c5d
0dd1
0f72
1104
12be
15bd
1937
1ce8
2125
2809
305c
39b4
44d9
05d4
0626
0637
0648
0659
066a
068b
06ad
06e1
0716
0751
078e
07ed
0851
08bf
0933
09ef
0ab9
0b91
0c7b
0def
0f8e
1120
12db
15d9
1952
1d02
213b
281d
306d
39bf
44dc
0608
065c
066c
067d
068e
069e
06bf
06e1
0714
074a
0785
07c1
0821
0885
08f2
0965
0a20
0aea
0bc3
0cac
0e1f
0fbe
114f
1308
1606
197a
1d28
215e
283d
3086
39d1
44e3
063e
0693
06a3
06b3
06c4
06d5
06f5
0716
074a
0780
07ba
07f6
0856
08ba
0926
0997
0a52
0b1c
0bf5
0cde
0e51
0fed
117e
1337
1632
19a4
1d4f
2180
285c
30a0
39e3
44e9
0679
06cd
06dd
06ee
06ff
0710
0730
0751
0785
07ba
07f4
082f
088e
08f2
095f
09d0
0a8b
0b54
0c2c
0d14
0e84
101c
11af
1369
1664
19d3
1d79
21a3
287e
30be
39f7
44f1
06b7
0708
071a
072b
073c
074d
076d
078e
07c1
07f6
082f
086a
08c9
092c
0999
0a0b
0ac5
0b8d
0c64
0d4b
0eb7
104a
11df
139c
1696
1a02
1da3
21c6
289f
30db
3a0d
44f8
0717
076a
077a
078b
079c
07ad
07cd
07ed
0821
0856
088e
08c9
0929
098e
09fb
0a6c
0b27
0bed
0cc4
0da9
0f0b
1091
122f
13f5
16ed
1a55
1dec
2200
28d8
3111
3a34
450a
077e
07d0
07e0
07f0
0800
0811
0831
0851
0885
08ba
08f2
092c
098e
09f5
0a61
0ad1
0b8b
0c51
0d26
0e0a
0f60
10d8
127f
1450
1745
1aa8
1e34
223a
2912
3147
3a5c
451d
07ed
083e
084e
085e
086e
087f
089f
08bf
08f2
0926
095f
0999
09fb
0a61
0acc
0b3b
0bf4
0cb9
0d8e
0e71
0fc6
113a
12e2
14b2
17a4
1b03
1e8c
2289
295b
3185
3a8b
4535
0862
08b1
08c1
08d2
08e2
08f3
0913
0933
0965
0997
09d0
0a0b
0a6c
0ad1
0b3b
0ba9
0c61
0d24
0df9
0edb
102e
119e
1346
1515
1806
1b5f
1ee3
22da
29a6
31c4
3aba
454d
091f
096d
097d
098d
099e
09ae
09ce
09ef
0a20
0a52
0a8b
0ac5
0b26
0b8b
0bf4
0c61
0d19
0ddb
0eab
0f88
10db
124b
13f2
15bf
18ad
1c00
1f7e
236b
2a2c
3237
3b16
4585
09ec
0a39
0a49
0a59
0a69
0a79
0a99
0ab9
0aea
0b1c
0b54
0b8d
0bed
0c51
0cb9
0d24
0ddb
0e9b
0f66
103c
118f
12ff
14a4
166e
1959
1ca5
201c
23fe
2ab5
32ac
3b72
45be
0ac4
0b13
0b23
0b33
0b43
0b53
0b72
0b91
0bc3
0bf5
0c2c
0c64
0cc4
0d26
0d8e
0df9
0eab
0f66
1027
10f1
1250
13ca
156d
1733
1a1b
1d60
20d2
24ac
2b56
3336
3be5
460c
0bb0
0bff
0c0f
0c1f
0c2f
0c3f
0c5d
0c7b
0cac
0cde
0d14
0d4b
0da9
0e0a
0e71
0edb
0f88
103c
10f1
11af
1318
149e
163e
17ff
1ae2
1e1e
218c
255e
2bfa
33c1
3c57
465b
0d29
0d76
0d85
0d95
0da5
0db4
0dd1
0def
0e1f
0e51
0e84
0eb7
0f0b
0f60
0fc6
102e
10db
118f
1250
1318
147b
15f9
1796
1951
1c2f
1f60
22c7
268c
2d11
34b0
3d26
46f9
0ed3
0f1a
0f29
0f38
0f47
0f56
0f72
0f8e
0fbe
0fed
101c
104a
1091
10d8
113a
119e
124b
12ff
13ca
149e
15f9
176a
1902
1ab6
1d8c
20af
240d
27c4
2e2f
35a3
3df7
4797
1065
10ad
10bc
10ca
10d9
10e7
1104
1120
114f
117e
11af
11df
122f
127f
12e2
1346
13f2
14a4
156d
163e
1796
1902
1a98
1c48
1f0c
2214
257b
2938
2f96
36ef
3f22
4890
1222
1269
1277
1286
1294
12a2
12be
12db
1308
1337
1369
139c
13f5
1450
14b2
1515
15bf
166e
1733
17ff
1951
1ab6
1c48
1df3
209f
2389
26f7
2ab9
3106
3843
4053
498c
1525
1569
1577
1585
1593
15a1
15bd
15d9
1605
1632
1663
1696
16ed
1745
17a5
1806
18ad
1959
1a1b
1ae2
1c2f
1d8c
1f0c
209f
2356
2647
29ad
2d61
33a3
3ac1
42b2
4bb5
18a7
18e6
18f3
1901
190f
191c
1937
1952
197a
19a4
19d3
1a02
1a55
1aa8
1b03
1b5f
1c00
1ca5
1d60
1e1e
1f60
20af
2214
2389
2647
293b
2c94
3033
3662
3d5c
4527
4dee
1c5f
1c9b
1ca8
1cb6
1cc3
1cd0
1ce8
1d02
1d28
1d4f
1d79
1da3
1dec
1e34
1e8c
1ee3
1f7e
201c
20d2
218c
22c7
240d
257b
26f7
29ad
2c94
2fdc
3361
3996
408c
4840
50df
20a7
20df
20eb
20f7
2103
210f
2125
213b
215e
2180
21a3
21c6
2200
223a
2289
22da
236b
23fe
24ac
255e
268c
27c4
2938
2ab9
2d61
3033
3361
36c4
3cfa
43e6
4b7c
53eb
279b
27cc
27d6
27e1
27eb
27f6
2809
281d
283d
285c
287e
289f
28d8
2912
295b
29a6
2a2c
2ab5
2b56
2bfa
2d11
2e2f
2f96
3106
33a3
3662
3996
3cfa
4303
49a3
5117
594d
3009
302e
3035
303d
3045
304d
305c
306d
3086
30a0
30be
30db
3111
3147
3185
31c4
3237
32ac
3336
33c1
34b0
35a3
36ef
3843
3ac1
3d5c
408c
43e6
49a3
4fde
571e
5f08
397b
3993
3998
399e
39a3
39a9
39b4
39bf
39d1
39e3
39f7
3a0d
3a34
3a5c
3a8a
3aba
3b16
3b72
3be5
3c57
3d26
3df7
3f23
4053
42b2
4527
4840
4b7c
5118
571e
5e22
65b5
44c7
44cf
44d0
44d2
44d3
44d5
44d9
44dc
44e3
44e9
44f1
44f8
450a
451d
4535
454d
4585
45be
460c
465b
46f9
4797
4890
498c
4bb5
4dee
50df
53eb
594d
5f08
65b5
6cdb
05d7
062a
063b
064c
065c
066d
068e
06b0
06e5
071a
0755
0793
07f4
085b
08c8
093b
09f9
0ac4
0b9f
0c8a
0dfd
0f99
1133
12f6
15f7
1971
1d1c
214f
2843
30aa
3a01
4522
062a
067e
068e
069f
06b0
06c0
06e1
0703
0738
076e
07a8
07e5
0846
08ac
0919
098a
0a48
0b13
0bed
0cd8
0e43
0fd6
1173
133b
163a
19b0
1d57
2182
2870
30cd
3a18
4529
063b
068e
069f
06af
06c0
06d1
06f2
0713
0748
077e
07b9
07f6
0857
08bc
0929
099b
0a58
0b23
0bfd
0ce7
0e52
0fe4
1181
1349
1647
19bd
1d63
218d
287a
30d4
3a1d
452a
064c
069f
06af
06c0
06d1
06e2
0703
0724
0759
078f
07ca
0807
0867
08cc
0939
09ab
0a68
0b33
0c0d
0cf7
0e61
0ff2
118f
1357
1655
19ca
1d6f
2198
2884
30dc
3a22
452c
065c
06b0
06c0
06d1
06e1
06f2
0713
0735
0769
079f
07da
0818
0878
08dc
0949
09bb
0a78
0b43
0c1d
0d07
0e70
1000
119e
1365
1663
19d7
1d7c
21a3
288d
30e3
3a28
452e
066d
06c0
06d1
06e2
06f2
0703
0725
0746
077a
07b0
07eb
0829
0889
08ec
0959
09cb
0a88
0b53
0c2c
0d16
0e7f
100f
11ac
1373
1671
19e5
1d88
21af
2897
30eb
3a2d
4530
068e
06e1
06f2
0702
0713
0725
0746
0767
079b
07d1
080c
0849
08a9
090d
0979
09eb
0aa8
0b72
0c4b
0d34
0e9c
102b
11c8
138f
168c
19fe
1da0
21c5
28ab
30fa
3a37
4533
06b0
0703
0713
0724
0735
0746
0767
0788
07bd
07f2
082d
086a
08ca
092d
099a
0a0b
0ac7
0b91
0c6a
0d52
0eba
1047
11e5
13ab
16a7
1a17
1db9
21db
28bf
310a
3a42
4536
06e5
0738
0748
0758
076a
077a
079b
07bd
07f0
0826
0861
089d
08fd
0960
09cc
0a3e
0af9
0bc3
0c9b
0d83
0ee9
1075
1212
13d8
16d3
1a40
1dde
21fd
28de
3123
3a53
453c
071a
076e
077e
078f
079f
07b0
07d1
07f2
0826
085c
0896
08d2
0931
0994
09ff
0a70
0b2c
0bf5
0ccd
0db4
0f1a
10a3
1241
1405
16ff
1a69
1e05
221f
28fd
313c
3a65
4542
0755
07a8
07b9
07ca
07da
07eb
080c
082d
0861
0896
08d0
090b
0969
09cb
0a38
0aa9
0b64
0c2c
0d04
0dea
0f4d
10d4
1271
1437
1730
1a98
1e30
2245
291f
3158
3a79
4549
0793
07e5
07f6
0807
0818
0829
0849
086a
089d
08d2
090b
0946
09a3
0a05
0a71
0ae2
0b9d
0c64
0d3a
0e1f
0f81
1105
12a3
1469
1760
1ac6
1e5b
226a
2942
3176
3a8d
4550
07f4
0846
0857
0867
0878
0889
08a9
08ca
08fd
0931
0969
09a3
0a03
0a67
0ad3
0b43
0bfd
0cc4
0d99
0e7c
0fd8
1155
12f7
14c1
17b6
1b17
1ea5
22aa
297e
31aa
3ab3
4561
085b
08ac
08bc
08cc
08dc
08ec
090d
092d
0960
0994
09cb
0a05
0a67
0acd
0b38
0ba7
0c61
0d26
0dfb
0edc
1031
11a6
134d
151b
180d
1b68
1ef0
22eb
29ba
31dd
3ad9
4573
08c8
0919
0929
0939
0949
0959
0979
099a
09cc
09ff
0a38
0a71
0ad3
0b38
0ba2
0c12
0cca
0d8e
0e5f
0f3c
1092
1207
13ae
157b
186b
1bc3
1f46
233b
2a03
321a
3b06
4589
093b
098a
099b
09ab
09bb
09cb
09eb
0a0b
0a3e
0a70
0aa9
0ae2
0b43
0ba7
0c12
0c80
0d37
0df9
0ec5
0f9e
10f5
126b
1411
15dd
18cc
1c1e
1f9d
238b
2a4d
3257
3b34
45a0
09f9
0a48
0a58
0a68
0a78
0a88
0aa8
0ac7
0af9
0b2c
0b64
0b9d
0bfd
0c61
0cca
0d37
0ded
0eab
0f73
1044
11a0
1317
14bd
1686
1971
1cbd
2036
241b
2ad0
32c5
3b8c
45d6
0ac4
0b13
0b23
0b33
0b43
0b53
0b72
0b91
0bc3
0bf5
0c2c
0c64
0cc4
0d26
0d8e
0df9
0eab
0f66
1027
10f1
1250
13ca
156d
1733
1a1b
1d60
20d2
24ac
2b56
3336
3be5
460c
0b9f
0bed
0bfd
0c0d
0c1d
0c2c
0c4b
0c6a
0c9b
0ccd
0d03
0d3a
0d99
0dfb
0e5f
0ec5
0f73
1027
10e8
11b2
1315
1494
1636
17f7
1adc
1e19
2187
2559
2bf2
33b6
3c51
465a
0c8a
0cd8
0ce7
0cf7
0d07
0d16
0d34
0d52
0d83
0db4
0dea
0e1f
0e7c
0edc
0f3c
0f9e
1044
10f1
11b2
127b
13e4
1567
1705
18c2
1ba2
1ed7
2240
2608
2c91
3438
3cbe
46a8
0dfd
0e43
0e52
0e61
0e70
0e7f
0e9c
0eba
0ee9
0f1a
0f4d
0f81
0fd8
1031
1092
10f5
11a0
1250
1315
13e4
1545
16c0
185a
1a11
1ce7
200b
2371
2733
2da8
352c
3d8c
473e
0f99
0fd6
0fe4
0ff2
1000
100f
102b
1047
1075
10a3
10d4
1105
1155
11a6
1207
126b
1317
13ca
1494
1567
16c0
182e
19c3
1b72
1e3b
214c
24ad
2867
2ec5
3624
3e5d
47d5
1133
1173
1181
118f
119e
11ac
11c8
11e5
1212
1241
1271
12a3
12f7
134d
13ae
1411
14bd
156d
1636
1705
185a
19c3
1b56
1d02
1fbb
22b7
261c
29d6
3027
376b
3f84
48cc
12f6
133b
1349
1357
1365
1373
138f
13ab
13d8
1405
1437
1469
14c1
151b
157b
15dd
1686
1733
17f7
18c2
1a11
1b72
1d02
1ea8
2150
2432
2799
2b53
3192
38b9
40b0
49c5
15f7
163a
1648
1655
1663
1671
168c
16a7
16d3
16ff
172f
1760
17b6
180d
186c
18cc
1971
1a1b
1adc
1ba2
1ce7
1e3b
1fbb
2150
2401
26ea
2a49
2df3
3426
3b2e
4306
4be6
1971
19b0
19bd
19ca
19d7
19e5
19fe
1a17
1a40
1a69
1a98
1ac6
1b17
1b68
1bc3
1c1e
1cbd
1d60
1e19
1ed7
200b
214c
22b7
2432
26ea
29d6
2d28
30bd
36db
3dbf
4571
4e17
1d1c
1d57
1d63
1d6f
1d7c
1d88
1da0
1db9
1dde
1e05
1e30
1e5b
1ea5
1ef0
1f46
1f9d
2036
20d2
2187
2240
2371
24ad
261c
2799
2a49
2d28
3066
33e1
3a05
40e3
487e
50fd
214f
2182
218d
2198
21a3
21af
21c5
21db
21fd
221f
2245
226a
22aa
22eb
233b
238b
241b
24ac
2559
2608
2733
2867
29d6
2b53
2df3
30bd
33e1
373a
3d5d
4430
4bae
53fe
2843
2870
287a
2884
288d
2897
28ab
28bf
28de
28fd
291f
2942
297e
29ba
2a03
2a4d
2ad0
2b56
2bf2
2c91
2da8
2ec5
3027
3192
3426
36db
3a05
3d5d
4352
49da
513b
5958
30aa
30cd
30d4
30dc
30e3
30eb
30fa
310a
3123
313c
3158
3176
31aa
31dd
321a
3257
32c5
3336
33b6
3438
352c
3624
376b
38b9
3b2e
3dbf
40e3
4430
49da
4ffd
5730
5f09
3a01
3a18
3a1d
3a22
3a27
3a2d
3a37
3a42
3a53
3a65
3a79
3a8d
3ab3
3ad9
3b06
3b34
3b8c
3be5
3c51
3cbe
3d8c
3e5d
3f84
40b0
4306
4571
487e
4bae
513b
5730
5e2b
65b6
4522
4529
452a
452c
452e
4530
4533
4536
453c
4542
4549
4550
4561
4573
4589
45a0
45d6
460c
465a
46a8
473e
47d5
48cc
49c5
4be6
4e17
50fd
53fe
5958
5f09
65b6
6cdb
06d8
072a
073a
074a
075a
076b
078c
07ad
07e0
0815
084f
088b
08ec
0952
09bc
0a2a
0ae7
0bb0
0c8a
0d75
0edd
106b
120b
13d4
16d1
1a41
1dde
21fb
28ee
314d
3a88
457e
072a
077d
078d
079d
07ad
07bd
07dd
07fe
0831
0866
08a0
08dc
093c
09a0
0a0a
0a79
0b36
0bff
0cd8
0dc1
0f1d
109b
1244
1417
1712
1a80
1e16
2228
2917
316e
3a9e
4583
073a
078d
079d
07ad
07bd
07ce
07ee
080e
0841
0876
08b0
08ec
094c
09b0
0a1a
0a89
0b45
0c0f
0ce7
0dd0
0f2b
10a8
1251
1424
171f
1a8d
1e22
2232
2920
3175
3aa3
4585
074a
079d
07ad
07bd
07ce
07de
07fe
081f
0852
0886
08c1
08fd
095c
09bf
0a2a
0a99
0b55
0c1f
0cf7
0dde
0f39
10b5
125e
1432
172d
1a9a
1e2e
223d
2929
317d
3aa8
4587
075a
07ad
07bd
07ce
07de
07ef
080f
082f
0862
0896
08d1
090e
096c
09cf
0a3a
0aa9
0b65
0c2f
0d06
0ded
0f47
10c2
126c
143f
173b
1aa7
1e3a
2247
2932
3184
3aad
4589
076b
07bd
07ce
07de
07ef
0800
0820
0840
0873
08a7
08e1
091e
097d
09df
0a4a
0ab9
0b76
0c3f
0d16
0dfc
0f55
10d0
1279
144d
1748
1ab4
1e46
2251
293c
318b
3ab3
458b
078c
07dd
07ed
07fe
080f
0820
0840
0860
0893
08c8
0903
093e
099e
0a00
0a6a
0ad8
0b94
0c5d
0d34
0e1a
0f73
10ec
1296
1469
1762
1acb
1e5d
2267
294f
319a
3abd
458d
07ad
07fe
080e
081f
082f
0840
0860
087f
08b4
08e9
0924
095f
09be
0a21
0a8a
0af7
0bb3
0c7b
0d52
0e38
0f90
1109
12b2
1484
177d
1ae3
1e74
227d
2963
31aa
3ac7
4590
07e0
0831
0841
0851
0862
0873
0893
08b4
08e7
091c
0957
0992
09f0
0a51
0abb
0b2a
0be5
0cac
0d83
0e68
0fbf
1135
12de
14b0
17a7
1b0c
1e9a
229f
2981
31c1
3ad7
4596
0815
0866
0876
0886
0896
08a7
08c8
08e9
091c
0950
098a
09c6
0a23
0a83
0aed
0b5c
0c18
0cde
0db4
0e98
0fee
1162
130b
14dc
17d3
1b35
1ec0
22c1
299f
31d9
3ae7
459b
084f
08a0
08b0
08c1
08d1
08e1
0902
0924
0956
098a
09c4
09fe
0a5a
0aba
0b25
0b93
0c4e
0d14
0dea
0ecc
1021
1195
133d
150d
1802
1b62
1eeb
22ea
29c3
31f5
3afb
45a2
088b
08dc
08ec
08fd
090e
091e
093e
095f
0992
09c6
09fe
0a37
0a93
0af3
0b5d
0bcc
0c86
0d4b
0e1f
0f01
1055
11c7
136f
153e
1833
1b90
1f17
2312
29e7
3212
3b0f
45a9
08ec
093c
094c
095c
096c
097d
099d
09be
09f0
0a23
0a5a
0a93
0af2
0b53
0bbd
0c2b
0ce4
0da9
0e7c
0f5d
10b1
1221
13c8
1595
1887
1bdf
1f62
2358
2a26
3243
3b33
45b9
0952
09a0
09b0
09bf
09cf
09df
0a00
0a21
0a51
0a83
0aba
0af3
0b53
0bb7
0c20
0c8d
0d46
0e0a
0edc
0fbb
110e
127c
1423
15ee
18dc
1c2e
1faf
239f
2a66
3276
3b57
45c9
09bc
0a0a
0a1a
0a2a
0a3a
0a4a
0a6a
0a8a
0abb
0aed
0b25
0b5d
0bbe
0c20
0c8a
0cf8
0daf
0e71
0f3c
1012
116a
12de
1483
164d
1939
1c87
2005
23ef
2aae
32b0
3b82
45de
0a2a
0a79
0a89
0a99
0aa9
0ab9
0ad8
0af7
0b2a
0b5c
0b93
0bcc
0c2b
0c8d
0cf8
0d66
0e1c
0edb
0f9e
106b
11c7
1341
14e5
16ad
1997
1ce2
205b
2440
2af6
32eb
3bae
45f4
0ae7
0b36
0b45
0b55
0b65
0b76
0b94
0bb3
0be5
0c18
0c4e
0c86
0ce5
0d46
0daf
0e1c
0ece
0f88
1044
110a
126d
13ed
158f
1753
1a3b
1d7e
20f2
24ce
2b77
3355
3c03
4628
0bb0
0bff
0c0f
0c1f
0c2f
0c3f
0c5d
0c7b
0cac
0cde
0d14
0d4b
0da9
0e0a
0e71
0edb
0f88
103c
10f1
11af
1318
149e
163e
17ff
1ae2
1e1e
218c
255e
2bfa
33c1
3c57
465b
0c8a
0cd8
0ce7
0cf7
0d07
0d16
0d34
0d52
0d83
0db4
0dea
0e1f
0e7c
0edc
0f3c
0f9e
1044
10f1
11b2
127b
13e4
1567
1705
18c2
1ba2
1ed7
2240
2608
2c91
3438
3cbe
46a8
0d75
0dc1
0dd0
0dde
0ded
0dfc
0e1a
0e38
0e68
0e98
0ecc
0f01
0f5d
0fbb
1012
106b
110a
11af
127b
1351
14b8
1639
17d4
198c
1c67
1f94
22f7
26b6
2d2a
34b1
3d25
46f4
0edd
0f1d
0f2b
0f39
0f47
0f55
0f73
0f90
0fbf
0fee
1021
1055
10b0
110e
116a
11c7
126d
1318
13e4
14b8
1618
178f
1925
1ad7
1da4
20bb
241f
27dd
2e40
35a9
3df3
4783
106b
109b
10a8
10b5
10c2
10d0
10ec
1109
1135
1162
1195
11c7
1221
127c
12de
1341
13ed
149e
1567
1639
178f
18f9
1a8a
1c33
1eee
21eb
2550
290c
2f5d
36a7
3ec3
4814
120b
1244
1251
125e
126c
1279
1295
12b2
12de
130b
133d
136f
13c8
1423
1483
14e5
158f
163e
1705
17d4
1925
1a8a
1c19
1dc0
206f
235c
26c0
2a77
30b9
37e8
3fe6
4908
13d4
1417
1424
1432
143f
144d
1469
1484
14b0
14dc
150d
153e
1595
15ee
164d
16ad
1753
17ff
18c2
198c
1ad7
1c33
1dc0
1f62
2203
24dd
283e
2bef
3220
3931
410e
49ff
16d1
1712
1720
172d
173b
1748
1762
177d
17a7
17d3
1802
1833
1887
18dc
1939
1997
1a3b
1ae2
1ba2
1c67
1da4
1eee
206f
2203
24ae
278f
2ae7
2e87
34aa
3b9d
435a
4c17
1a41
1a80
1a8d
1a9a
1aa7
1ab4
1acb
1ae3
1b0c
1b35
1b62
1b90
1bdf
1c2e
1c87
1ce2
1d7e
1e1e
1ed7
1f94
20bb
21eb
235c
24dd
278f
2a74
2dbd
3147
3756
3e23
45bb
4e3f
1dde
1e16
1e22
1e2d
1e3a
1e46
1e5d
1e74
1e9a
1ec0
1eeb
1f17
1f63
1faf
2004
205b
20f2
218c
2240
22f7
241f
2550
26c0
283e
2ae7
2dbd
30f3
3462
3a75
413b
48bc
511b
21fb
2228
2232
223d
2247
2251
2267
227d
229f
22c1
22ea
2312
2358
239f
23ef
2440
24ce
255e
2608
26b6
27dd
290c
2a77
2bef
2e87
3147
3462
37b0
3dc1
447b
4be0
5412
28ee
2917
2920
2929
2932
293c
294f
2963
2981
299f
29c4
29e7
2a26
2a66
2aae
2af6
2b77
2bfa
2c91
2d2a
2e40
2f5d
30b9
3220
34aa
3756
3a75
3dc1
43a2
4a12
515e
5963
314d
316e
3175
317d
3184
318b
319a
31aa
31c1
31d9
31f5
3212
3243
3276
32b0
32eb
3355
33c1
3438
34b1
35a9
36a7
37e8
3931
3b9d
3e23
413b
447b
4a12
501c
5741
5f0a
3a88
3a9e
3aa3
3aa8
3aad
3ab3
3abd
3ac7
3ad7
3ae7
3afb
3b0f
3b33
3b57
3b82
3bae
3c03
3c57
3cbe
3d25
3df3
3ec3
3fe6
410e
435a
45bb
48bc
4be0
515e
5741
5e35
65b7
457e
4583
4585
4587
4589
458b
458d
4590
4596
459b
45a2
45a9
45b9
45c9
45de
45f4
4628
465b
46a8
46f4
4783
4814
4908
49ff
4c17
4e3f
511b
5412
5963
5f0a
65b7
6cdb
0853
08a5
08b6
08c6
08d7
08e7
0908
0929
095d
0992
09cb
0a06
0a67
0acd
0b37
0ba6
0c62
0d29
0dfd
0edd
1040
11c3
136a
1537
1833
1b9b
1f30
233d
2a27
326c
3b83
463d
08a5
08fa
0909
091a
092a
093a
095b
097c
09ae
09e2
0a1c
0a58
0ab7
0b1a
0b86
0bf5
0cb0
0d76
0e43
0f1d
107d
11fe
13a8
1579
1874
1bd8
1f68
236c
2a50
328c
3b97
4641
08b6
0909
091a
092a
093a
094b
096b
098b
09be
09f2
0a2c
0a67
0ac7
0b2a
0b95
0c05
0cc0
0d85
0e52
0f2b
108b
120b
13b5
1587
1881
1be4
1f73
2376
2a59
3292
3b9c
4642
08c6
091a
092a
093a
094b
095c
097c
099c
09ce
0a02
0a3c
0a78
0ad7
0b3a
0ba5
0c15
0ccf
0d95
0e61
0f39
1099
1219
13c3
1594
188e
1bf1
1f7f
2380
2a62
3299
3ba0
4644
08d7
092a
093a
094b
095c
096c
098c
09ad
09df
0a12
0a4c
0a88
0ae7
0b49
0bb5
0c25
0cdf
0da5
0e6f
0f47
10a7
1226
13d0
15a2
189b
1bfd
1f8a
238a
2a6b
32a0
3ba5
4646
08e7
093a
094b
095c
096c
097d
099d
09bd
09ef
0a22
0a5d
0a99
0af7
0b59
0bc5
0c34
0cef
0db4
0e7f
0f55
10b5
1234
13de
15af
18a8
1c0a
1f96
2395
2a74
32a6
3ba9
4647
0908
095b
096b
097b
098c
099d
09bd
09dc
0a0f
0a43
0a7e
0ab9
0b18
0b7a
0be5
0c53
0d0d
0dd1
0e9c
0f73
10d2
1250
13f9
15ca
18c2
1c22
1fad
23aa
2a86
32b4
3bb2
4649
0929
097c
098b
099c
09ad
09bd
09dc
09fc
0a30
0a64
0a9f
0ada
0b39
0b9a
0c04
0c73
0d2b
0def
0eb9
0f90
10ee
126b
1415
15e4
18dc
1c39
1fc3
23bf
2a99
32c1
3bbb
464c
095d
09ae
09be
09ce
09df
09ef
0a0f
0a30
0a63
0a97
0ad2
0b0c
0b6b
0bcb
0c36
0ca5
0d5d
0e1f
0ee9
0fbf
111c
1299
1441
1611
1906
1c60
1fe8
23e1
2ab5
32d6
3bc9
4650
0992
09e2
09f2
0a02
0a12
0a22
0a43
0a64
0a97
0aca
0b05
0b40
0b9d
0bfc
0c68
0cd7
0d8f
0e51
0f19
0fee
114b
12c5
146e
163d
1930
1c87
200d
2402
2ad2
32ec
3bd8
4655
09cb
0a1c
0a2b
0a3c
0a4c
0a5d
0a7e
0a9f
0ad1
0b05
0b3e
0b78
0bd4
0c33
0c9e
0d0e
0dc4
0e84
0f4d
1021
117d
12f8
149f
166d
195f
1cb3
2037
2429
2af5
3307
3beb
465b
0a06
0a58
0a67
0a78
0a88
0a99
0ab9
0ada
0b0c
0b40
0b78
0bb0
0c0d
0c6c
0cd6
0d45
0df9
0eb7
0f81
1055
11b1
132a
14d1
169d
198e
1cdf
2061
2450
2b17
3323
3bfd
4661
0a67
0ab7
0ac7
0ad7
0ae7
0af7
0b17
0b39
0b6a
0b9d
0bd4
0c0d
0c6b
0ccc
0d36
0da3
0e53
0f0b
0fd8
10b0
120b
1382
1529
16f3
19e0
1d2d
20ab
2495
2b51
334b
3c1a
466e
0acd
0b1a
0b2a
0b3a
0b49
0b59
0b7a
0b9a
0bcb
0bfc
0c33
0c6c
0ccc
0d2f
0d98
0e04
0eae
0f60
1032
110e
1267
13dc
1581
1749
1a33
1d7b
20f5
24da
2b8b
3374
3c38
467b
0b37
0b86
0b95
0ba5
0bb5
0bc5
0be5
0c04
0c36
0c68
0c9e
0cd6
0d36
0d98
0dff
0e68
0f13
0fc6
1092
116a
12c6
143d
15e1
17a7
1a8f
1dd2
2149
2527
2bd0
33aa
3c5f
468c
0ba6
0bf5
0c05
0c15
0c25
0c34
0c53
0c73
0ca5
0cd7
0d0e
0d45
0da3
0e04
0e68
0ed0
0f7b
102e
10f5
11c7
1327
14a0
1642
1806
1aeb
1e2a
219d
2576
2c15
33e0
3c87
469e
0c62
0cb0
0cc0
0ccf
0cdf
0cef
0d0d
0d2b
0d5d
0d8f
0dc4
0df9
0e53
0eae
0f13
0f7b
1027
10db
11a0
126d
13ce
154a
16ea
18a9
1b8b
1ec3
2231
2600
2c92
3448
3cd6
46cb
0d29
0d76
0d85
0d95
0da5
0db4
0dd1
0def
0e1f
0e51
0e84
0eb7
0f0b
0f60
0fc6
102e
10db
118f
1250
1318
147b
15f9
1796
1951
1c2f
1f60
22c7
268c
2d11
34b0
3d26
46f9
0dfd
0e43
0e52
0e61
0e70
0e7f
0e9c
0eb9
0eea
0f19
0f4d
0f81
0fd8
1032
1092
10f5
11a0
1250
1315
13e4
1545
16c0
185a
1a11
1ce7
200b
2371
2733
2da8
352c
3d8c
473e
0edd
0f1d
0f2b
0f39
0f47
0f55
0f73
0f90
0fbf
0fee
1021
1055
10b0
110e
116a
11c7
126d
1318
13e4
14b8
1618
178f
1925
1ad7
1da4
20bb
241f
27dd
2e40
35a9
3df3
4783
1040
107d
108b
1099
10a7
10b5
10d2
10ee
111c
114b
117e
11b1
120b
1267
12c6
1327
13ce
147b
1545
1618
1775
18e6
1a78
1c24
1ee3
21e7
254a
2904
2f56
36a3
3ec5
481c
11c3
11fe
120b
1219
1226
1234
1250
126b
1299
12c5
12f8
132a
1382
13dc
143d
14a0
154a
15f9
16c0
178f
18e6
1a51
1bdd
1d80
2030
231e
267f
2a34
3074
37a0
3f99
48b7
136a
13a8
13b5
13c3
13d1
13de
13f9
1415
1441
146e
14a0
14d1
1529
1581
15e1
1642
16ea
1796
185a
1925
1a78
1bdd
1d65
1f01
21ab
248e
27ec
2b98
31c8
38d9
40b3
49a2
1537
1579
1587
1594
15a2
15af
15ca
15e4
1611
163d
166d
169d
16f3
1749
17a7
1806
18a9
1951
1a11
1ad7
1c24
1d80
1f01
2095
2336
260d
2965
2d08
3327
3a1a
41d2
4a91
1833
1874
1881
188e
189b
18a8
18c2
18dc
1906
1930
195f
198e
19e0
1a33
1a8f
1aeb
1b8b
1c2f
1ce7
1da4
1ee3
2030
21ab
2336
25dc
28b6
2c03
2f95
35a3
3c77
440e
4c99
1b9b
1bd8
1be4
1bf1
1bfd
1c0a
1c22
1c39
1c60
1c87
1cb3
1cdf
1d2d
1d7b
1dd2
1e2a
1ec3
1f60
200b
20bb
21e7
231e
248e
260d
28b6
2b8f
2ecb
3246
383f
3eed
465e
4eaf
1f30
1f68
1f73
1f7f
1f8a
1f96
1fad
1fc3
1fe8
200d
2037
2061
20ab
20f5
2149
219d
2231
22c7
2371
241f
254a
267f
27ec
2965
2c03
2ecb
31f4
3554
3b4e
41f4
494d
5179
233d
236c
2376
2380
238a
2395
23aa
23bf
23e1
2402
2429
2450
2495
24da
2527
2576
2600
268c
2733
27dd
2904
2a34
2b98
2d08
2f95
3246
3554
3893
3e88
4520
4c5d
545c
2a27
2a50
2a59
2a62
2a6a
2a74
2a86
2a99
2ab5
2ad2
2af5
2b17
2b51
2b8b
2bd0
2c15
2c92
2d11
2da8
2e40
2f56
3074
31c8
3327
35a3
383f
3b4f
3e88
444b
4a96
51be
5996
326c
328c
3292
3299
32a0
32a6
32b4
32c1
32d6
32ec
3307
3323
334b
3374
33aa
33e0
3448
34b0
352c
35a9
36a3
37a0
38d9
3a1a
3c77
3eed
41f4
4520
4a96
507a
577f
5f22
3b83
3b97
3b9c
3ba0
3ba5
3ba9
3bb2
3bbb
3bc9
3bd8
3beb
3bfd
3c1a
3c38
3c5f
3c87
3cd6
3d26
3d8c
3df3
3ec5
3f99
40b3
41d2
440e
465e
494d
4c5d
51be
577f
5e5c
65c4
463d
4641
4642
4644
4646
4647
4649
464c
4650
4655
465b
4661
466e
467b
468c
469e
46cb
46f9
473e
4783
481c
48b7
49a2
4a91
4c99
4eaf
5179
545c
5996
5f22
65c4
6cdc
0a1f
0a6f
0a80
0a90
0aa0
0ab0
0ad0
0aef
0b21
0b54
0b8b
0bc3
0c22
0c83
0cec
0d59
0e11
0ed3
0f99
106b
11c3
1339
14e3
16b3
19ab
1d07
2091
248a
2b69
3392
3c82
46fe
0a6f
0ac1
0ad1
0ae1
0af1
0b01
0b21
0b41
0b70
0ba0
0bd9
0c12
0c6f
0cce
0d39
0da8
0e5c
0f1a
0fd6
109b
11fe
137e
1527
16f5
19ea
1d41
20c8
24bc
2b93
33b0
3c95
4702
0a80
0ad1
0ae1
0af1
0b01
0b11
0b30
0b50
0b80
0bb0
0be8
0c21
0c7e
0cdd
0d49
0db7
0e6b
0f29
0fe4
10a8
120b
138c
1534
1702
19f7
1d4d
20d3
24c6
2b9b
33b5
3c98
4703
0a90
0ae1
0af1
0b01
0b11
0b21
0b40
0b5f
0b8f
0bc0
0bf8
0c31
0c8d
0ced
0d58
0dc6
0e7a
0f38
0ff2
10b5
1219
139a
1542
170f
1a03
1d59
20de
24d0
2ba4
33bb
3c9c
4704
0aa0
0af1
0b01
0b11
0b21
0b31
0b50
0b6f
0b9f
0bcf
0c08
0c40
0c9d
0cfd
0d67
0dd5
0e8a
0f47
1000
10c2
1226
13a8
1550
171c
1a10
1d65
20e9
24da
2bac
33c1
3ca0
4705
0ab0
0b01
0b11
0b21
0b31
0b41
0b60
0b7f
0bae
0bdf
0c17
0c50
0cad
0d0c
0d77
0de5
0e99
0f56
100f
10d0
1234
13b6
155e
1729
1a1d
1d71
20f5
24e4
2bb5
33c7
3ca4
4706
0ad0
0b21
0b30
0b40
0b50
0b60
0b7e
0b9d
0bce
0bff
0c37
0c71
0ccc
0d2b
0d96
0e03
0eb6
0f72
102b
10ec
1250
13d1
1578
1743
1a36
1d88
210b
24f8
2bc6
33d3
3cac
4708
0aef
0b41
0b50
0b5f
0b6f
0b7f
0b9d
0bbc
0bed
0c1f
0c58
0c91
0cec
0d4a
0db4
0e21
0ed4
0f8e
1047
1109
126b
13eb
1592
175d
1a4f
1da0
2121
250d
2bd7
33df
3cb4
470a
0b21
0b70
0b80
0b8f
0b9f
0bae
0bce
0bed
0c1e
0c50
0c88
0cc2
0d1d
0d7a
0de5
0e52
0f03
0fbe
1075
1135
1298
1418
15bf
1789
1a78
1dc5
2144
252e
2bf2
33f1
3cbf
470d
0b54
0ba0
0bb0
0bc0
0bcf
0bdf
0bff
0c1f
0c50
0c82
0cba
0cf2
0d4e
0dab
0e15
0e84
0f34
0fed
10a3
1162
12c5
1445
15ec
17b4
1aa1
1de9
2168
254f
2c0d
3403
3ccc
4710
0b8b
0bd9
0be8
0bf7
0c07
0c17
0c37
0c58
0c88
0cba
0cf1
0d29
0d84
0de1
0e4b
0eb8
0f65
101c
10d4
1195
12f7
1477
161c
17e4
1ace
1e14
2190
2574
2c2f
341e
3cde
4715
0bc3
0c12
0c21
0c31
0c40
0c50
0c71
0c91
0cc2
0cf2
0d29
0d60
0dbb
0e18
0e81
0eed
0f98
104a
1105
11c7
132a
14a8
164d
1813
1afc
1e3f
21b9
2599
2c50
343a
3cf0
471a
0c22
0c6f
0c7e
0c8d
0c9d
0cad
0ccc
0cec
0d1c
0d4e
0d84
0dbb
0e18
0e76
0ede
0f48
0fe9
1091
1155
1221
1382
14ff
16a2
1866
1b4c
1e8b
2201
25dc
2c84
3458
3d06
4724
0c83
0cce
0cdd
0ced
0cfd
0d0c
0d2b
0d4a
0d7a
0dab
0de1
0e18
0e76
0ed7
0f3d
0fa6
103c
10d8
11a6
127c
13dc
1556
16f8
18ba
1b9d
1ed7
224a
261f
2cb9
3477
3d1d
472f
0cec
0d39
0d49
0d58
0d67
0d77
0d95
0db4
0de5
0e15
0e4b
0e81
0ede
0f3d
0f9e
1002
109b
113a
1207
12de
143d
15b6
1756
1916
1bf6
1f2c
229a
266a
2cfa
34a8
3d3f
473c
0d59
0da8
0db7
0dc6
0dd5
0de5
0e03
0e21
0e52
0e84
0eb8
0eed
0f48
0fa6
1002
1060
10fc
119e
126b
1341
14a0
1618
17b6
1973
1c50
1f81
22ec
26b6
2d3b
34db
3d62
474a
0e11
0e5c
0e6b
0e7a
0e8a
0e99
0eb6
0ed4
0f03
0f34
0f66
0f98
0fe9
103c
109b
10fc
11a1
124b
1317
13ed
154a
16bf
185a
1a13
1cec
2017
237c
273c
2db5
353e
3dac
4770
0ed3
0f1a
0f29
0f38
0f47
0f56
0f72
0f8e
0fbe
0fed
101c
104a
1091
10d8
113a
119e
124b
12ff
13ca
149e
15f9
176a
1902
1ab6
1d8c
20af
240d
27c4
2e2f
35a3
3df7
4797
0f99
0fd6
0fe4
0ff2
1000
100f
102b
1047
1075
10a3
10d4
1105
1155
11a6
1207
126b
1317
13ca
1494
1567
16c0
182e
19c3
1b72
1e3b
214c
24ad
2867
2ec5
3624
3e5d
47d5
106b
109b
10a8
10b5
10c2
10d0
10ec
1109
1135
1162
1195
11c7
1221
127c
12de
1341
13ed
149e
1567
1639
178f
18f9
1a8a
1c33
1eee
21eb
2550
290c
2f5d
36a7
3ec3
4814
11c3
11fe
120b
1219
1226
1234
1250
126b
1299
12c5
12f8
132a
1382
13dc
143d
14a0
154a
15f9
16c0
178f
18e6
1a51
1bdd
1d80
2030
231e
267f
2a34
3074
37a0
3f99
48b7
1339
137e
138c
139a
13a8
13b6
13d1
13eb
1418
1445
1477
14a8
14ff
1556
15b6
1618
16bf
176a
182e
18f9
1a51
1bbc
1d42
1edd
217f
245b
27b7
2b64
3190
389d
4071
495b
14e3
1527
1535
1542
1550
155e
1578
1592
15bf
15ec
161c
164d
16a2
16f8
1756
17b6
185a
1902
19c3
1a8a
1bdd
1d42
1ebf
2050
22f2
25ca
2920
2cc1
32dd
39cf
4183
4a3e
16b3
16f5
1702
170f
171c
1729
1743
175d
1789
17b4
17e4
1813
1866
18ba
1916
1973
1a13
1ab6
1b72
1c33
1d80
1edd
2050
21d4
2474
2747
2a95
2e29
3433
3b06
4299
4b24
19ab
19ea
19f7
1a04
1a10
1a1d
1a35
1a4f
1a78
1aa1
1ace
1afc
1b4c
1b9d
1bf6
1c50
1ced
1d8c
1e3b
1eee
2030
217f
22f2
2474
2714
29e5
2d27
30a8
36a1
3d54
44c4
4d1c
1d07
1d41
1d4d
1d59
1d65
1d71
1d88
1da0
1dc5
1de9
1e14
1e3f
1e8b
1ed7
1f2c
1f81
2017
20af
214c
21eb
231e
245b
25ca
2747
29e5
2cb0
2fe0
334a
392b
3fba
4702
4f20
2091
20c8
20d3
20de
20e9
20f5
210b
2121
2145
2168
2190
21b9
2201
224a
229b
22ec
237c
240d
24ad
2550
267f
27b7
2920
2a95
2d26
2fe0
32fc
364b
3c2b
42af
49df
51d7
248a
24bc
24c6
24d0
24da
24e4
24f8
250d
252e
254f
2574
2599
25dc
261f
266a
26b6
273c
27c4
2867
290c
2a34
2b64
2cc1
2e29
30a8
334a
364b
3979
3f53
45c6
4cda
54a6
2b69
2b93
2b9b
2ba3
2bac
2bb5
2bc5
2bd7
2bf2
2c0d
2c2f
2c50
2c84
2cb9
2cfa
2d3b
2db5
2e2f
2ec5
2f5d
3074
3190
32dd
3433
36a1
392b
3c2c
3f53
44f7
4b1b
521e
59c9
3392
33b0
33b5
33bb
33c1
33c7
33d3
33df
33f1
3403
341e
343a
3458
3477
34a8
34db
353e
35a3
3624
36a7
37a0
389d
39cf
3b06
3d54
3fba
42af
45c6
4b1b
50d8
57be
5f3a
3c82
3c95
3c98
3c9c
3ca0
3ca4
3cac
3cb4
3cc0
3ccc
3cde
3cf0
3d06
3d1d
3d3f
3d62
3dac
3df7
3e5d
3ec3
3f99
4071
4183
4299
44c4
4702
49e0
4cda
521e
57be
5e84
65d1
46fe
4702
4703
4704
4705
4706
4708
470a
470d
4710
4715
471a
4724
472f
473c
474a
4770
4797
47d5
4814
48b7
495b
4a3e
4b24
4d1c
4f20
51d7
54a6
59c9
5f3a
65d1
6cdc
0bd9
0c28
0c38
0c48
0c58
0c68
0c87
0ca7
0cd9
0d0d
0d42
0d79
0dd5
0e35
0e93
0ef3
0fa7
1065
1133
120b
1369
14e3
168e
185a
1b50
1ea3
222a
2618
2ce6
34eb
3db9
47fe
0c28
0c78
0c88
0c98
0ca8
0cb8
0cd7
0cf8
0d27
0d58
0d8e
0dc5
0e1d
0e77
0eda
0f3e
0ff1
10ad
1173
1244
13a8
1527
16d0
189a
1b8e
1edb
225e
2647
2d0e
3506
3dca
4800
0c38
0c88
0c98
0ca8
0cb8
0cc7
0ce7
0d07
0d36
0d67
0d9e
0dd4
0e2b
0e85
0ee7
0f4c
1000
10bc
1181
1251
13b5
1535
16dd
18a7
1b9a
1ee6
2269
2651
2d16
350c
3dcd
4801
0c48
0c98
0ca8
0cb8
0cc7
0cd7
0cf7
0d16
0d46
0d77
0dad
0de4
0e39
0e92
0ef5
0f5b
100f
10ca
118f
125e
13c3
1542
16eb
18b5
1ba6
1ef2
2273
265b
2d1e
3512
3dd1
4802
0c58
0ca8
0cb8
0cc7
0cd7
0ce7
0d07
0d26
0d56
0d86
0dbc
0df3
0e48
0e9f
0f03
0f6a
101d
10d9
119e
126c
13d1
1550
16f8
18c2
1bb2
1efd
227e
2665
2d26
3517
3dd5
4803
0c68
0cb8
0cc7
0cd7
0ce7
0cf7
0d16
0d35
0d65
0d96
0dcb
0e02
0e56
0eac
0f11
0f7a
102c
10e7
11ac
1279
13de
155e
1706
18cf
1bbf
1f09
2289
266f
2d2e
351d
3dd8
4804
0c87
0cd7
0ce7
0cf7
0d07
0d16
0d35
0d54
0d84
0db5
0deb
0e21
0e73
0ec7
0f2f
0f98
1049
1104
11c8
1295
13f9
1578
1720
18e8
1bd8
1f1f
229e
2682
2d3e
3528
3de0
4805
0ca7
0cf8
0d07
0d16
0d26
0d35
0d54
0d72
0da3
0dd3
0e09
0e40
0e91
0ee4
0f4c
0fb6
1067
1120
11e5
12b2
1415
1592
173a
1902
1bf0
1f36
22b4
2696
2d4f
3534
3de7
4807
0cd9
0d27
0d36
0d46
0d56
0d65
0d84
0da3
0dd2
0e03
0e37
0e6b
0ebe
0f12
0f7b
0fe6
1096
114f
1212
12de
1441
15bf
1765
192c
1c18
1f59
22d5
26b6
2d6a
3545
3df2
480a
0d0d
0d58
0d67
0d77
0d86
0d96
0db5
0dd3
0e03
0e33
0e64
0e96
0eeb
0f40
0faa
1016
10c6
117e
1240
130b
146e
15ec
1791
1957
1c3f
1f7c
22f8
26d6
2d84
3557
3dff
480d
0d42
0d8e
0d9d
0dad
0dbc
0dcb
0deb
0e09
0e37
0e64
0e96
0ec7
0f1e
0f76
0fde
104a
10f9
11af
1271
133d
149f
161c
17c1
1985
1c6b
1fa5
231e
26fa
2da3
3570
3e0f
4811
0d79
0dc5
0dd4
0de4
0df3
0e02
0e21
0e40
0e6b
0e96
0ec7
0ef9
0f51
0fab
1014
107e
112b
11df
12a3
136f
14d1
164d
17f1
19b4
1c98
1fcf
2345
271d
2dc2
3588
3e1e
4816
0dd5
0e1d
0e2b
0e3a
0e48
0e56
0e73
0e91
0ebd
0eeb
0f1e
0f51
0fac
1008
106f
10d9
1181
122f
12f7
13c8
1528
16a2
1844
1a05
1ce3
2011
2388
275e
2df7
35ab
3e36
481f
0e35
0e77
0e85
0e92
0e9f
0eac
0ec7
0ee4
0f12
0f40
0f76
0fab
1008
1067
10cd
1136
11d8
127f
134d
1423
1581
16f8
1898
1a57
1d2e
2054
23cb
279f
2e2c
35cd
3e4f
4829
0e93
0eda
0ee7
0ef5
0f03
0f11
0f2e
0f4c
0f7b
0faa
0fde
1014
1070
10cd
1130
1196
1239
12e2
13ae
1483
15e1
1756
18f5
1ab1
1d83
20a2
2416
27e8
2e6b
35fe
3e71
4838
0ef3
0f3e
0f4c
0f5b
0f6a
0f7a
0f98
0fb6
0fe6
1016
104a
107e
10d9
1136
1196
11f7
129c
1346
1411
14e5
1643
17b6
1954
1b0c
1dd8
20ef
2462
2831
2eaa
362f
3e94
4846
0fa7
0ff1
1000
100f
101e
102c
1049
1067
1096
10c6
10f9
112b
1181
11d8
1239
129c
1344
13f2
14bc
158f
16ea
185a
19f4
1ba8
1e71
2181
24ed
28b3
2f1f
368e
3edb
486b
1065
10ad
10bc
10ca
10d9
10e7
1104
1120
114f
117e
11af
11df
122f
127f
12e2
1346
13f2
14a4
156d
163e
1796
1902
1a98
1c48
1f0c
2214
257b
2938
2f96
36ef
3f22
4890
1133
1173
1182
118f
119e
11ac
11c8
11e5
1212
1240
1271
12a3
12f7
134d
13ae
1411
14bc
156d
1636
1705
185a
19c3
1b56
1d02
1fbb
22b7
261c
29d6
3027
376b
3f84
48cc
120b
1244
1251
125e
126c
1279
1295
12b2
12de
130b
133d
136f
13c8
1423
1483
14e5
158f
163e
1705
17d4
1925
1a8a
1c19
1dc0
206f
235c
26c0
2a77
30b9
37e8
3fe6
4908
1369
13a8
13b5
13c3
13d1
13de
13f9
1415
1442
146e
14a0
14d1
1528
1581
15e1
1643
16ea
1796
185a
1925
1a78
1bdd
1d65
1f01
21aa
248e
27eb
2b98
31c9
38d9
40b3
49a2
14e3
1527
1535
1542
1550
155e
1578
1592
15bf
15ec
161c
164d
16a2
16f8
1756
17b6
185a
1902
19c3
1a8a
1bdd
1d42
1ebf
2050
22f2
25ca
2920
2cc1
32dd
39cf
4183
4a3e
168e
16d0
16de
16eb
16f8
1706
171f
173a
1765
1791
17c1
17f1
1844
1898
18f5
1954
19f4
1a98
1b56
1c19
1d65
1ebf
2036
21be
245f
2735
2a83
2e18
3424
3afb
428f
4b1f
185a
189a
18a7
18b5
18c2
18cf
18e8
1902
192c
1957
1985
19b4
1a05
1a57
1ab1
1b0c
1ba8
1c48
1d02
1dc0
1f01
2050
21be
233c
25dc
28ae
2bf2
2f79
3573
3c2d
43a1
4c02
1b50
1b8e
1b9a
1ba6
1bb2
1bbf
1bd7
1bf0
1c18
1c3f
1c6b
1c98
1ce2
1d2e
1d83
1dd8
1e71
1f0c
1fbc
206f
21aa
22f2
245f
25dc
2879
2b43
2e73
31de
37cb
3e6c
45bc
4de7
1ea3
1edb
1ee6
1ef2
1efd
1f09
1f1f
1f36
1f59
1f7c
1fa5
1fcf
2011
2054
20a2
20ef
2181
2214
22b7
235c
248e
25ca
2735
28ae
2b43
2e02
3118
3463
3a3e
40c1
47e8
4fd8
222a
225e
2269
2273
227e
2289
229e
22b4
22d6
22f8
231e
2345
2388
23cb
2416
2462
24ed
257b
261c
26c0
27ec
2920
2a83
2bf2
2e73
3118
3427
3767
3d33
439c
4aad
527c
2618
2647
2651
265b
2665
266f
2682
2696
26b6
26d6
26fa
271d
275e
279f
27e8
2831
28b3
2938
29d6
2a77
2b98
2cc1
2e18
2f79
31de
3463
3767
3a96
404f
4696
4d8e
5536
2ce6
2d0e
2d15
2d1e
2d26
2d2e
2d3e
2d4f
2d6a
2d84
2da3
2dc2
2df7
2e2c
2e6b
2eaa
2f1f
2f96
3027
30b9
31c8
32dd
3424
3573
37cb
3a3e
3d34
404f
45d5
4bd5
52b6
5a35
34eb
3506
350c
3512
3517
351d
3528
3534
3545
3557
3570
3588
35ab
35cd
35fe
362f
368e
36ef
376b
37e8
38d9
39cf
3afb
3c2d
3e6c
40c1
439c
4696
4bd5
517a
5835
5f7f
3db9
3dca
3dcd
3dd1
3dd5
3dd8
3de0
3de7
3df3
3dff
3e0f
3e1e
3e36
3e4f
3e71
3e94
3edb
3f22
3f84
3fe6
40b3
4183
4290
43a1
45bc
47e8
4aad
4d8e
52b5
5835
5ed7
65f8
47fe
4800
4801
4802
4803
4804
4805
4807
480a
480d
4811
4816
481f
4829
4838
4846
486b
4890
48cc
4908
49a2
4a3e
4b1f
4c02
4de7
4fd8
527c
5536
5a35
5f7f
65f8
6ce2
0ddd
0e2a
0e39
0e48
0e56
0e65
0e85
0ea4
0ed6
0f08
0f3b
0f6e
0fc6
1020
106e
10bd
116c
1222
12f6
13d4
1537
16b3
185a
1a20
1d11
2056
23d6
27b7
2e70
364e
3ef7
4901
0e2a
0e76
0e85
0e94
0ea3
0eb2
0ed2
0ef1
0f20
0f50
0f83
0fb5
1005
1057
10ad
1103
11b3
1269
133b
1417
1579
16f5
189a
1a5f
1d4b
208b
2408
27e4
2e95
3666
3f05
4902
0e39
0e85
0e94
0ea3
0eb2
0ec1
0ee1
0f00
0f2f
0f5f
0f91
0fc4
1012
1062
10b9
1111
11c1
1277
1349
1424
1586
1702
18a7
1a6b
1d57
2096
2412
27ed
2e9d
366b
3f08
4902
0e48
0e94
0ea3
0eb2
0ec1
0ed1
0ef0
0f0f
0f3e
0f6e
0fa0
0fd3
101e
106c
10c5
1120
11cf
1286
1357
1432
1594
170f
18b5
1a78
1d63
20a0
241c
27f6
2ea5
3671
3f0c
4903
0e56
0ea3
0eb2
0ec1
0ed1
0ee0
0eff
0f1f
0f4d
0f7d
0fae
0fe1
102b
1076
10d1
112e
11dd
1294
1364
143f
15a2
171c
18c2
1a85
1d6f
20ab
2426
2800
2eac
3676
3f0f
4904
0e65
0eb2
0ec1
0ed1
0ee0
0ef0
0f0f
0f2e
0f5c
0f8c
0fbe
0ff0
1037
1080
10dd
113c
11ec
12a2
1373
144d
15af
1729
18cf
1a92
1d7b
20b6
2430
2809
2eb4
367b
3f13
4905
0e85
0ed2
0ee1
0ef0
0eff
0f0f
0f2d
0f4b
0f7a
0fa9
0fda
100c
1051
1097
10f8
115a
1209
12be
138f
1469
15ca
1743
18e8
1aab
1d93
20cc
2445
281d
2ec4
3686
3f1a
4907
0ea4
0ef1
0f00
0f0f
0f1f
0f2e
0f4b
0f69
0f97
0fc6
0ff7
1029
106b
10af
1112
1178
1226
12db
13ab
1484
15e4
175d
1902
1ac5
1dab
20e1
2459
2830
2ed4
3691
3f21
4908
0ed6
0f20
0f2f
0f3e
0f4d
0f5c
0f7a
0f97
0fc4
0ff2
101f
104c
1092
10da
113f
11a6
1254
1308
13d8
14b0
1610
1789
192c
1aee
1dd1
2103
247a
284e
2eed
36a3
3f2c
490a
0f08
0f50
0f5f
0f6e
0f7d
0f8c
0fa9
0fc6
0ff2
101e
1046
106f
10ba
1105
116c
11d4
1282
1337
1405
14dc
163d
17b4
1957
1b17
1df7
2124
249a
286d
2f07
36b5
3f37
490d
0f3b
0f83
0f91
0fa0
0fae
0fbe
0fda
0ff7
101f
1046
1070
1099
10e8
1138
119f
1207
12b5
1369
1437
150d
166d
17e4
1985
1b44
1e21
214b
24bf
288f
2f23
36c9
3f45
4911
0f6e
0fb5
0fc4
0fd3
0fe1
0ff0
100c
1029
104c
106f
1099
10c4
1117
116c
11d2
123a
12e8
139c
1469
153e
169d
1813
19b4
1b71
1e4c
2173
24e4
28b1
2f40
36de
3f53
4915
0fc6
1005
1012
101f
102b
1037
1051
106b
1092
10ba
10e8
1117
116d
11c5
122b
1294
1341
13f5
14c2
1595
16f3
1866
1a05
1bbf
1e91
21ac
2520
28ef
2f75
3705
3f6d
491e
1020
1057
1062
106c
1076
1080
1097
10af
10da
1105
1138
116c
11c5
1221
1287
12ef
139c
1450
151b
15ee
1749
18ba
1a57
1c0e
1ed6
21e4
255c
292e
2fab
372c
3f87
4926
106e
10ad
10b9
10c5
10d1
10dd
10f8
1112
113f
116c
119e
11d2
122b
1287
12eb
1351
13fe
14b2
157b
164d
17a7
1916
1ab1
1c66
1f25
2229
25a2
2974
2fe8
375c
3fa9
4936
10bd
1103
1111
1120
112e
113c
115a
1178
11a6
11d4
1207
123a
1294
12ef
1351
13b5
1463
1515
15dd
16ad
1806
1973
1b0c
1cbf
1f76
226f
25e8
29bb
3025
378c
3fcb
4945
116c
11b3
11c1
11cf
11dd
11ec
1209
1226
1254
1282
12b4
12e8
1341
139c
13fe
1463
150e
15bf
1686
1753
18a9
1a13
1ba8
1d57
2009
22fb
266e
2a39
3095
37e7
400f
4969
1222
1269
1277
1286
1294
12a2
12be
12db
1308
1337
1369
139c
13f5
1450
14b2
1515
15bf
166e
1733
17ff
1951
1ab6
1c48
1df3
209f
2389
26f7
2ab9
3106
3843
4053
498c
12f6
133b
1349
1357
1365
1373
138f
13ab
13d8
1405
1437
1469
14c1
151b
157b
15dd
1686
1733
17f7
18c2
1a11
1b72
1d02
1ea8
2150
2432
2799
2b53
3192
38b9
40b0
49c5
13d4
1417
1424
1432
143f
144d
1469
1484
14b0
14dc
150d
153e
1595
15ee
164d
16ad
1753
17ff
18c2
198c
1ad7
1c33
1dc0
1f62
2203
24dd
283e
2bef
3220
3931
410e
49ff
1537
1579
1587
1594
15a2
15af
15ca
15e4
1611
163d
166d
169d
16f3
1749
17a7
1806
18a9
1951
1a11
1ad7
1c24
1d80
1f01
2095
2336
260d
2965
2d08
3327
3a1a
41d2
4a91
16b3
16f5
1702
170f
171c
1729
1743
175d
1789
17b4
17e4
1813
1866
18ba
1916
1973
1a13
1ab6
1b72
1c33
1d80
1edd
2050
21d4
2474
2747
2a95
2e29
3433
3b06
4299
4b24
185a
189a
18a7
18b5
18c2
18cf
18e8
1902
192c
1957
1985
19b4
1a05
1a57
1ab1
1b0c
1ba8
1c48
1d02
1dc0
1f01
2050
21be
233c
25dc
28ae
2bf2
2f79
3573
3c2d
43a1
4c02
1a20
1a5f
1a6b
1a78
1a85
1a92
1aab
1ac5
1aee
1b17
1b44
1b71
1bbf
1c0e
1c66
1cbf
1d57
1df3
1ea8
1f62
2095
21d4
233c
24b3
2752
2a22
2d5b
30d3
36ba
3d58
44ad
4ce2
1d11
1d4b
1d57
1d63
1d6f
1d7b
1d93
1dab
1dd0
1df7
1e21
1e4c
1e91
1ed6
1f25
1f76
2009
209f
2150
2203
2336
2474
25dc
2752
29e9
2cac
2fc8
331d
38fc
3f89
46b7
4eb5
2056
208b
2096
20a0
20ab
20b6
20cc
20e1
2103
2124
214b
2173
21ac
21e4
2229
226f
22fb
2389
2432
24dd
260d
2747
28ae
2a22
2cac
2f5d
3258
3582
3b57
41ce
48d1
5093
23d6
2408
2411
241c
2426
2430
2445
2459
247a
249a
24bf
24e4
2520
255c
25a2
25e8
266e
26f7
2799
283e
2965
2a95
2bf2
2d5b
2fc8
3258
3559
3888
3e40
448c
4b7d
5322
27b7
27e4
27ed
27f6
2800
2809
281d
2830
284e
286d
288f
28b1
28ef
292e
2974
29bb
2a39
2ab9
2b53
2bef
2d08
2e29
2f79
30d3
331d
3582
3888
3bb9
414e
4768
4e43
55c6
2e70
2e95
2e9d
2ea5
2eac
2eb4
2ec4
2ed4
2eed
2f07
2f23
2f40
2f75
2fab
2fe8
3025
3095
3106
3193
3220
3326
3433
3573
36ba
38fc
3b57
3e40
414e
46b7
4c92
534f
5aa2
364e
3666
366b
3671
3676
367b
3686
3691
36a3
36b5
36c9
36de
3705
372c
375c
378c
37e7
3843
38b9
3931
3a1a
3b06
3c2d
3d58
3f89
41ce
448c
4768
4c92
521c
58ad
5fc5
3ef7
3f05
3f08
3f0c
3f0f
3f13
3f1a
3f21
3f2c
3f37
3f45
3f53
3f6d
3f87
3fa9
3fcb
400f
4053
40b0
410e
41d2
4299
43a1
44ad
46b7
48d1
4b7d
4e43
534e
58ad
5f2a
6620
4901
4902
4902
4903
4904
4905
4907
4908
490a
490d
4911
4915
491e
4926
4936
4945
4969
498c
49c5
49ff
4a91
4b24
4c02
4ce2
4eb5
5093
5322
55c6
5aa2
5fc5
6620
6ce8
10cf
111a
1129
1138
1147
1156
1174
1193
11c4
11f5
1228
125b
12b4
130e
1366
13bf
146f
1525
15f7
16d1
1833
19ab
1b50
1d11
1ff6
2324
26af
2a95
3148
3909
4187
4b49
111a
1165
1174
1182
1191
11a0
11bf
11de
120e
123e
1270
12a3
12f7
134c
13a7
1404
14b4
1569
163a
1712
1874
19ea
1b8e
1d4b
202d
2356
26dd
2abe
3168
391d
4193
4b4a
1129
1174
1182
1191
11a0
11af
11ce
11ed
121c
124c
127e
12b2
1303
1357
13b4
1413
14c2
1577
1647
1720
1881
19f7
1b9a
1d57
2038
2361
26e7
2ac6
316f
3921
4195
4b4a
1138
1182
1191
11a0
11af
11bf
11dd
11fd
122b
125b
128d
12c0
1311
1363
13c2
1421
14d0
1585
1655
172d
188e
1a04
1ba6
1d63
2043
236b
26f0
2ace
3176
3926
4198
4b4a
1147
1191
11a0
11af
11be
11ce
11ed
120c
123b
1269
129c
12cf
131e
136f
13ce
1430
14de
1593
1663
173b
189b
1a10
1bb3
1d6f
204e
2375
26fa
2ad7
317c
392a
419b
4b4b
1156
11a0
11af
11bf
11ce
11dd
11fc
121b
124a
1278
12ab
12de
132c
137b
13db
143e
14ed
15a1
1671
1748
18a8
1a1d
1bbf
1d7b
205a
2380
2703
2ae0
3183
392e
419d
4b4c
1174
11bf
11ce
11de
11ed
11fc
121a
1239
1266
1295
12c7
12fa
1346
1393
13f6
145b
1509
15bd
168c
1762
18c2
1a35
1bd8
1d93
2070
2394
2716
2af1
3191
3937
41a3
4b4d
1193
11de
11ed
11fd
120c
121b
1239
1257
1284
12b1
12e4
1317
1361
13ac
1411
1478
1526
15d9
16a7
177d
18db
1a4f
1bf0
1dab
2087
23a9
2729
2b02
319f
3940
41a8
4b4e
11c4
120e
121c
122b
123b
124a
1266
1284
12b1
12de
130e
133f
138b
13d8
143e
14a5
1553
1605
16d3
17a7
1906
1a78
1c17
1dd0
20aa
23c9
2748
2b1e
31b6
394e
41b2
4b50
11f5
123e
124c
125b
1269
1278
1295
12b1
12de
130b
1339
1367
13b5
1404
146b
14d2
157f
1632
16ff
17d3
192f
1aa1
1c3f
1df7
20ce
23ea
2766
2b3a
31cc
395e
41bc
4b53
1228
1270
127e
128d
129c
12ab
12c7
12e4
130e
1339
1367
1395
13e5
1437
149d
1504
15b1
1663
172f
1802
195f
1ace
1c6b
1e21
20f5
240e
2789
2b5a
31e6
3970
41c7
4b55
125b
12a3
12b2
12c0
12cf
12de
12fa
1317
133f
1367
1395
13c4
1416
146a
14d0
1537
15e3
1696
1760
1833
198d
1afc
1c97
1e4c
211e
2434
27ac
2b79
3200
3982
41d3
4b58
12b4
12f7
1304
1311
131e
132c
1346
1361
138b
13b5
13e5
1416
146c
14c4
1528
158e
163b
16ed
17b6
1887
19e0
1b4c
1ce2
1e91
215f
2470
27e7
2bb3
3230
39a4
41e9
4b5e
130e
134c
1357
1363
136f
137b
1393
13ac
13d8
1404
1437
146a
14c4
151f
1582
15e8
1694
1745
180d
18dc
1a33
1b9d
1d2e
1ed6
21a1
24ab
2823
2bed
3261
39c7
4200
4b65
1366
13a7
13b4
13c2
13ce
13db
13f6
1411
143e
146b
149c
14d0
1528
1582
15e5
1649
16f4
17a5
186c
1939
1a8f
1bf6
1d83
1f25
21ec
24f1
2867
2c2f
3299
39f0
421d
4b71
13bf
1404
1413
1421
1430
143e
145b
1478
14a5
14d2
1504
1537
158e
15e8
1649
16ac
1756
1806
18cc
1997
1aeb
1c50
1dd9
1f76
2238
2538
28ab
2c71
32d1
3a1b
423a
4b7c
146f
14b4
14c2
14d0
14de
14ed
1509
1526
1552
157f
15b1
15e3
163b
1694
16f4
1756
17ff
18ad
1971
1a3b
1b8b
1ced
1e71
2009
22c6
25bf
292c
2ce8
3339
3a6e
4276
4b99
1525
1569
1577
1585
1593
15a1
15bd
15d9
1605
1632
1663
1696
16ed
1745
17a5
1806
18ad
1959
1a1b
1ae2
1c2f
1d8c
1f0c
209f
2356
2647
29ad
2d61
33a3
3ac1
42b2
4bb5
15f7
163a
1648
1655
1663
1671
168c
16a7
16d3
16ff
172f
1760
17b6
180d
186c
18cc
1971
1a1b
1adc
1ba2
1ce7
1e3b
1fbb
2150
2401
26ea
2a49
2df3
3426
3b2e
4306
4be6
16d1
1712
1720
172d
173b
1748
1762
177d
17a7
17d3
1802
1833
1887
18dc
1939
1997
1a3b
1ae2
1ba2
1c67
1da4
1eee
206f
2203
24ae
278f
2ae7
2e87
34aa
3b9d
435a
4c17
1833
1874
1881
188e
189b
18a8
18c2
18db
1906
192f
195f
198d
19e0
1a33
1a8f
1aeb
1b8b
1c2f
1ce7
1da4
1ee3
2030
21aa
2336
25dc
28b6
2c03
2f95
35a3
3c77
440e
4c99
19ab
19ea
19f7
1a04
1a10
1a1d
1a35
1a4f
1a78
1aa1
1ace
1afc
1b4c
1b9d
1bf6
1c50
1ced
1d8c
1e3b
1eee
2030
217f
22f2
2474
2714
29e5
2d27
30a8
36a1
3d54
44c4
4d1c
1b50
1b8e
1b9a
1ba6
1bb3
1bbf
1bd7
1bf0
1c17
1c3f
1c6b
1c97
1ce3
1d2e
1d83
1dd9
1e71
1f0c
1fbb
206f
21ab
22f2
245f
25dc
2879
2b43
2e73
31de
37cb
3e6c
45bc
4de7
1d11
1d4b
1d57
1d63
1d6f
1d7b
1d93
1dab
1dd0
1df7
1e21
1e4c
1e91
1ed6
1f25
1f76
2009
209f
2150
2203
2336
2474
25dc
2752
29e9
2cac
2fc8
331d
38fc
3f89
46b7
4eb5
1ff6
202d
2038
2043
204e
205a
2070
2087
20aa
20ce
20f5
211e
215f
21a1
21ec
2238
22c6
2356
2401
24ae
25dc
2714
2878
29e9
2c72
2f21
322b
3568
3b36
41a7
48ae
5074
2324
2356
2361
236b
2375
2380
2394
23a9
23c9
23ea
240e
2434
2470
24ab
24f1
2538
25bf
2647
26ea
278f
28b6
29e5
2b43
2cac
2f21
31b9
34ac
37cc
3d87
43d7
4ab2
523e
26af
26dd
26e6
26f0
26fa
2703
2716
2729
2748
2766
2789
27ac
27e7
2823
2866
28ab
292b
29ad
2a49
2ae7
2c03
2d27
2e72
2fc8
322b
34ac
37a1
3ac1
4057
4674
4d3d
54ad
2a95
2abe
2ac6
2ace
2ad7
2ae0
2af1
2b02
2b1e
2b3a
2b5a
2b79
2bb3
2bed
2c2f
2c71
2ce8
2d61
2df3
2e87
2f95
30a8
31de
331d
3568
37cc
3ac1
3ddd
4348
492b
4fde
572e
3148
3168
316f
3176
317c
3183
3191
319f
31b6
31cc
31e6
3200
3230
3261
3299
32d1
3339
33a3
3426
34aa
35a3
36a1
37cb
38fc
3b36
3d87
4057
4348
488b
4e37
54c2
5bd7
3909
391d
3921
3926
392a
392e
3937
3940
394e
395e
3970
3982
39a4
39c7
39f0
3a1b
3a6e
3ac1
3b2e
3b9d
3c77
3d54
3e6c
3f89
41a7
43d7
4674
492b
4e37
539d
59f2
60c1
4187
4193
4195
4198
419a
419d
41a3
41a8
41b2
41bc
41c7
41d3
41e9
4200
421d
423a
4276
42b2
4306
435a
440e
44c4
45bc
46b7
48ae
4ab2
4d3d
4fde
54c1
59f2
602a
66d1
4b49
4b4a
4b4a
4b4a
4b4b
4b4c
4b4d
4b4e
4b50
4b53
4b55
4b58
4b5e
4b65
4b71
4b7c
4b99
4bb5
4be6
4c17
4c99
4d1c
4de7
4eb5
5074
523e
54ad
572e
5bd7
60c1
66d1
6d41
1460
14a7
14b5
14c3
14d1
14df
14fc
1518
1546
1574
15a5
15d5
162c
1685
16e7
174b
17f7
18a7
1971
1a41
1b9b
1d07
1ea3
2056
2324
2631
29c2
2da8
344d
3be9
4433
4da3
14a7
14ec
14fa
1508
1515
1523
1540
155e
158c
15bb
15eb
161c
1672
16c9
172b
178e
1837
18e6
19b0
1a80
1bd8
1d41
1edb
208b
2356
265f
29eb
2dcc
3467
3bf7
443b
4da3
14b5
14fa
1508
1516
1523
1532
154f
156d
159b
15c8
15f9
162a
167f
16d7
1738
179c
1845
18f3
19bd
1a8d
1be4
1d4d
1ee6
2096
2360
2669
29f4
2dd3
346d
3bfa
443d
4da3
14c3
1508
1516
1524
1532
1540
155e
157c
15a9
15d6
1607
1639
168e
16e4
1746
17aa
1853
1901
19ca
1a9a
1bf1
1d59
1ef2
20a0
236b
2673
29fd
2dda
3473
3bfd
443f
4da3
14d1
1515
1524
1532
1540
154f
156c
158a
15b7
15e3
1615
1648
169c
16f1
1754
17b8
1861
190f
19d7
1aa7
1bfd
1d65
1efd
20ab
2375
267c
2a06
2de2
3478
3c00
4441
4da3
14df
1523
1532
1540
154f
155e
157b
159a
15c5
15f2
1624
1656
16aa
16ff
1762
17c7
186f
191c
19e5
1ab4
1c0a
1d71
1f09
20b6
2380
2686
2a0f
2de9
347e
3c03
4443
4da4
14fc
1540
154f
155e
156d
157b
1599
15b6
15e1
160c
163f
1672
16c4
1718
177c
17e1
188a
1937
19fe
1acb
1c22
1d88
1f1f
20cc
2394
2699
2a20
2df9
3489
3c0a
4446
4da4
1518
155e
156d
157c
158a
159a
15b6
15d3
15fd
1627
165a
168e
16e0
1733
1797
17fc
18a4
1952
1a17
1ae3
1c39
1da0
1f36
20e1
23a9
26ac
2a31
2e08
3495
3c10
444a
4da5
1546
158c
159b
15a9
15b7
15c5
15e1
15fd
1628
1654
1688
16bb
170c
175f
17c2
1826
18ce
197a
1a40
1b0c
1c60
1dc5
1f59
2103
23c9
26cb
2a4d
2e20
34a8
3c1c
4452
4da7
1574
15bb
15c8
15d6
15e3
15f2
160c
1627
1654
1680
16b5
16e9
173a
178b
17ed
1850
18f8
19a4
1a69
1b35
1c87
1de9
1f7c
2124
23ea
26ea
2a69
2e39
34bb
3c28
445a
4daa
15a5
15eb
15f9
1607
1615
1624
163f
165a
1688
16b5
16e8
171b
176a
17bb
181d
1881
1928
19d3
1a98
1b62
1cb3
1e14
1fa5
214b
240e
270c
2a89
2e56
34d2
3c37
4463
4dab
15d5
161c
162a
1639
1648
1656
1672
168e
16bb
16e9
171b
174d
179c
17ec
184e
18b2
1958
1a02
1ac6
1b90
1cdf
1e3f
1fcf
2173
2434
272f
2aa9
2e73
34e9
3c46
446c
4dac
162c
1672
1680
168e
169c
16aa
16c4
16e0
170c
173a
176a
179c
17ef
1843
18a3
1904
19aa
1a55
1b17
1bdf
1d2d
1e8b
2011
21ac
2470
276d
2ae4
2ea7
3514
3c63
447e
4db0
1685
16c9
16d7
16e4
16f1
16ff
1718
1733
175f
178b
17bb
17ec
1843
189b
18f9
1958
19fe
1aa8
1b68
1c2e
1d7b
1ed7
2054
21e4
24ab
27ad
2b1e
2edb
353e
3c80
4491
4db5
16e7
172b
1738
1746
1754
1762
177c
1797
17c2
17ed
181d
184e
18a3
18f9
1957
19b5
1a5a
1b03
1bc3
1c87
1dd2
1f2c
20a1
2229
24f1
27f4
2b60
2f17
3571
3ca4
44a9
4dbd
174b
178e
179c
17aa
17b8
17c7
17e1
17fc
1826
1850
1881
18b2
1904
1958
19b5
1a14
1ab8
1b5f
1c1e
1ce2
1e2a
1f81
20ef
226f
2538
283b
2ba3
2f54
35a3
3cc9
44c1
4dc5
17f7
1837
1845
1853
1861
186f
188a
18a4
18ce
18f8
1928
1958
19aa
19fe
1a5a
1ab8
1b5a
1c00
1cbd
1d7e
1ec3
2017
2181
22fb
25bf
28ba
2c1b
2fc3
3602
3d13
44f4
4dda
18a7
18e6
18f3
1901
190f
191c
1937
1952
197a
19a4
19d3
1a02
1a55
1aa8
1b03
1b5f
1c00
1ca5
1d60
1e1e
1f60
20af
2214
2389
2647
293b
2c94
3033
3662
3d5c
4527
4dee
1971
19b0
19bd
19ca
19d7
19e5
19fe
1a17
1a40
1a69
1a98
1ac6
1b17
1b68
1bc3
1c1e
1cbd
1d60
1e19
1ed7
200b
214c
22b7
2432
26ea
29d6
2d28
30bd
36db
3dbf
4571
4e17
1a41
1a80
1a8d
1a9a
1aa7
1ab4
1acb
1ae3
1b0c
1b35
1b62
1b90
1bdf
1c2e
1c87
1ce2
1d7e
1e1e
1ed7
1f94
20bb
21eb
235c
24dd
278f
2a74
2dbd
3147
3756
3e23
45bb
4e3f
1b9b
1bd8
1be4
1bf1
1bfd
1c0a
1c22
1c39
1c60
1c87
1cb3
1cdf
1d2d
1d7b
1dd2
1e2a
1ec3
1f60
200b
20bb
21e7
231e
248e
260d
28b6
2b8f
2ecb
3246
383f
3eed
465e
4eaf
1d07
1d41
1d4d
1d59
1d65
1d71
1d88
1da0
1dc5
1de9
1e14
1e3f
1e8b
1ed7
1f2c
1f81
2017
20af
214c
21eb
231e
245b
25ca
2747
29e5
2cb0
2fe0
334a
392b
3fba
4702
4f20
1ea3
1edb
1ee6
1ef2
1efd
1f09
1f1f
1f36
1f59
1f7c
1fa5
1fcf
2011
2054
20a2
20ef
2181
2214
22b7
235c
248e
25ca
2735
28ae
2b43
2e02
3118
3463
3a3e
40c1
47e8
4fd8
2056
208b
2096
20a0
20ab
20b6
20cc
20e1
2103
2124
214b
2173
21ac
21e4
2229
226f
22fb
2389
2432
24dd
260d
2747
28ae
2a22
2cac
2f5d
3258
3582
3b57
41ce
48d1
5093
2324
2356
2361
236b
2375
2380
2394
23a9
23c9
23ea
240e
2434
2470
24ab
24f1
2538
25bf
2647
26ea
278f
28b6
29e5
2b43
2cac
2f21
31b9
34ac
37cc
3d87
43d7
4ab2
523e
2631
265f
2669
2673
267c
2686
2699
26ac
26cb
26ea
270c
272f
276d
27ad
27f4
283b
28ba
293b
29d6
2a74
2b8f
2cb0
2e02
2f5d
31b9
3433
371c
3a30
3fcb
45f1
4ca0
53f3
29c2
29eb
29f4
29fd
2a06
2a0f
2a20
2a31
2a4d
2a69
2a89
2aa9
2ae3
2b1e
2b60
2ba3
2c1b
2c94
2d28
2dbd
2ecb
2fe0
3118
3258
34ac
371c
3a03
3d10
427f
486a
4f07
563f
2da8
2dcc
2dd3
2dda
2de2
2de9
2df9
2e08
2e20
2e39
2e56
2e73
2ea7
2edb
2f17
2f54
2fc3
3033
30bd
3147
3246
334a
3463
3582
37cc
3a30
3d10
4014
4550
4afa
5182
589c
344d
3467
346c
3472
3478
347e
3489
3495
34a8
34bb
34d2
34e9
3514
353e
3570
35a3
3602
3662
36db
3756
383f
392b
3a3e
3b57
3d86
3fcb
427f
4550
4a6b
4fe6
563b
5d11
3be9
3bf7
3bfa
3bfd
3c00
3c03
3c0a
3c10
3c1c
3c28
3c37
3c46
3c63
3c80
3ca4
3cc9
3d13
3d5c
3dbf
3e23
3eed
3fba
40c1
41ce
43d7
45f1
486a
4afa
4fe6
5525
5b3b
61c0
4433
443b
443d
443f
4440
4443
4447
444a
4452
445a
4463
446c
447f
4491
44a9
44c1
44f4
4527
4570
45bb
465e
4702
47e8
48d1
4ab2
4ca0
4f07
5182
563b
5b3b
612d
6782
4da3
4da3
4da3
4da3
4da3
4da4
4da4
4da5
4da7
4daa
4dab
4dac
4db0
4db5
4dbd
4dc5
4dda
4dee
4e17
4e3f
4eaf
4f20
4fd8
5093
523e
53f3
563f
589c
5d11
61c0
6782
6d9b
1835
187a
1887
1894
18a2
18b0
18cb
18e7
1914
1940
1970
19a0
19f5
1a4a
1aaa
1b0c
1bb4
1c5f
1d1c
1dde
1f30
2091
222a
23d6
26af
29c2
2d48
311b
37c8
3f5d
477e
50a9
187a
18be
18cb
18d8
18e5
18f2
190f
192b
1958
1984
19b4
19e4
1a38
1a8c
1aeb
1b4c
1bf2
1c9b
1d56
1e16
1f68
20c8
225e
2408
26dd
29eb
2d6d
3139
37de
3f67
4783
50a9
1887
18cb
18d8
18e5
18f2
1901
191d
1939
1965
1991
19c1
19f2
1a45
1a99
1af8
1b59
1bfe
1ca8
1d63
1e22
1f73
20d3
2268
2411
26e6
29f4
2d74
313f
37e2
3f6a
4784
50a9
1894
18d8
18e5
18f3
1901
190f
192b
1947
1973
199f
19cf
1a00
1a52
1aa6
1b05
1b66
1c0c
1cb6
1d6f
1e2d
1f7f
20de
2273
241c
26f0
29fd
2d7c
3145
37e7
3f6c
4786
50a9
18a2
18e5
18f3
1901
190f
191d
1939
1956
1980
19ac
19dc
1a0e
1a60
1ab3
1b12
1b74
1c19
1cc3
1d7b
1e3a
1f8a
20e9
227e
2426
26fa
2a06
2d84
314c
37ec
3f6f
4788
50a9
18b0
18f2
1901
190f
191d
192b
1947
1964
198e
19b9
19eb
1a1c
1a6d
1ac0
1b20
1b81
1c27
1cd0
1d88
1e46
1f96
20f5
2289
2430
2703
2a0f
2d8b
3152
37f0
3f72
4789
50aa
18cb
190f
191d
192b
1939
1947
1964
1980
19aa
19d4
1a05
1a36
1a88
1ada
1b3a
1b9a
1c40
1ce8
1da1
1e5d
1fad
210b
229f
2445
2716
2a20
2d9a
315f
37fa
3f77
478c
50aa
18e7
192b
1939
1947
1956
1964
1980
199b
19c5
19ef
1a20
1a52
1aa2
1af4
1b53
1bb4
1c59
1d02
1db9
1e74
1fc3
2121
22b4
2459
2729
2a31
2daa
316c
3803
3f7c
4790
50ab
1914
1958
1965
1973
1980
198e
19aa
19c5
19f0
1a1a
1a4b
1a7d
1acd
1b1e
1b7d
1bdd
1c81
1d28
1ddf
1e9a
1fe8
2145
22d5
247a
2748
2a4d
2dc3
3181
3813
3f85
4796
50ac
1940
1984
1991
199f
19ac
19b9
19d4
19ef
1a1a
1a45
1a77
1aa9
1af8
1b49
1ba6
1c05
1ca8
1d4f
1e05
1ec0
200d
2168
22f8
249a
2766
2a69
2ddc
3196
3824
3f8f
479c
50ae
1970
19b4
19c1
19cf
19dc
19eb
1a05
1a20
1a4b
1a77
1aa8
1ad9
1b28
1b78
1bd5
1c34
1cd5
1d79
1e30
1eeb
2037
2190
231e
24bf
2789
2a89
2df9
31b0
3837
3f9a
47a2
50af
19a0
19e4
19f2
1a00
1a0e
1a1c
1a36
1a52
1a7d
1aa9
1ad9
1b09
1b57
1ba7
1c04
1c63
1d01
1da3
1e5b
1f17
2061
21b9
2346
24e4
27ac
2aa9
2e16
31c9
384a
3fa5
47a9
50af
19f5
1a38
1a45
1a52
1a60
1a6d
1a87
1aa2
1acd
1af8
1b28
1b57
1ba8
1bfa
1c56
1cb3
1d4d
1dec
1ea5
1f63
20ab
2201
2388
2520
27e7
2ae3
2e4b
31f8
386f
3fbc
47b7
50b2
1a4a
1a8c
1a99
1aa6
1ab3
1ac0
1ada
1af4
1b1e
1b49
1b78
1ba7
1bfa
1c4f
1ca9
1d04
1d9a
1e34
1ef0
1faf
20f6
224a
23cb
255c
2823
2b1e
2e80
3226
3893
3fd3
47c5
50b5
1aaa
1aeb
1af8
1b05
1b12
1b20
1b3a
1b53
1b7d
1ba6
1bd5
1c04
1c56
1ca9
1d01
1d5a
1df1
1e8c
1f46
2004
2149
229b
2416
25a2
2867
2b60
2ebd
325d
38bf
3ff1
47d8
50bb
1b0c
1b4c
1b59
1b66
1b74
1b81
1b9a
1bb4
1bdd
1c05
1c34
1c63
1cb3
1d04
1d5a
1db1
1e49
1ee3
1f9d
205b
219d
22ec
2462
25e8
28ac
2ba3
2efa
3293
38eb
400f
47ec
50c1
1bb4
1bf2
1bff
1c0c
1c19
1c27
1c40
1c59
1c80
1ca8
1cd5
1d01
1d4d
1d9a
1df1
1e49
1ee2
1f7e
2036
20f2
2231
237c
24ed
266e
292c
2c1b
2f6a
32fa
3940
404d
4816
50d0
1c5f
1c9b
1ca8
1cb6
1cc3
1cd0
1ce8
1d02
1d28
1d4f
1d79
1da3
1dec
1e34
1e8c
1ee3
1f7e
201c
20d2
218c
22c7
240d
257b
26f7
29ad
2c94
2fdc
3361
3996
408c
4840
50df
1d1c
1d56
1d63
1d6f
1d7b
1d88
1da1
1db9
1ddf
1e05
1e30
1e5b
1ea5
1ef0
1f46
1f9d
2036
20d2
2187
2240
2371
24ad
261c
2799
2a49
2d28
3066
33e1
3a05
40e3
487e
50fd
1dde
1e16
1e22
1e2d
1e3a
1e46
1e5d
1e74
1e9a
1ec0
1eeb
1f17
1f63
1faf
2004
205b
20f2
218c
2240
22f7
241f
2550
26c0
283e
2ae7
2dbd
30f3
3462
3a75
413b
48bc
511b
1f30
1f68
1f73
1f7f
1f8a
1f96
1fad
1fc3
1fe8
200d
2037
2061
20ab
20f6
2149
219d
2231
22c7
2371
241f
254a
267f
27eb
2965
2c03
2ecb
31f4
3554
3b4e
41f3
494d
5179
2091
20c8
20d3
20de
20e9
20f5
210b
2121
2145
2168
2190
21b9
2201
224a
229b
22ec
237c
240d
24ad
2550
267f
27b7
2920
2a95
2d26
2fe0
32fc
364b
3c2b
42af
49df
51d7
222a
225e
2269
2273
227e
2289
229f
22b4
22d5
22f8
231e
2346
2388
23cb
2416
2462
24ed
257b
261c
26c0
27ec
2920
2a83
2bf2
2e73
3118
3427
3766
3d33
439c
4aad
527c
23d6
2408
2411
241c
2426
2430
2445
2459
247a
249a
24bf
24e4
2520
255c
25a2
25e8
266e
26f7
2799
283e
2965
2a95
2bf2
2d5b
2fc8
3258
3559
3888
3e40
448c
4b7d
5322
26af
26dd
26e7
26f0
26f9
2703
2716
2729
2748
2766
2789
27ac
27e7
2823
2866
28ac
292c
29ad
2a49
2ae7
2c03
2d26
2e72
2fc8
322b
34ac
37a1
3ac1
4057
4674
4d3d
54ad
29c2
29eb
29f4
29fd
2a06
2a0f
2a20
2a31
2a4d
2a69
2a89
2aa9
2ae3
2b1e
2b60
2ba3
2c1b
2c94
2d28
2dbd
2ecb
2fe0
3118
3258
34ac
371c
3a03
3d10
427f
486a
4f07
563f
2d48
2d6d
2d74
2d7c
2d84
2d8b
2d9a
2daa
2dc3
2ddc
2df9
2e16
2e4b
2e80
2ebd
2efa
2f6a
2fdc
3066
30f3
31f4
32fc
3427
3559
37a1
3a03
3cdf
3fdf
4529
4ae3
515c
5866
311b
3139
313f
3145
314c
3152
315f
316c
3181
3196
31b0
31c9
31f8
3226
325d
3293
32fa
3361
33e1
3462
3554
364b
3766
3888
3ac1
3d10
3fdf
42ce
47ed
4d71
53c4
5a9a
37c8
37de
37e2
37e7
37ec
37f0
37fa
3803
3813
3824
3837
384a
386f
3893
38bf
38eb
3940
3996
3a05
3a75
3b4f
3c2b
3d33
3e40
4056
427f
4529
47ed
4ce2
522f
5856
5ef4
3f5d
3f67
3f6a
3f6c
3f6f
3f72
3f77
3f7c
3f85
3f8f
3f9a
3fa5
3fbc
3fd3
3ff1
400f
404d
408c
40e3
413b
41f3
42af
439c
448c
4674
486a
4ae3
4d71
522f
5737
5d29
6383
477e
4783
4785
4786
4787
4789
478d
4790
4796
479c
47a2
47a9
47b7
47c5
47d8
47ec
4816
4840
487e
48bc
494d
49df
4aad
4b7d
4d3d
4f07
515c
53c4
5856
5d29
62e9
6903
50a9
50a9
50a9
50a9
50a9
50aa
50aa
50ab
50ac
50ae
50af
50af
50b2
50b5
50bb
50c1
50d0
50df
50fd
511b
5179
51d7
527c
5322
54ad
563f
5866
5a9a
5ef4
6383
6903
6ed0
1cc3
1d01
1d0e
1d1a
1d27
1d33
1d4d
1d66
1d8f
1db9
1de6
1e13
1e62
1eb1
1f0c
1f68
2006
20a7
214f
21fb
233d
248a
2618
27b7
2a95
2da8
311b
34d1
3b7e
4305
4af1
53cd
1d01
1d41
1d4d
1d59
1d65
1d71
1d8b
1da6
1dce
1df7
1e24
1e52
1e9f
1eed
1f47
1fa2
203f
20df
2182
2228
236c
24bc
2647
27e4
2abe
2dcc
3139
34e8
3b8e
430a
4af4
53cd
1d0e
1d4d
1d59
1d66
1d72
1d7e
1d98
1db2
1dda
1e03
1e30
1e5e
1eab
1ef9
1f53
1fad
204a
20eb
218d
2232
2376
24c6
2651
27ed
2ac6
2dd3
313f
34ed
3b92
430c
4af5
53cd
1d1a
1d59
1d66
1d72
1d7f
1d8b
1da6
1dbf
1de7
1e0f
1e3d
1e6b
1eb8
1f05
1f5f
1fb9
2056
20f7
2198
223d
2380
24d0
265b
27f6
2ace
2dda
3146
34f2
3b96
430e
4af7
53cd
1d27
1d65
1d72
1d7f
1d8b
1d98
1db3
1dcc
1df4
1e1b
1e49
1e77
1ec4
1f11
1f6b
1fc5
2063
2103
21a3
2247
238a
24da
2665
2800
2ad7
2de2
314c
34f7
3b99
4310
4af8
53cd
1d33
1d71
1d7e
1d8b
1d98
1da6
1dc0
1dd9
1e00
1e27
1e56
1e84
1ed0
1f1d
1f77
1fd1
206f
210f
21af
2251
2395
24e4
266f
2809
2ae0
2de9
3152
34fc
3b9d
4313
4af9
53ce
1d4d
1d8b
1d98
1da5
1db2
1dc0
1dd9
1df2
1e19
1e41
1e6f
1e9d
1eea
1f37
1f8f
1fe8
2085
2125
21c5
2267
23aa
24f8
2682
281d
2af1
2df9
315f
3506
3ba4
4316
4afb
53ce
1d66
1da6
1db2
1dbf
1dcc
1dd9
1df2
1e0b
1e33
1e5b
1e89
1eb6
1f03
1f50
1fa7
1fff
209c
213b
21db
227d
23bf
250d
2696
2830
2b02
2e08
316c
3511
3bac
431a
4afe
53cf
1d8f
1dce
1dda
1de7
1df4
1e00
1e19
1e33
1e5b
1e83
1eb0
1ede
1f2a
1f77
1fce
2025
20c0
215e
21fd
229f
23e1
252e
26b6
284e
2b1e
2e20
3181
3522
3bb8
4320
4b01
53cf
1db9
1df7
1e03
1e0f
1e1b
1e27
1e41
1e5b
1e83
1eac
1ed9
1f06
1f52
1f9e
1ff4
204b
20e4
2180
221f
22c1
2402
254f
26d6
286d
2b3a
2e39
3196
3533
3bc5
4326
4b05
53d0
1de6
1e24
1e30
1e3d
1e49
1e56
1e6f
1e89
1eb0
1ed9
1f05
1f32
1f7e
1fca
2020
2076
210b
21a3
2245
22ea
2429
2574
26f9
288f
2b5a
2e56
31b0
3547
3bd3
432d
4b09
53d0
1e13
1e52
1e5e
1e6b
1e77
1e84
1e9d
1eb6
1ede
1f06
1f32
1f5f
1faa
1ff6
204b
20a0
2132
21c6
226a
2312
2450
2599
271d
28b1
2b79
2e73
31c9
355d
3be3
4335
4b0e
53d1
1e62
1e9f
1eab
1eb8
1ec4
1ed0
1ee9
1f03
1f2a
1f52
1f7e
1faa
1ff6
2044
2097
20eb
2174
2200
22aa
2358
2494
25dc
275e
28ef
2bb3
2ea7
31f8
3584
3c00
4345
4b17
53d2
1eb1
1eed
1ef9
1f05
1f11
1f1d
1f37
1f50
1f77
1f9e
1fca
1ff6
2044
2093
20e4
2137
21b8
223a
22eb
239f
24da
261f
279f
292e
2bed
2edb
3226
35ac
3c1e
4356
4b21
53d3
1f0c
1f47
1f53
1f5f
1f6b
1f77
1f8f
1fa7
1fce
1ff4
2020
204b
2097
20e4
2133
2182
2205
2289
233b
23ef
2527
266a
27e8
2974
2c2f
2f17
325d
35dc
3c42
436b
4b2e
53d6
1f68
1fa2
1fad
1fb9
1fc5
1fd1
1fe8
1fff
2025
204b
2076
20a0
20eb
2137
2182
21cd
2253
22da
238b
2440
2576
26b6
2831
29bb
2c71
2f54
3293
360c
3c67
4381
4b3c
53da
2006
203f
204a
2056
2063
206f
2085
209c
20c0
20e4
210b
2132
2174
21b8
2205
2253
22de
236b
241b
24ce
2600
273c
28b3
2a39
2ce8
2fc3
32fa
3668
3cb0
43b3
4b5c
53e2
20a7
20df
20eb
20f7
2103
210f
2125
213b
215e
2180
21a3
21c6
2200
223a
2289
22da
236b
23fe
24ac
255e
268c
27c4
2938
2ab9
2d61
3033
3361
36c4
3cfa
43e6
4b7c
53eb
214f
2182
218d
2198
21a3
21af
21c5
21db
21fd
221f
2245
226a
22aa
22eb
233b
238b
241b
24ac
2559
2608
2733
2867
29d6
2b53
2df3
30bd
33e1
373a
3d5d
4430
4bae
53fe
21fb
2228
2232
223d
2247
2251
2267
227d
229f
22c1
22ea
2312
2358
239f
23ef
2440
24ce
255e
2608
26b6
27dd
290c
2a77
2bef
2e87
3147
3462
37b0
3dc1
447b
4be0
5412
233d
236c
2376
2380
238a
2395
23aa
23bf
23e1
2402
2429
2450
2495
24da
2527
2576
2600
268c
2733
27dd
2904
2a34
2b98
2d08
2f95
3246
3554
3893
3e88
4520
4c5d
545c
248a
24bc
24c6
24d0
24da
24e4
24f8
250d
252e
254f
2574
2599
25dc
261f
266a
26b6
273c
27c4
2867
290c
2a34
2b64
2cc1
2e29
30a8
334a
364b
3979
3f53
45c6
4cda
54a6
2618
2647
2651
265b
2665
266f
2682
2696
26b6
26d6
26fa
271d
275e
279f
27e8
2831
28b3
2938
29d6
2a77
2b98
2cc1
2e18
2f79
31de
3463
3767
3a96
404f
4696
4d8e
5536
27b7
27e4
27ed
27f6
2800
2809
281d
2830
284e
286d
288f
28b1
28ef
292e
2974
29bb
2a39
2ab9
2b53
2bef
2d08
2e29
2f79
30d3
331d
3582
3888
3bb9
414e
4768
4e43
55c6
2a95
2abe
2ac6
2ace
2ad7
2ae0
2af1
2b02
2b1e
2b3a
2b5a
2b79
2bb3
2bed
2c2f
2c71
2ce8
2d61
2df3
2e87
2f95
30a8
31de
331d
3568
37cc
3ac1
3ddd
4348
492b
4fde
572e
2da8
2dcc
2dd3
2dda
2de2
2de9
2df9
2e08
2e20
2e39
2e56
2e73
2ea7
2edb
2f17
2f54
2fc3
3033
30bd
3147
3246
334a
3463
3582
37cc
3a30
3d10
4014
4550
4afa
5182
589c
311b
3139
313f
3145
314c
3152
315f
316c
3181
3196
31b0
31c9
31f8
3226
325d
3293
32fa
3361
33e1
3462
3554
364b
3766
3888
3ac1
3d10
3fdf
42ce
47ed
4d71
53c4
5a9a
34d1
34e8
34ed
34f2
34f7
34fc
3506
3511
3522
3533
3547
355d
3584
35ac
35dc
360c
3668
36c4
373a
37b0
3893
3979
3a96
3bb9
3ddd
4014
42ce
45a5
4aa4
4ffd
5616
5ca5
3b7e
3b8e
3b92
3b96
3b99
3b9d
3ba4
3bac
3bb8
3bc5
3bd3
3be3
3c00
3c1e
3c42
3c67
3cb0
3cfa
3d5d
3dc1
3e89
3f53
404f
414e
4348
4550
47ee
4aa4
4f6e
5488
5a7f
60e1
4305
430a
430c
430e
4310
4313
4316
431a
4320
4326
432d
4335
4345
4356
436b
4381
43b3
43e6
4430
447b
4520
45c6
4696
4768
492b
4afa
4d71
4ffd
5488
5955
5f22
654f
4af1
4af4
4af6
4af7
4af8
4af9
4afc
4afe
4b01
4b05
4b09
4b0e
4b17
4b21
4b2e
4b3c
4b5c
4b7c
4bae
4be0
4c5d
4cda
4d8e
4e43
4fde
5182
53c4
5616
5a7f
5f22
64ac
6a89
53cd
53cd
53cd
53cd
53cd
53ce
53ce
53cf
53cf
53d0
53d0
53d1
53d2
53d3
53d6
53da
53e2
53eb
53fe
5412
545c
54a6
5536
55c6
572e
589c
5a9a
5ca5
60e1
654f
6a89
7009
2401
2439
2444
244f
245a
2466
247d
2494
24ba
24df
2508
2531
257a
25c3
2618
266e
2703
279b
2843
28ee
2a27
2b69
2ce6
2e70
3148
344d
37c8
3b7e
41ee
4910
50be
593a
2439
2472
247d
2488
2493
249d
24b6
24cd
24f1
2516
253f
2569
25b1
25f8
264d
26a2
2736
27cc
2870
2917
2a50
2b93
2d0e
2e95
3169
3467
37de
3b8e
41f8
4913
50c0
593b
2444
247d
2488
2493
249e
24a9
24c1
24d9
24fd
2521
254a
2574
25bc
2603
2657
26ac
2740
27d6
287a
2920
2a59
2b9b
2d15
2e9d
316f
346c
37e2
3b92
41fb
4914
50c0
593b
244f
2488
2493
249e
24aa
24b6
24cd
24e4
2509
252c
2556
2580
25c7
260e
2662
26b7
274b
27e1
2883
2929
2a62
2ba3
2d1e
2ea5
3176
3472
37e7
3b96
41fd
4916
50c1
593b
245a
2493
249e
24aa
24b6
24c1
24d9
24f0
2514
2537
2561
258b
25d2
2619
266d
26c1
2755
27eb
288d
2932
2a6b
2bac
2d26
2eac
317c
3478
37ec
3b99
4200
4917
50c2
593b
2466
249d
24a9
24b6
24c1
24ce
24e5
24fc
251f
2542
256c
2596
25dd
2624
2678
26cc
2760
27f6
2897
293c
2a74
2bb5
2d2e
2eb4
3183
347e
37f1
3b9d
4203
4919
50c3
593b
247d
24b6
24c1
24cd
24d9
24e5
24fc
2513
2536
255a
2583
25ad
25f3
263a
268d
26e1
2774
2809
28ab
294f
2a86
2bc5
2d3e
2ec4
3191
3489
37fa
3ba4
4208
491b
50c4
593c
2494
24cd
24d9
24e4
24f0
24fc
2513
252a
254d
2571
259a
25c3
260a
2650
26a3
26f6
2789
281d
28bf
2963
2a99
2bd7
2d4f
2ed4
319f
3495
3803
3bac
420d
491e
50c6
593c
24ba
24f1
24fd
2509
2514
251f
2536
254d
2571
2595
25be
25e7
262d
2674
26c5
2717
27a9
283d
28de
2981
2ab5
2bf2
2d69
2eed
31b6
34a8
3813
3bb8
4216
4921
50c8
593c
24df
2516
2521
252c
2537
2542
255a
2571
2595
25ba
25e2
260c
2652
2698
26e8
273a
27ca
285c
28fd
299f
2ad2
2c0d
2d84
2f07
31cc
34bb
3824
3bc5
421f
4925
50cb
593d
2508
253f
254a
2556
2561
256c
2583
259a
25be
25e2
260c
2634
2679
26bf
270f
2760
27ee
287e
291f
29c4
2af5
2c2f
2da2
2f23
31e6
34d2
3837
3bd3
4229
4929
50cd
593d
2531
2569
2574
2580
258b
2596
25ad
25c3
25e7
260c
2634
265d
26a2
26e8
2737
2787
2811
289f
2942
29e7
2b17
2c50
2dc2
2f40
3200
34e9
384a
3be3
4233
492e
50d0
593e
257a
25b1
25bc
25c7
25d2
25dd
25f3
260a
262d
2652
2679
26a2
26e8
272f
277d
27cb
2851
28d8
297e
2a26
2b51
2c84
2df7
2f75
3230
3514
386f
3c00
4248
4938
50d6
593e
25c3
25f8
2603
260e
2619
2624
263a
2650
2674
2698
26bf
26e8
272f
2777
27c3
2810
2890
2912
29ba
2a66
2b8b
2cb9
2e2c
2fab
3261
353e
3893
3c1e
425d
4943
50dc
593f
2618
264d
2657
2662
266d
2678
268d
26a3
26c5
26e8
270f
2737
277d
27c3
280d
2858
28d9
295b
2a03
2aae
2bd0
2cfa
2e6b
2fe8
3299
3570
38bf
3c42
4278
4951
50e5
5941
266e
26a2
26ac
26b7
26c1
26cc
26e1
26f6
2717
273a
2760
2787
27cb
2810
2858
28a1
2922
29a6
2a4d
2af6
2c15
2d3b
2eab
3025
32d1
35a3
38eb
3c67
4292
495f
50ee
5943
2703
2736
2740
274b
2755
2760
2774
2789
27a9
27ca
27ee
2811
2851
2890
28d9
2922
29a7
2a2c
2ad0
2b77
2c92
2db5
2f1f
3095
333a
3602
3940
3cb0
42ca
4981
5103
5948
279b
27cc
27d6
27e1
27eb
27f6
2809
281d
283d
285c
287e
289f
28d8
2912
295b
29a6
2a2c
2ab5
2b56
2bfa
2d11
2e2f
2f96
3106
33a3
3662
3996
3cfa
4303
49a3
5117
594d
2843
2870
287a
2883
288d
2897
28ab
28bf
28de
28fd
291f
2942
297e
29ba
2a03
2a4d
2ad0
2b56
2bf2
2c91
2da8
2ec5
3027
3193
3426
36db
3a05
3d5d
4352
49da
513b
5958
28ee
2917
2920
2929
2932
293c
294f
2963
2981
299f
29c4
29e7
2a26
2a66
2aae
2af6
2b77
2bfa
2c91
2d2a
2e40
2f5d
30b9
3220
34aa
3756
3a75
3dc1
43a2
4a12
515e
5963
2a27
2a50
2a59
2a62
2a6b
2a74
2a86
2a99
2ab5
2ad2
2af5
2b17
2b51
2b8b
2bd0
2c15
2c92
2d11
2da8
2e40
2f57
3074
31c8
3326
35a3
383f
3b4f
3e89
444b
4a95
51be
5996
2b69
2b93
2b9b
2ba3
2bac
2bb5
2bc5
2bd7
2bf2
2c0d
2c2f
2c50
2c84
2cb9
2cfa
2d3b
2db5
2e2f
2ec5
2f5d
3074
3190
32dd
3433
36a1
392b
3c2c
3f53
44f7
4b1b
521e
59c9
2ce6
2d0e
2d16
2d1e
2d26
2d2e
2d3e
2d4f
2d69
2d84
2da3
2dc2
2df7
2e2c
2e6b
2eab
2f1f
2f96
3027
30b9
31c8
32dd
3424
3573
37cb
3a3e
3d34
404f
45d5
4bd6
52b6
5a35
2e70
2e95
2e9d
2ea5
2eac
2eb4
2ec4
2ed4
2eed
2f07
2f23
2f40
2f75
2fab
2fe8
3025
3095
3106
3193
3220
3326
3433
3573
36ba
38fc
3b57
3e40
414e
46b7
4c92
534f
5aa2
3148
3169
316f
3176
317c
3183
3191
319f
31b5
31cc
31e6
3200
3230
3261
3299
32d1
333a
33a3
3426
34aa
35a3
36a1
37cb
38fc
3b36
3d86
4056
4348
488b
4e37
54c1
5bd8
344d
3467
346c
3472
3478
347e
3489
3495
34a8
34bb
34d2
34e9
3514
353e
3570
35a3
3602
3662
36db
3756
383f
392b
3a3e
3b57
3d86
3fcb
427f
4550
4a6b
4fe6
563b
5d11
37c8
37de
37e2
37e7
37ec
37f1
37fa
3803
3813
3824
3837
384a
386f
3893
38bf
38eb
3940
3996
3a05
3a75
3b4e
3c2c
3d33
3e40
4056
427f
4529
47ee
4ce2
522f
5856
5ef4
3b7e
3b8e
3b92
3b96
3b99
3b9d
3ba4
3bac
3bb8
3bc5
3bd3
3be3
3c00
3c1e
3c42
3c67
3cb0
3cfa
3d5d
3dc1
3e89
3f53
404f
414e
4348
4550
47ee
4aa4
4f6e
5488
5a7f
60e1
41ee
41f8
41fb
41fd
4200
4203
4208
420d
4216
421f
4229
4233
4248
425d
4278
4292
42ca
4303
4352
43a2
444b
44f7
45d6
46b7
488b
4a6b
4ce3
4f6e
5412
58fc
5ec1
64e6
4910
4913
4914
4916
4917
4919
491b
491e
4921
4925
4929
492e
4938
4943
4951
495f
4981
49a3
49da
4a12
4a95
4b1b
4bd6
4c92
4e37
4fe6
522f
5488
58fc
5dac
6336
6914
50be
50c0
50c1
50c1
50c2
50c3
50c4
50c6
50c8
50cb
50cd
50d0
50d6
50dc
50e5
50ee
5103
5117
513b
515e
51be
521e
52b6
534f
54c1
563b
5856
5a7f
5ec1
6336
6887
6e22
593a
593b
593b
593b
593b
593b
593c
593c
593c
593d
593d
593e
593e
593f
5941
5943
5948
594d
5958
5963
5996
59c9
5a35
5aa2
5bd8
5d11
5ef4
60e1
64e6
6914
6e22
736e
2d12
2d3c
2d44
2d4d
2d55
2d5e
2d71
2d83
2da0
2dbe
2dde
2dfe
2e3a
2e76
2ebe
2f06
2f87
3009
30aa
314d
326c
3392
34eb
364e
3909
3be9
3f5d
4305
4910
4fa7
56fe
5f02
2d3c
2d68
2d70
2d78
2d81
2d89
2d9c
2daf
2dcb
2de7
2e08
2e29
2e64
2e9e
2ee6
2f2e
2fad
302e
30cd
316e
328c
33b0
3506
3666
391d
3bf7
3f67
430a
4913
4fa8
56ff
5f02
2d44
2d70
2d78
2d81
2d8a
2d92
2da5
2db8
2dd4
2def
2e11
2e32
2e6c
2ea7
2eee
2f36
2fb5
3035
30d4
3175
3292
33b5
350c
366b
3921
3bfa
3f6a
430c
4914
4fa8
56ff
5f02
2d4d
2d78
2d81
2d8a
2d93
2d9c
2daf
2dc1
2ddd
2df9
2e19
2e3a
2e75
2eaf
2ef7
2f3f
2fbd
303d
30dc
317d
3299
33bb
3512
3671
3926
3bfd
3f6c
430e
4916
4fa9
56ff
5f02
2d55
2d81
2d89
2d93
2d9c
2da6
2db8
2dca
2de6
2e02
2e22
2e43
2e7d
2eb8
2eff
2f47
2fc5
3045
30e3
3184
32a0
33c1
3517
3676
392a
3c00
3f6f
4310
4917
4fa9
56ff
5f02
2d5e
2d89
2d92
2d9c
2da6
2daf
2dc1
2dd3
2def
2e0b
2e2b
2e4c
2e86
2ec0
2f08
2f4f
2fcd
304d
30eb
318b
32a6
33c7
351d
367b
392e
3c03
3f72
4313
4919
4fa9
5700
5f03
2d71
2d9c
2da5
2daf
2db8
2dc1
2dd3
2de6
2e01
2e1c
2e3c
2e5d
2e97
2ed0
2f18
2f5f
2fdd
305c
30fa
319a
32b4
33d3
3528
3686
3937
3c0a
3f77
4316
491b
4faa
5700
5f03
2d83
2daf
2db8
2dc1
2dca
2dd3
2de6
2df9
2e13
2e2d
2e4e
2e6f
2ea8
2ee1
2f28
2f6f
2fed
306d
310a
31aa
32c1
33df
3534
3691
3940
3c10
3f7c
431a
491e
4fac
5701
5f03
2da0
2dcb
2dd4
2ddd
2de6
2def
2e01
2e13
2e2e
2e4a
2e6b
2e8c
2ec5
2efe
2f44
2f8a
3007
3086
3123
31c1
32d6
33f1
3545
36a3
394f
3c1c
3f85
4320
4921
4fac
5702
5f03
2dbe
2de7
2def
2df9
2e02
2e0b
2e1c
2e2d
2e4a
2e67
2e88
2eaa
2ee2
2f1a
2f5f
2fa5
3022
30a0
313c
31d9
32ec
3403
3557
36b5
395e
3c28
3f8f
4326
4925
4fad
5702
5f04
2dde
2e08
2e11
2e19
2e22
2e2b
2e3c
2e4e
2e6b
2e88
2ea9
2eca
2f02
2f3b
2f7e
2fc3
3040
30be
3158
31f5
3307
341e
3570
36c9
3970
3c37
3f9a
432d
4929
4fae
5703
5f04
2dfe
2e29
2e32
2e3a
2e43
2e4c
2e5d
2e6f
2e8c
2eaa
2eca
2eeb
2f23
2f5b
2f9e
2fe2
305e
30db
3176
3212
3323
343a
3588
36de
3982
3c46
3fa5
4335
492e
4faf
5703
5f04
2e3a
2e64
2e6c
2e75
2e7d
2e86
2e97
2ea8
2ec5
2ee2
2f02
2f23
2f5c
2f96
2fd8
301a
3095
3111
31aa
3243
334b
3458
35ab
3705
39a4
3c63
3fbc
4345
4938
4fb2
5705
5f04
2e76
2e9e
2ea7
2eaf
2eb8
2ec0
2ed0
2ee1
2efe
2f1a
2f3b
2f5b
2f96
2fd1
3012
3053
30cd
3147
31dd
3276
3374
3477
35cd
372c
39c7
3c80
3fd3
4356
4943
4fb5
5707
5f05
2ebe
2ee6
2eee
2ef7
2eff
2f08
2f18
2f28
2f44
2f5f
2f7e
2f9e
2fd8
3012
3053
3094
310c
3185
321a
32b0
33aa
34a8
35fe
375c
39f1
3ca4
3ff1
436b
4951
4fbb
570a
5f05
2f06
2f2e
2f36
2f3f
2f47
2f4f
2f5f
2f6f
2f8a
2fa5
2fc3
2fe2
301a
3053
3094
30d5
314c
31c4
3257
32eb
33e0
34db
362f
378c
3a1b
3cc9
400f
4381
495f
4fc0
570d
5f06
2f87
2fad
2fb5
2fbd
2fc5
2fcd
2fdd
2fed
3007
3022
3040
305e
3095
30cd
310c
314c
31c1
3237
32c6
3355
3448
353e
368e
37e7
3a6e
3d13
404d
43b3
4981
4fcf
5716
5f07
3009
302e
3035
303d
3045
304d
305c
306d
3086
30a0
30be
30db
3111
3147
3185
31c4
3237
32ac
3336
33c1
34b0
35a3
36ef
3843
3ac1
3d5c
408c
43e6
49a3
4fde
571e
5f08
30aa
30cd
30d4
30dc
30e3
30eb
30fa
310a
3123
313c
3158
3176
31aa
31dd
321a
3257
32c5
3336
33b6
3438
352c
3624
376b
38b9
3b2e
3dbf
40e3
4430
49da
4ffd
5730
5f09
314d
316e
3175
317d
3184
318b
319a
31aa
31c1
31d9
31f5
3212
3243
3276
32b0
32eb
3355
33c1
3438
34b1
35a9
36a7
37e8
3931
3b9d
3e23
413b
447b
4a12
501c
5741
5f0a
326c
328c
3292
3299
32a0
32a6
32b4
32c1
32d6
32ec
3307
3323
334b
3374
33aa
33e0
3448
34b0
352c
35a9
36a3
37a0
38d9
3a1a
3c77
3eed
41f4
4520
4a96
507a
577f
5f22
3392
33b0
33b5
33bb
33c1
33c7
33d3
33df
33f1
3403
341e
343a
3458
3477
34a8
34db
353e
35a3
3624
36a7
37a0
389d
39cf
3b06
3d54
3fba
42af
45c6
4b1b
50d8
57be
5f3a
34eb
3506
350c
3512
3517
351d
3528
3534
3545
3557
3570
3588
35ab
35cd
35fe
362f
368e
36ef
376b
37e8
38d9
39cf
3afb
3c2d
3e6c
40c1
439c
4696
4bd5
517a
5835
5f7f
364e
3666
366b
3671
3676
367b
3686
3691
36a3
36b5
36c9
36de
3705
372c
375c
378c
37e7
3843
38b9
3931
3a1a
3b06
3c2d
3d58
3f89
41ce
448c
4768
4c92
521c
58ad
5fc5
3909
391d
3921
3926
392a
392e
3937
3940
394e
395e
3970
3982
39a4
39c7
39f0
3a1b
3a6e
3ac1
3b2e
3b9d
3c77
3d54
3e6c
3f89
41a7
43d7
4674
492b
4e37
539d
59f2
60c1
3be9
3bf7
3bfa
3bfd
3c00
3c03
3c0a
3c10
3c1c
3c28
3c37
3c46
3c63
3c80
3ca4
3cc9
3d13
3d5c
3dbf
3e23
3eed
3fba
40c1
41ce
43d7
45f1
486a
4afa
4fe6
5525
5b3b
61c0
3f5d
3f67
3f6a
3f6c
3f6f
3f72
3f77
3f7c
3f85
3f8f
3f9a
3fa5
3fbc
3fd3
3ff1
400f
404d
408c
40e3
413b
41f3
42af
439c
448c
4674
486a
4ae3
4d71
522f
5737
5d29
6383
4305
430a
430c
430e
4310
4313
4316
431a
4320
4326
432d
4335
4345
4356
436b
4381
43b3
43e6
4430
447b
4520
45c6
4696
4768
492b
4afa
4d71
4ffd
5488
5955
5f22
654f
4910
4913
4914
4916
4917
4919
491b
491e
4921
4925
4929
492e
4938
4943
4951
495f
4981
49a3
49da
4a12
4a95
4b1b
4bd6
4c92
4e37
4fe6
522f
5488
58fc
5dac
6336
6914
4fa7
4fa8
4fa8
4fa9
4fa9
4fa9
4faa
4fac
4fac
4fad
4fae
4faf
4fb2
4fb5
4fbb
4fc0
4fcf
4fde
4ffd
501c
507a
50d8
517a
521c
539d
5525
5737
5955
5dac
6238
6777
6cfe
56fe
56ff
56ff
56ff
56ff
5700
5700
5701
5701
5702
5702
5703
5705
5707
570a
570d
5716
571e
5730
5741
5780
57be
5835
58ad
59f2
5b3b
5d29
5f22
6336
6777
6c88
71da
5f02
5f02
5f02
5f02
5f02
5f03
5f03
5f03
5f03
5f04
5f04
5f04
5f04
5f05
5f05
5f06
5f07
5f08
5f09
5f0a
5f22
5f3a
5f7f
5fc5
60c1
61c0
6383
654f
6914
6cfe
71da
76ed
3742
375e
3764
376a
376f
3775
3782
3790
37a4
37b9
37d0
37e7
3813
3840
3877
38ad
3914
397b
3a01
3a88
3b83
3c82
3db9
3ef7
4187
4433
477d
4af1
50be
56fe
5e0e
65b1
375e
377d
3782
3788
378e
3794
37a0
37ae
37c2
37d6
37ed
3804
3830
385b
3892
38c9
392e
3993
3a18
3a9e
3b98
3c95
3dca
3f05
4193
443b
4783
4af4
50c0
56ff
5e0e
65b1
3764
3782
3788
378e
3794
379a
37a7
37b4
37c8
37dc
37f3
380a
3836
3861
3897
38ce
3933
3998
3a1d
3aa3
3b9c
3c98
3dcd
3f08
4195
443d
4785
4af6
50c0
56ff
5e0e
65b1
376a
3788
378e
3794
379a
37a0
37ad
37ba
37ce
37e2
37f9
3810
383c
3867
389d
38d4
3939
399e
3a22
3aa8
3ba1
3c9c
3dd1
3f0c
4198
443f
4786
4af7
50c1
56ff
5e0e
65b1
376f
378e
3794
379a
37a0
37a7
37b3
37c1
37d4
37e8
37ff
3816
3842
386c
38a3
38d9
393e
39a3
3a28
3aad
3ba5
3ca0
3dd5
3f0f
419b
4440
4788
4af8
50c2
56ff
5e0e
65b1
3775
3794
379a
37a0
37a7
37ad
37ba
37c7
37db
37ee
3805
381c
3848
3873
38a9
38df
3943
39a9
3a2d
3ab3
3baa
3ca4
3dd9
3f13
419d
4443
4789
4af9
50c3
5700
5e0f
65b1
3782
37a0
37a7
37ad
37b3
37ba
37c7
37d5
37e7
37fb
3812
3829
3854
387e
38b4
38ea
394e
39b4
3a37
3abd
3bb2
3cac
3de0
3f1a
41a3
4447
478c
4afc
50c4
5700
5e0f
65b1
3790
37ae
37b4
37ba
37c1
37c7
37d5
37e2
37f4
3807
381e
3836
3860
388a
38bf
38f6
395a
39bf
3a42
3ac7
3bbb
3cb4
3de7
3f21
41a8
444a
4790
4afe
50c6
5701
5e10
65b2
37a4
37c2
37c8
37ce
37d5
37db
37e7
37f4
3808
381b
3833
384b
3874
389e
38d3
3908
396c
39d1
3a54
3ad7
3bc9
3cc0
3df2
3f2c
41b3
4452
4796
4b01
50c8
5701
5e10
65b2
37b9
37d6
37dc
37e2
37e8
37ee
37fb
3807
381b
3830
3847
385f
3889
38b2
38e6
391b
397f
39e3
3a65
3ae7
3bd8
3ccc
3dff
3f37
41bc
445a
479c
4b05
50ca
5702
5e11
65b2
37d0
37ed
37f3
37f9
37ff
3805
3812
381e
3833
3847
385f
3877
38a0
38ca
38fd
3931
3994
39f7
3a79
3afb
3beb
3cde
3e0f
3f45
41c7
4463
47a2
4b09
50cd
5702
5e11
65b2
37e7
3804
380a
3810
3816
381c
3829
3836
384b
385f
3877
388f
38b8
38e1
3914
3947
39a9
3a0d
3a8d
3b0f
3bfe
3cf0
3e1e
3f53
41d3
446c
47a9
4b0e
50d0
5703
5e12
65b2
3813
3830
3836
383c
3842
3848
3853
3860
3874
3889
38a0
38b8
38e2
390c
393e
3971
39d2
3a34
3ab3
3b33
3c1b
3d06
3e37
3f6d
41e9
447f
47b7
4b17
50d6
5705
5e13
65b2
3840
385b
3861
3867
386c
3873
387e
388a
389e
38b2
38ca
38e1
390c
3938
3969
399a
39fa
3a5c
3ad9
3b57
3c38
3d1d
3e4f
3f87
4200
4491
47c6
4b21
50dc
5707
5e14
65b3
3877
3892
3897
389d
38a3
38a9
38b4
38bf
38d3
38e6
38fd
3914
393e
3969
399a
39cc
3a2b
3a8a
3b06
3b82
3c5f
3d3f
3e72
3fa9
421d
44a9
47d9
4b2e
50e5
570a
5e16
65b3
38ad
38c9
38ce
38d4
38d9
38df
38ea
38f6
3908
391b
3931
3947
3971
399a
39cc
39fe
3a5c
3aba
3b33
3bae
3c87
3d62
3e94
3fcb
423a
44c1
47ec
4b3c
50ee
570d
5e18
65b4
3914
392e
3933
3939
393e
3943
394e
395a
396c
397f
3994
39a9
39d2
39fa
3a2b
3a5c
3ab9
3b16
3b8c
3c03
3cd6
3dac
3edb
400f
4276
44f4
4816
4b5c
5103
5716
5e1d
65b4
397b
3993
3998
399e
39a3
39a9
39b4
39bf
39d1
39e3
39f7
3a0d
3a34
3a5c
3a8a
3aba
3b16
3b72
3be5
3c57
3d26
3df7
3f23
4053
42b2
4527
4840
4b7c
5118
571e
5e22
65b5
3a01
3a18
3a1d
3a22
3a28
3a2d
3a37
3a42
3a54
3a65
3a79
3a8d
3ab3
3ad9
3b06
3b33
3b8c
3be5
3c51
3cbe
3d8c
3e5d
3f84
40b0
4305
4570
487e
4bae
513b
5730
5e2b
65b6
3a88
3a9e
3aa3
3aa8
3aad
3ab3
3abd
3ac7
3ad7
3ae7
3afb
3b0f
3b33
3b57
3b82
3bae
3c03
3c57
3cbe
3d25
3df3
3ec3
3fe6
410e
435a
45bb
48bc
4be0
515e
5741
5e35
65b7
3b83
3b98
3b9c
3ba0
3ba5
3baa
3bb2
3bbb
3bca
3bd8
3beb
3bfe
3c1b
3c38
3c5f
3c87
3cd6
3d26
3d8c
3df3
3ec5
3f99
40b3
41d2
440e
465e
494e
4c5d
51be
5780
5e5c
65c4
3c82
3c95
3c98
3c9c
3ca0
3ca4
3cac
3cb4
3cc0
3ccc
3cde
3cf0
3d06
3d1d
3d3f
3d62
3dac
3df7
3e5d
3ec3
3f99
4071
4183
4299
44c4
4702
49e0
4cda
521e
57be
5e84
65d1
3db9
3dca
3dcd
3dd1
3dd5
3dd9
3de0
3de7
3df2
3dff
3e0f
3e1e
3e37
3e4f
3e71
3e94
3edb
3f23
3f84
3fe6
40b3
4183
4290
43a1
45bc
47e8
4aad
4d8e
52b5
5835
5ed7
65f8
3ef7
3f05
3f08
3f0c
3f0f
3f13
3f1a
3f21
3f2c
3f37
3f45
3f53
3f6d
3f87
3fa9
3fcb
400f
4053
40b0
410e
41d2
4299
43a1
44ad
46b7
48d1
4b7d
4e43
534e
58ad
5f2a
6620
4187
4193
4195
4198
419a
419d
41a3
41a8
41b2
41bc
41c7
41d3
41e9
4200
421d
423a
4276
42b2
4305
435a
440e
44c4
45bc
46b7
48ad
4ab2
4d3d
4fde
54c1
59f2
602a
66d1
4433
443b
443d
443f
4440
4443
4447
444a
4452
445a
4463
446c
447f
4491
44a9
44c1
44f4
4527
4570
45bb
465e
4702
47e8
48d1
4ab2
4ca0
4f07
5182
563b
5b3b
612d
6782
477d
4783
4785
4786
4788
4789
478c
4790
4796
479c
47a2
47a9
47b7
47c6
47d8
47ec
4816
4840
487e
48bc
494d
49e0
4aad
4b7d
4d3d
4f07
515d
53c4
5857
5d29
62e8
6903
4af1
4af4
4af6
4af7
4af8
4af9
4afc
4afe
4b01
4b05
4b09
4b0e
4b17
4b21
4b2e
4b3c
4b5c
4b7c
4bae
4be0
4c5d
4cda
4d8e
4e43
4fde
5182
53c4
5616
5a7f
5f22
64ac
6a89
50be
50c0
50c0
50c1
50c2
50c3
50c4
50c6
50c8
50ca
50cd
50d0
50d6
50dc
50e5
50ee
5103
5118
513b
515e
51be
521e
52b6
534e
54c1
563b
5856
5a7f
5ec1
6336
6887
6e22
56fe
56ff
56ff
56ff
56ff
5700
5700
5701
5701
5702
5702
5703
5705
5707
570a
570d
5716
571e
5730
5741
5780
57be
5835
58ad
59f2
5b3b
5d29
5f22
6336
6777
6c88
71da
5e0e
5e0e
5e0e
5e0e
5e0e
5e0f
5e0f
5e10
5e10
5e11
5e11
5e12
5e13
5e14
5e16
5e18
5e1d
5e22
5e2b
5e35
5e5d
5e84
5ed7
5f2a
602a
612d
62e8
64ac
6887
6c88
716a
7685
65b1
65b1
65b1
65b1
65b1
65b1
65b1
65b2
65b2
65b2
65b2
65b2
65b2
65b3
65b3
65b4
65b4
65b5
65b6
65b7
65c4
65d1
65f8
6620
66d1
6782
6903
6a89
6e22
71da
7685
7b61
43c0
43c5
43c7
43c8
43ca
43cc
43d0
43d4
43db
43e3
43eb
43f3
4406
4419
4434
444f
448b
44c7
4522
457e
463d
46fe
47fe
4901
4b49
4da3
50a9
53cd
593a
5f02
65b1
6cd8
43c5
43cf
43d0
43d1
43d2
43d4
43d8
43dd
43e4
43ec
43f3
43fa
440d
4421
443c
4458
4493
44cf
4529
4583
4641
4702
4800
4902
4b4a
4da3
50a9
53cd
593b
5f02
65b1
6cd8
43c7
43d0
43d1
43d3
43d4
43d5
43d9
43de
43e6
43ed
43f4
43fc
440f
4422
443e
4459
4494
44d0
452a
4585
4643
4703
4801
4902
4b4a
4da3
50a9
53cd
593b
5f02
65b1
6cd8
43c8
43d1
43d3
43d4
43d6
43d7
43dc
43e0
43e7
43ef
43f6
43fe
4411
4424
443f
445a
4496
44d2
452c
4587
4644
4704
4802
4903
4b4b
4da3
50a9
53cd
593b
5f02
65b1
6cd8
43ca
43d2
43d4
43d6
43d7
43d9
43de
43e2
43e9
43f0
43f8
4400
4413
4425
4441
445b
4497
44d3
452e
4589
4646
4705
4803
4904
4b4b
4da3
50a9
53cd
593b
5f02
65b1
6cd8
43cc
43d4
43d5
43d7
43d9
43dc
43e0
43e4
43eb
43f2
43fa
4402
4415
4427
4442
445d
4499
44d5
4530
458b
4647
4706
4804
4905
4b4c
4da4
50aa
53ce
593b
5f03
65b1
6cd9
43d0
43d8
43d9
43dc
43de
43e0
43e4
43e9
43f0
43f6
43fe
4407
4419
442c
4446
4461
449d
44d9
4533
458d
4649
4708
4805
4907
4b4d
4da4
50aa
53ce
593c
5f03
65b1
6cd9
43d4
43dd
43de
43e0
43e2
43e4
43e9
43ee
43f5
43fb
4403
440c
441e
4430
444b
4465
44a1
44dc
4536
4590
464c
470a
4807
4908
4b4e
4da5
50ab
53cf
593c
5f03
65b2
6cd9
43db
43e4
43e6
43e7
43e9
43eb
43f0
43f5
43fb
4402
440a
4413
4425
4437
4451
446b
44a7
44e3
453c
4596
4650
470d
480a
490a
4b50
4da7
50ac
53cf
593c
5f03
65b2
6cd9
43e3
43ec
43ed
43ef
43f0
43f2
43f6
43fb
4402
4408
4411
441a
442c
443e
4458
4472
44ad
44e9
4542
459b
4655
4710
480d
490d
4b53
4daa
50ae
53d0
593d
5f04
65b2
6cd9
43eb
43f3
43f5
43f6
43f8
43fa
43fe
4403
440a
4411
441a
4424
4436
4448
4461
447b
44b5
44f1
4549
45a2
465b
4715
4811
4911
4b55
4dab
50ae
53d0
593d
5f04
65b2
6cd9
43f3
43fa
43fc
43fe
4400
4402
4407
440c
4413
441a
4424
442e
4440
4451
446a
4484
44be
44f8
4550
45a9
4661
471a
4816
4915
4b58
4dac
50af
53d1
593e
5f04
65b2
6cd9
4406
440d
440f
4411
4413
4415
4419
441e
4425
442c
4436
4440
4452
4465
447e
4496
44d0
450a
4561
45b9
466e
4724
481f
491e
4b5e
4db0
50b2
53d2
593e
5f04
65b2
6cd9
4419
4421
4422
4424
4425
4427
442c
4430
4437
443e
4448
4451
4465
4479
4491
44a9
44e3
451d
4573
45c9
467b
472f
4829
4926
4b65
4db5
50b5
53d3
593f
5f05
65b3
6cda
4434
443c
443e
443f
4440
4442
4446
444b
4451
4458
4461
446a
447e
4491
44aa
44c3
44fc
4535
4589
45de
468d
473c
4838
4936
4b70
4dbd
50bb
53d6
5941
5f05
65b3
6cda
444f
4458
4459
445a
445b
445d
4461
4465
446b
4472
447b
4484
4496
44a9
44c3
44de
4515
454d
45a0
45f4
469e
474a
4846
4945
4b7c
4dc5
50c1
53da
5943
5f06
65b4
6cda
448b
4493
4494
4496
4497
4499
449d
44a1
44a7
44ad
44b5
44be
44d0
44e3
44fc
4515
454d
4585
45d6
4628
46cb
4770
486b
4969
4b99
4dda
50d0
53e2
5948
5f07
65b4
6cda
44c7
44cf
44d0
44d2
44d3
44d5
44d9
44dc
44e3
44e9
44f1
44f8
450a
451d
4535
454d
4585
45be
460c
465b
46f9
4797
4890
498c
4bb5
4dee
50df
53eb
594d
5f08
65b5
6cdb
4522
4529
452a
452c
452e
4530
4533
4536
453c
4542
4549
4550
4561
4573
4589
45a0
45d6
460c
465a
46a8
473e
47d5
48cc
49c5
4be6
4e17
50fd
53fe
5958
5f09
65b6
6cdb
457e
4583
4585
4587
4589
458b
458d
4590
4596
459b
45a2
45a9
45b9
45c9
45de
45f4
4628
465b
46a8
46f4
4783
4814
4908
49ff
4c17
4e3f
511b
5412
5963
5f0a
65b7
6cdb
463d
4641
4642
4644
4646
4647
4649
464c
4650
4655
465b
4661
466e
467b
468c
469e
46cb
46f9
473e
4783
481c
48b7
49a2
4a91
4c99
4eaf
5179
545c
5996
5f22
65c4
6cdc
46fe
4702
4703
4704
4705
4706
4708
470a
470d
4710
4715
471a
4724
472f
473c
474a
4770
4797
47d5
4814
48b7
495b
4a3e
4b24
4d1c
4f20
51d7
54a6
59c9
5f3a
65d1
6cdc
47fe
4800
4801
4802
4803
4804
4805
4807
480a
480d
4811
4816
481f
4829
4838
4846
486b
4890
48cc
4908
49a2
4a3e
4b1f
4c02
4de7
4fd8
527c
5536
5a35
5f7f
65f8
6ce2
4901
4902
4902
4903
4904
4905
4907
4908
490a
490d
4911
4915
491e
4926
4936
4945
4969
498c
49c5
49ff
4a91
4b24
4c02
4ce2
4eb5
5093
5322
55c6
5aa2
5fc5
6620
6ce8
4b49
4b4a
4b4a
4b4a
4b4b
4b4c
4b4d
4b4e
4b50
4b53
4b55
4b58
4b5e
4b65
4b71
4b7c
4b99
4bb5
4be6
4c17
4c99
4d1c
4de7
4eb5
5074
523e
54ad
572e
5bd7
60c1
66d1
6d41
4da3
4da3
4da3
4da3
4da3
4da4
4da4
4da5
4da7
4daa
4dab
4dac
4db0
4db5
4dbd
4dc5
4dda
4dee
4e17
4e3f
4eaf
4f20
4fd8
5093
523e
53f3
563f
589c
5d11
61c0
6782
6d9b
50a9
50a9
50a9
50a9
50a9
50aa
50aa
50ab
50ac
50ae
50af
50af
50b2
50b5
50bb
50c1
50d0
50df
50fd
511b
5179
51d7
527c
5322
54ad
563f
5866
5a9a
5ef4
6383
6903
6ed0
53cd
53cd
53cd
53cd
53cd
53ce
53ce
53cf
53cf
53d0
53d0
53d1
53d2
53d3
53d6
53da
53e2
53eb
53fe
5412
545c
54a6
5536
55c6
572e
589c
5a9a
5ca5
60e1
654f
6a89
7009
593a
593b
593b
593b
593b
593b
593c
593c
593c
593d
593d
593e
593e
593f
5941
5943
5948
594d
5958
5963
5996
59c9
5a35
5aa2
5bd8
5d11
5ef4
60e1
64e6
6914
6e22
736e
5f02
5f02
5f02
5f02
5f02
5f03
5f03
5f03
5f03
5f04
5f04
5f04
5f04
5f05
5f05
5f06
5f07
5f08
5f09
5f0a
5f22
5f3a
5f7f
5fc5
60c1
61c0
6383
654f
6914
6cfe
71da
76ed
65b1
65b1
65b1
65b1
65b1
65b1
65b1
65b2
65b2
65b2
65b2
65b2
65b2
65b3
65b3
65b4
65b4
65b5
65b6
65b7
65c4
65d1
65f8
6620
66d1
6782
6903
6a89
6e22
71da
7685
7b61
6cd8
6cd8
6cd8
6cd8
6cd8
6cd9
6cd9
6cd9
6cd9
6cd9
6cd9
6cd9
6cd9
6cda
6cda
6cda
6cda
6cdb
6cdb
6cdb
6cdc
6cdc
6ce2
6ce8
6d41
6d9b
6ed0
7009
736e
76ed
7b61
7fff
