000000000000000
000000000111100
000000001001000
000000001010111
000000001101001
000000001111110
000000010011100
000000011000001
000000011110001
000000100101100
000000101100100
000000110100110
000001000000101
000001001111001
000001011100101
000001101100011
000010000011100
000010011111100
000010111010111
000011011011000
000100001010011
000101000011111
000101111011001
000110111011101
001000011001111
001010001100000
001100000110101
001110011000011
010010000000001
010110100010010
011011101000010
100001111000000
000000000111100
000000010001110
000000010011100
000000010101101
000000010111111
000000011010010
000000011110011
000000100010111
000000101001001
000000110000011
000000110111011
000000111111011
000001001011100
000001011010001
000001100111100
000001110111001
000010001110010
000010101001111
000011000101010
000011100101010
000100010100101
000101001101111
000110000101000
000111000101010
001000100011010
001010010100111
001100001111010
001110100000001
010010000111001
010110100111100
011011101011110
100001111000101
000000001001000
000000010011100
000000010101100
000000010111100
000000011001110
000000011100001
000000100000010
000000100100111
000000101011001
000000110010011
000000111001011
000001000001100
000001001101101
000001011100001
000001101001101
000001111001001
000010010000010
000010101011111
000011000111011
000011100111010
000100010110110
000101010000000
000110000111000
000111000111001
001000100101001
001010010110101
001100010000111
001110100001110
010010001000100
010110101000100
011011101100100
100001111000111
000000001010111
000000010101101
000000010111100
000000011001100
000000011011110
000000011110010
000000100010011
000000100110111
000000101101001
000000110100011
000000111011101
000001000011101
000001001111110
000001011110001
000001101011101
000001111011001
000010010010011
000010101110000
000011001001011
000011101001010
000100011000110
000101010010000
000110001001000
000111001001000
001000100111000
001010011000011
001100010010101
001110100011010
010010001001111
010110101001101
011011101101010
100001111001000
000000001101001
000000010111111
000000011001110
000000011011110
000000011110000
000000100000011
000000100100100
000000101001001
000000101111011
000000110110100
000000111101110
000001000101111
000001010010000
000001100000010
000001101101111
000001111101010
000010010100100
000010110000000
000011001011100
000011101011010
000100011010111
000101010100000
000110001011000
000111001010110
001000101000111
001010011010001
001100010100010
001110100100111
010010001011010
010110101010101
011011101101111
100001111001010
000000001111110
000000011010010
000000011100001
000000011110010
000000100000011
000000100010110
000000100110111
000000101011100
000000110001101
000000111000110
000001000000000
000001001000001
000001010100010
000001100010011
000001110000000
000001111111011
000010010110101
000010110010001
000011001101101
000011101101011
000100011100111
000101010110000
000110001101000
000111001100101
001000101010110
001010011011111
001100010110000
001110100110011
010010001100110
010110101011110
011011101110101
100001111001100
000000010011100
000000011110011
000000100000010
000000100010010
000000100100100
000000100110111
000000101011000
000000101111100
000000110101110
000000111100111
000001000100001
000001001100011
000001011000100
000001100110101
000001110100010
000010000011101
000010011010111
000010110110010
000011010001110
000011110001100
000100100001000
000101011010000
000110010000111
000111010000101
001000101110100
001010011111100
001100011001100
001110101001101
010010001111101
010110101110001
011011110000010
100001111010000
000000011000001
000000100010111
000000100100111
000000100110111
000000101001001
000000101011100
000000101111100
000000110100000
000000111010010
000001000001010
000001001000101
000001010000111
000001011101000
000001101011001
000001111000110
000010001000000
000010011111011
000010111010100
000011010110000
000011110101101
000100100101001
000101011101111
000110010100111
000111010100100
001000110010011
001010100011000
001100011100111
001110101100110
010010010010100
010110110000011
011011110010000
100001111010100
000000011110001
000000101001001
000000101011001
000000101101001
000000101111011
000000110001101
000000110101110
000000111010010
000001000000110
000001000111111
000001001111010
000001010111011
000001100011110
000001110001111
000001111111011
000010001110110
000010100110000
000011000001000
000011011100100
000011111100000
000100101011101
000101100100001
000110011011001
000111011010110
001000111000100
001010101000110
001100100010100
001110110001111
010010010111010
010110110100000
011011110100100
100001111011011
000000100101100
000000110000011
000000110010011
000000110100011
000000110110100
000000111000110
000000111100111
000001000001010
000001000111111
000001001111010
000001010110100
000001011110011
000001101010111
000001111001000
000010000110101
000010010101110
000010101100111
000011000111110
000011100011010
000100000010101
000100110010010
000101101010100
000110100001101
000111100001000
001000111110101
001010101110100
001100101000000
001110110111001
010010011011111
010110110111110
011011110111001
100001111100011
000000101100100
000000110111011
000000111001011
000000111011100
000000111101110
000001000000000
000001000100001
000001001000101
000001001111010
000001010110100
000001011101111
000001100101111
000001110010011
000010000000011
000010001110001
000010011101010
000010110100100
000011001111001
000011101010101
000100001001111
000100111001011
000101110001011
000110101000010
000111100111011
001001000100111
001010110100101
001100101110000
001110111100110
010010100001000
010110111011110
011011111010000
100001111101011
000000110100110
000000111111011
000001000001100
000001000011101
000001000101111
000001001000001
000001001100011
000001010000111
000001010111011
000001011110011
000001100101111
000001101101111
000001111010011
000010001000010
000010010110000
000010100101001
000010111100011
000011010110111
000011110010011
000100010001011
000101000000110
000101111000011
000110101111001
000111101101110
001001001011011
001010111010101
001100110100000
001111000010011
010010100110001
010110111111110
011011111100111
100001111110011
000001000000101
000001001011100
000001001101101
000001001111111
000001010010000
000001010100010
000001011000100
000001011101000
000001100011110
000001101010111
000001110010011
000001111010011
000010000110110
000010010100100
000010100010001
000010110001000
000011001000100
000011100010111
000011111110100
000100011101100
000101001100111
000110000100010
000110111010101
000111111000110
001001010110100
001011000101100
001100111110101
001111001100010
010010101111010
010111000111010
011100000010011
100010000000110
000001001111001
000001011010001
000001011100001
000001011110001
000001100000010
000001100010011
000001100110101
000001101011001
000001110001111
000001111001000
000010000000011
000010001000010
000010010100100
000010100001110
000010101111010
000010111101111
000011010101010
000011101111110
000100001011011
000100101010010
000101011001101
000110010000011
000111000110101
001000000100000
001001100001110
001011010000101
001101001001010
001111010110001
010010111000011
010111001110110
011100001000000
100010000011001
000001011100101
000001100111100
000001101001101
000001101011101
000001101101110
000001110000000
000001110100010
000001111000110
000001111111100
000010000110101
000010001110001
000010010110000
000010100010001
000010101111010
000010111101001
000011001100000
000011100011100
000011111101101
000100011001000
000100110111100
000101100110111
000110011101100
000111010010011
001000001101110
001001101100110
001011011100111
001101010101011
001111100001100
010011000011000
010111010111110
011100001110111
100010000110100
000001101100011
000001110111001
000001111001001
000001111011001
000001111101010
000001111111011
000010000011101
000010001000000
000010001110110
000010010101110
000010011101010
000010100101001
000010110001000
000010111101111
000011001100000
000011011011010
000011110010100
000100001100010
000100100111011
000101000101010
000101110100110
000110101011001
000111011110011
001000010111101
001001110111111
001011101001011
001101100001100
001111101101000
010011001101110
010111100000110
011100010101101
100010001001111
000010000011100
000010001110010
000010010000010
000010010010011
000010010100100
000010010110101
000010011010111
000010011111011
000010100110000
000010101100111
000010110100100
000010111100011
000011001000100
000011010101010
000011100011100
000011110010100
000100001010000
000100100011111
000100111111000
000101011100111
000110001100010
000111000010001
000111110101000
001000101101100
001010001101111
001011111110111
001101110110011
010000000000110
010011100000011
010111110000111
011100100010100
100010010001011
000010011111100
000010101001111
000010101011111
000010101110000
000010110000000
000010110010001
000010110110010
000010111010100
000011000001000
000011000111110
000011001111001
000011010110111
000011100010111
000011101111110
000011111101101
000100001100010
000100100011111
000100111101100
000101011000100
000101110110000
000110100101001
000111011010011
001000001100101
001001000100010
001010100100101
001100010100111
001110001011111
010000010100111
010011110011011
011000000001001
011100101111011
100010011000111
000010111010111
000011000101010
000011000111011
000011001001100
000011001011100
000011001101101
000011010001110
000011010110000
000011011100101
000011100011010
000011101010101
000011110010011
000011111110100
000100001011011
000100011001000
000100100111011
000100111111001
000101011000100
000101110011111
000110010001010
000110111111101
000111110011001
001000100110011
001001011110110
001010111110111
001100101110001
001110100011100
010000101001111
010100001000011
011000010101010
011101000000001
100010100100010
000011011011000
000011100101010
000011100111010
000011101001010
000011101011010
000011101101011
000011110001100
000011110101101
000011111100000
000100000010101
000100001001111
000100010001011
000100011101100
000100101010010
000100110111100
000101000101010
000101011100111
000101110110000
000110010001010
000110101110101
000111011011101
001000001101011
001001000001011
001001111010100
001011011010001
001101001000001
001110111011110
010000111111011
010100011101110
011000101001101
011101010001000
100010101111110
000100001010011
000100010100101
000100010110110
000100011000110
000100011010111
000100011100111
000100100001000
000100100101001
000100101011101
000100110010010
000100111001011
000101000000110
000101001100111
000101011001101
000101100110111
000101110100110
000110001100010
000110100101001
000110111111101
000111011011101
001000001000000
001000111000011
001001101101010
001010100110111
001100000110011
001101110011011
001111100110000
010001100111101
010101000100111
011001001101100
011101110000011
100011000111101
000101000011111
000101001101111
000101010000000
000101010010000
000101010100000
000101010110000
000101011010000
000101011101111
000101100100001
000101101010100
000101110001011
000101111000011
000110000100010
000110010000011
000110011101100
000110101011001
000111000010001
000111011010011
000111110011001
001000001101011
001000111000011
001001100111001
001010011100011
001011010110011
001100110101011
001110100000111
010000010010001
010010010001010
010101101101001
011001110010010
011110010000010
100011011111110
000101111011001
000110000101000
000110000111000
000110001001000
000110001011000
000110001101000
000110010000111
000110010100111
000110011011001
000110100001101
000110101000010
000110101111001
000110111010101
000111000110101
000111010010011
000111011110011
000111110100111
001000001100101
001000100110011
001001000001011
001001101101001
001010011100011
001011010001110
001100001011010
001101101010000
001111010100011
010001000101010
010011000011000
010110011100110
011010011101011
011110110111001
100011111111110
000110111011101
000111000101010
000111000111001
000111001001000
000111001010110
000111001100101
000111010000101
000111010100100
000111011010110
000111100001000
000111100111011
000111101101110
000111111000110
001000000100000
001000001101110
001000010111101
001000101101100
001001000100010
001001011110110
001001111010100
001010100110111
001011010110011
001100001011010
001101000100000
001110100010001
010000001010110
010001111010110
010011110110111
010111001110000
011011001001110
011111011110111
100100100000001
001000011001111
001000100011010
001000100101001
001000100111000
001000101000111
001000101010110
001000101110100
001000110010011
001000111000100
001000111110101
001001000101000
001001001011011
001001010110100
001001100001110
001001101100110
001001110111111
001010001101111
001010100100101
001010111110111
001011011010001
001100000110011
001100110101011
001101101010000
001110100010001
001111111110110
010001100100100
010011010101111
010101010010101
011000101001000
011100100001001
100000110000111
100101101001001
001010001100000
001010010100111
001010010110101
001010011000011
001010011010001
001010011011111
001010011111100
001010100011000
001010101000110
001010101110100
001010110100101
001010111010101
001011000101100
001011010000101
001011011100111
001011101001011
001011111110111
001100010100111
001100101110001
001101001000001
001101110011011
001110100000111
001111010100011
010000001010110
010001100100100
010011000110001
010100111000010
010110110101000
011010001001101
011101111101001
100010000110011
100110110100011
001100000110101
001100001111010
001100010000111
001100010010100
001100010100010
001100010110000
001100011001011
001100011100111
001100100010100
001100101000000
001100101110000
001100110100000
001100111110101
001101001001010
001101010101010
001101100001100
001101110110100
001110001011111
001110100011100
001110111011110
001111100110000
010000010010001
010001000101010
010001111010110
010011010101111
010100111000010
010110101001000
011000100011011
011011111001000
011111101011101
100011101111110
101000010101001
001110011000011
001110100000001
001110100001110
001110100011010
001110100100111
001110100110011
001110101001101
001110101100110
001110110001111
001110110111001
001110111100110
001111000010011
001111001100010
001111010110001
001111100001100
001111101101000
010000000000110
010000010100111
010000101001111
010000111111011
010001100111101
010010010001010
010011000011000
010011110110111
010101010010101
010110110101000
011000100011011
011010011010001
011101101111110
100001100000101
100101011110001
101001111001101
010010000000001
010010000111001
010010001000100
010010001001111
010010001011010
010010001100110
010010001111101
010010010010100
010010010111010
010010011011111
010010100001000
010010100110001
010010101111010
010010111000011
010011000011000
010011001101110
010011100000011
010011110011011
010100001000011
010100011101110
010101000100111
010101101101001
010110011100110
010111001110000
011000101001000
011010001001101
011011111001000
011101101111110
100000111101110
100100100010000
101000010111110
101100100111010
010110100010010
010110100111100
010110101000100
010110101001101
010110101010101
010110101011110
010110101110001
010110110000011
010110110100000
010110110111110
010110111011110
010110111111110
010111000111010
010111001110110
010111010111110
010111100000110
010111110000111
011000000001001
011000010101010
011000101001101
011001001101100
011001110010010
011010011101011
011011001001110
011100100001001
011101111101001
011111101011101
100001100000101
100100100010000
100111110100111
101011011111110
101111100000010
011011101000010
011011101011110
011011101100100
011011101101010
011011101101111
011011101110101
011011110000010
011011110010000
011011110100100
011011110111001
011011111010000
011011111100111
011100000010011
011100001000000
011100001110111
011100010101101
011100100010100
011100101111011
011101000000001
011101010001000
011101110000011
011110010000010
011110110111001
011111011110111
100000110000111
100010000110011
100011101111101
100101011110001
101000010111110
101011011111110
101111000001110
110010110110001
100001111000000
100001111000101
100001111000111
100001111001000
100001111001010
100001111001100
100001111010000
100001111010100
100001111011011
100001111100011
100001111101011
100001111110011
100010000000110
100010000011001
100010000110100
100010001001111
100010010001011
100010011000111
100010100100010
100010101111110
100011000111101
100011011111110
100011111111110
100100100000001
100101101001001
100110110100011
101000010101001
101001111001101
101100100111010
101111100000010
110010110110001
110110011011000
000000000111100
000000010001110
000000010011100
000000010101101
000000010111111
000000011010010
000000011110011
000000100010111
000000101001001
000000110000011
000000110111011
000000111111011
000001001011100
000001011010001
000001100111100
000001110111001
000010001110010
000010101001111
000011000101010
000011100101010
000100010100101
000101001101111
000110000101000
000111000101010
001000100011010
001010010100111
001100001111010
001110100000001
010010000111001
010110100111100
011011101011110
100001111000101
000000010001110
000000011100011
000000011110011
000000100000100
000000100010101
000000100101000
000000101001000
000000101101011
000000110011111
000000111011001
000001000010001
000001001010001
000001010110011
000001100100101
000001110010001
000010000001100
000010011000101
000010110100001
000011001111110
000011101111101
000100011111010
000101011000001
000110001111000
000111001110110
001000101100101
001010011101100
001100010111110
001110101000001
010010001110010
010110101101000
011011101111101
100001111001111
000000010011100
000000011110011
000000100000011
000000100010011
000000100100101
000000100111000
000000101011000
000000101111100
000000110101111
000000111101001
000001000100010
000001001100001
000001011000011
000001100110110
000001110100010
000010000011100
000010011010110
000010110110001
000011010001110
000011110001101
000100100001010
000101011010001
000110010001000
000111010000101
001000101110100
001010011111010
001100011001011
001110101001101
010010001111101
010110101110000
011011110000010
100001111010000
000000010101101
000000100000100
000000100010011
000000100100100
000000100110110
000000101001001
000000101101001
000000110001101
000000111000000
000000111111010
000001000110011
000001001110010
000001011010101
000001101000111
000001110110011
000010000101101
000010011100111
000010111000010
000011010011111
000011110011101
000100100011010
000101011100001
000110010011000
000111010010100
001000110000010
001010100001000
001100011011000
001110101011001
010010010001000
010110101111000
011011110001000
100001111010001
000000010111111
000000100010101
000000100100101
000000100110101
000000101001000
000000101011011
000000101111011
000000110011111
000000111010010
000001000001011
000001001000101
000001010000100
000001011100110
000001101011000
000001111000100
000010000111110
000010011111001
000010111010011
000011010101111
000011110101101
000100100101010
000101011110001
000110010101000
000111010100011
001000110010001
001010100010101
001100011100101
001110101100101
010010010010010
010110110000001
011011110001110
100001111010010
000000011010010
000000100101000
000000100111000
000000101001001
000000101011011
000000101101101
000000110001110
000000110110010
000000111100101
000001000011101
000001001010111
000001010010110
000001011111000
000001101101010
000001111010110
000010001001111
000010100001010
000010111100100
000011011000000
000011110111101
000100100111010
000101100000001
000110010111000
000111010110010
001000110100000
001010100100011
001100011110010
001110101110001
010010010011101
010110110001001
011011110010100
100001111010100
000000011110011
000000101001000
000000101011000
000000101101001
000000101111011
000000110001110
000000110101111
000000111010010
000001000000101
000001000111111
000001001111000
000001010110111
000001100011010
000001110001011
000001111111000
000010001110001
000010100101100
000011000000101
000011011100001
000011111011101
000100101011011
000101100100001
000110011010111
000111011010010
001000110111111
001010101000000
001100100001111
001110110001011
010010010110101
010110110011100
011011110100001
100001111011000
000000100010111
000000101101011
000000101111100
000000110001101
000000110011111
000000110110010
000000111010010
000000111110101
000001000101001
000001001100001
000001010011011
000001011011011
000001100111110
000001110101110
000010000011011
000010010010100
000010101001111
000011000100110
000011100000011
000011111111110
000100101111100
000101101000001
000110011111000
000111011110001
001000111011110
001010101011110
001100100101011
001110110100110
010010011001101
010110110101111
011011110101110
100001111011101
000000101001001
000000110011111
000000110101111
000000111000000
000000111010010
000000111100101
000001000000110
000001000101001
000001001011100
000001010010101
000001011010000
000001100010000
000001101110100
000001111100011
000010001010000
000010011001011
000010110000101
000011001011100
000011100111000
000100000110001
000100110101110
000101101110000
000110100100111
000111100100000
001001000001110
001010110001100
001100101011000
001110111001110
010010011110001
010110111001011
011011111000010
100001111100100
000000110000011
000000111011001
000000111101001
000000111111010
000001000001011
000001000011101
000001000111111
000001001100001
000001010010101
000001011001110
000001100001001
000001101001010
000001110101100
000010000011011
000010010001001
000010100000011
000010110111101
000011010010011
000011101101110
000100001100110
000100111100010
000101110100000
000110101011000
000111101010000
001001000111110
001010110111011
001100110000100
001110111110111
010010100010110
010110111100111
011011111010110
100001111101100
000000110111011
000001000010001
000001000100010
000001000110011
000001001000101
000001001010111
000001001111000
000001010011011
000001011010000
000001100001001
000001101000101
000001110000100
000001111101000
000010001010111
000010011000100
000010100111101
000010111111000
000011011001101
000011110101000
000100010100000
000101000011100
000101111011001
000110110001110
000111110000011
001001001110000
001010111101011
001100110110100
001111000100100
010010100111111
010111000001000
011011111101101
100001111110011
000000111111011
000001001010001
000001001100001
000001001110010
000001010000100
000001010010110
000001010110111
000001011011011
000001100010000
000001101001010
000001110000100
000001111000011
000010000100111
000010010010101
000010100000011
000010101111010
000011000110101
000011100001000
000011111100101
000100011011100
000101001011000
000110000010010
000110111000101
000111110110101
001001010100011
001011000011100
001100111100100
001111001010010
010010101101001
010111000101001
011100000000100
100001111111010
000001001011100
000001010110011
000001011000011
000001011010101
000001011100111
000001011111000
000001100011011
000001100111110
000001101110100
000001110101100
000001111101000
000010000100111
000010010001010
000010011110111
000010101100100
000010111011011
000011010010111
000011101101010
000100001000110
000100100111100
000101010110111
000110001101111
000111000011101
001000000000101
001001011110111
001011001110010
001101000111000
001111010011111
010010110110000
010111001100100
011100000110000
100010000001101
000001011010001
000001100100101
000001100110110
000001101000111
000001101011000
000001101101010
000001110001011
000001110101110
000001111100011
000010000011011
000010001010111
000010010010101
000010011110111
000010101100000
000010111001101
000011001000100
000011011111111
000011111010000
000100010101100
000100110100000
000101100011010
000110011001110
000111001110111
001000001010111
001001101001100
001011011001001
001101010001100
001111011101101
010010111111000
010111010011110
011100001011011
100010000100001
000001100111100
000001110010001
000001110100010
000001110110011
000001111000100
000001111010110
000001111111000
000010000011011
000010001010001
000010010001001
000010011000101
000010100000011
000010101100100
000010111001101
000011000111101
000011010110100
000011101101111
000100000111110
000100100011001
000101000001010
000101110000110
000110100111001
000111011011001
001000010101101
001001110100111
001011100101011
001101011101011
001111101000111
010011001001101
010111011100110
011100010010010
100010000111100
000001110111001
000010000001100
000010000011100
000010000101101
000010000111110
000010001001111
000010001110001
000010010010100
000010011001011
000010100000011
000010100111101
000010101111010
000010111011011
000011001000100
000011010110100
000011100101100
000011111100101
000100010110001
000100110001010
000101001111001
000101111110101
000110110101000
000111100111110
001000100000011
001010000000100
001011110001110
001101101001100
001111110100010
010011010100010
010111100101110
011100011001001
100010001011000
000010001110010
000010011000101
000010011010110
000010011100111
000010011111001
000010100001010
000010100101100
000010101001111
000010110000101
000010110111101
000010111111000
000011000110101
000011010010111
000011011111111
000011101101111
000011111100101
000100010100000
000100101101101
000101001000111
000101100110110
000110010110000
000111001011100
000111111110001
001000110110011
001010010110100
001100000110111
001101111110010
010000000111111
010011100110110
010111110101101
011100100101110
100010010010011
000010101001111
000010110100001
000010110110001
000010111000010
000010111010011
000010111100100
000011000000101
000011000100110
000011001011100
000011010010011
000011011001101
000011100001000
000011101101010
000011111010000
000100000111110
000100010110001
000100101101101
000101000111001
000101100010011
000101111111111
000110101110110
000111100011010
001000010101101
001001001101001
001010101101001
001100011100110
001110010011011
010000011011111
010011111001100
011000000101110
011100110010011
100010011001111
000011000101010
000011001111110
000011010001110
000011010011111
000011010110000
000011011000000
000011011100001
000011100000011
000011100111000
000011101101110
000011110101000
000011111100101
000100001000110
000100010101100
000100100011001
000100110001010
000101001001000
000101100010011
000101111101101
000110011011000
000111001000011
000111111010110
001000101110011
001001100111011
001011000111010
001100110110000
001110101010111
010000110000010
010100001110000
011000011001101
011101000011000
100010100101001
000011100101010
000011101111101
000011110001101
000011110011101
000011110101101
000011110111101
000011111011101
000011111111110
000100000110001
000100001100110
000100010100000
000100011011100
000100100111100
000100110100000
000101000001010
000101001111001
000101100110110
000101111111111
000110011011000
000110111000001
000111100011101
001000010011011
001001001000100
001010000010111
001011100010010
001101010000000
001111000010110
010001000101000
010100100010111
011000101101110
011101010011110
100010110000011
000100010100101
000100011111010
000100100001001
000100100011010
000100100101010
000100100111010
000100101011011
000100101111100
000100110101110
000100111100010
000101000011100
000101001011000
000101010110111
000101100011010
000101110000110
000101111110101
000110010110000
000110101110110
000111001000011
000111100011101
001000001111101
001000111111110
001001110101000
001010101111001
001100001110100
001101111011000
001111101101000
010001101101100
010101001010000
011001010001100
011101110010111
100011001000001
000101001101111
000101011000001
000101011010001
000101011100001
000101011110001
000101100000001
000101100100001
000101101000001
000101101110000
000101110100000
000101111011001
000110000010010
000110001101111
000110011001110
000110100111001
000110110101000
000111001011100
000111100011010
000111111010110
001000010011011
001000111111110
001001101111110
001010100100111
001011011110101
001100111101010
001110101000001
010000011001000
010010010111100
010101110010011
011001110110000
011110010010101
100011100000010
000110000101000
000110001111000
000110010001000
000110010011000
000110010101000
000110010111000
000110011010111
000110011111000
000110100100111
000110101011000
000110110001110
000110111000101
000111000011101
000111001110111
000111011011010
000111100111110
000111111110001
001000010101101
001000101110011
001001001000100
001001110101000
001010100100111
001011011010000
001100010011010
001101110001110
001111011011011
010001001011110
010011001000111
010110100001110
011010100000110
011110111001010
100100000000000
000111000101010
000111001110110
000111010000101
000111010010100
000111010100011
000111010110010
000111011010010
000111011110001
000111100100000
000111101010000
000111110000011
000111110110101
001000000000101
001000001010111
001000010101101
001000100000011
001000110110011
001001001101001
001001100111011
001010000010111
001010101111001
001011011110101
001100010011010
001101001011111
001110101001011
010000010001011
010010000001000
010011111100100
010111010010101
011011001100110
011111100000101
100100100000010
001000100011010
001000101100101
001000101110100
001000110000010
001000110010001
001000110100000
001000110111111
001000111011110
001001000001110
001001000111110
001001001110000
001001010100011
001001011110111
001001101001100
001001110100111
001010000000100
001010010110100
001010101101001
001011000111010
001011100010010
001100001110100
001100111101010
001101110001110
001110101001011
010000000101101
010001101010110
010011011011101
010101010111110
011000101101000
011100100011101
100000110010011
100101101001010
001010010100111
001010011101100
001010011111010
001010100001000
001010100010101
001010100100011
001010101000000
001010101011110
001010110001100
001010110111011
001010111101011
001011000011100
001011001110010
001011011001001
001011100101011
001011110001110
001100000110111
001100011100110
001100110110000
001101010000000
001101111011000
001110101000001
001111011011011
010000010001011
010001101010110
010011001011111
010100111101011
010110111001100
011010001100111
011101111110111
100010000111011
100110110100011
001100001111010
001100010111110
001100011001011
001100011011000
001100011100101
001100011110010
001100100001111
001100100101011
001100101011000
001100110000100
001100110110100
001100111100100
001101000111000
001101010001100
001101011101011
001101101001100
001101111110010
001110010011011
001110101010110
001111000010110
001111101101000
010000011001000
010001001011110
010010000001000
010011011011101
010100111101011
010110101101101
011000100111001
011011111011110
011111101100111
100011110000011
101000010101001
001110100000001
001110101000001
001110101001101
001110101011001
001110101100101
001110101110001
001110110001011
001110110100110
001110111001110
001110111110111
001111000100100
001111001010010
001111010011111
001111011101101
001111101000111
001111110100010
010000000111111
010000011011111
010000110000010
010001000101000
010001101101100
010010010111100
010011001000111
010011111100100
010101010111110
010110111001100
011000100111001
011010011101000
011101110001110
100001100001010
100101011110100
101001111001101
010010000111001
010010001110010
010010001111101
010010010001000
010010010010011
010010010011101
010010010110110
010010011001101
010010011110001
010010100010110
010010100111111
010010101101001
010010110110001
010010111111000
010011001001101
010011010100010
010011100110110
010011111001100
010100001110000
010100100010111
010101001010000
010101110010011
010110100001110
010111010010101
011000101101001
011010001100111
011011111011110
011101110001110
100000111111000
100100100010011
101000011000000
101100100111011
010110100111100
010110101101000
010110101110000
010110101111000
010110110000001
010110110001001
010110110011100
010110110101111
010110111001011
010110111100111
010111000001000
010111000101001
010111001100100
010111010011110
010111011100110
010111100101110
010111110101101
011000000101110
011000011001101
011000101101110
011001010001100
011001110110000
011010100000110
011011001100110
011100100011101
011101111110111
011111101100111
100001100001010
100100100010011
100111110101000
101011011111111
101111100000010
011011101011110
011011101111101
011011110000010
011011110001000
011011110001110
011011110010100
011011110100000
011011110101110
011011111000010
011011111010110
011011111101101
011100000000100
011100000110000
011100001011011
011100010010010
011100011001001
011100100101110
011100110010011
011101000011000
011101010011110
011101110011000
011110010010101
011110111001010
011111100000101
100000110010011
100010000111011
100011110000011
100101011110100
101000011000000
101011011111111
101111000001110
110010110110001
100001111000101
100001111001111
100001111010000
100001111010001
100001111010010
100001111010100
100001111011000
100001111011101
100001111100100
100001111101100
100001111110011
100001111111010
100010000001101
100010000100001
100010000111100
100010001011000
100010010010011
100010011001111
100010100101001
100010110000011
100011001000001
100011100000010
100100000000000
100100100000010
100101101001010
100110110100011
101000010101001
101001111001101
101100100111011
101111100000010
110010110110001
110110011011000
000000001001000
000000010011100
000000010101100
000000010111100
000000011001110
000000011100001
000000100000010
000000100100111
000000101011001
000000110010011
000000111001011
000001000001100
000001001101101
000001011100001
000001101001101
000001111001001
000010010000010
000010101011111
000011000111011
000011100111010
000100010110110
000101010000000
000110000111000
000111000111001
001000100101001
001010010110101
001100010000111
001110100001110
010010001000100
010110101000100
011011101100100
100001111000111
000000010011100
000000011110011
000000100000011
000000100010011
000000100100101
000000100111000
000000101011000
000000101111100
000000110101111
000000111101001
000001000100010
000001001100001
000001011000011
000001100110110
000001110100010
000010000011100
000010011010110
000010110110001
000011010001110
000011110001101
000100100001010
000101011010001
000110010001000
000111010000101
001000101110100
001010011111010
001100011001011
001110101001101
010010001111101
010110101110000
011011110000010
100001111010000
000000010101100
000000100000011
000000100010011
000000100100011
000000100110101
000000101001000
000000101101000
000000110001101
000000110111111
000000111111001
000001000110011
000001001110010
000001011010100
000001101000110
000001110110010
000010000101101
000010011100111
000010111000010
000011010011111
000011110011101
000100100011010
000101011100001
000110010010111
000111010010100
001000110000010
001010100001000
001100011011000
001110101011001
010010010001000
010110101111000
011011110001000
100001111010001
000000010111100
000000100010011
000000100100011
000000100110100
000000101000110
000000101011001
000000101111001
000000110011110
000000111010001
000001000001010
000001001000100
000001010000011
000001011100101
000001101010111
000001111000100
000010000111101
000010011111000
000010111010010
000011010101111
000011110101101
000100100101010
000101011110001
000110010101000
000111010100011
001000110010001
001010100010110
001100011100101
001110101100110
010010010010011
010110110000001
011011110001110
100001111010011
000000011001110
000000100100101
000000100110101
000000101000110
000000101011000
000000101101011
000000110001100
000000110101111
000000111100011
000001000011011
000001001010101
000001010010101
000001011110111
000001101101001
000001111010101
000010001001110
000010100001001
000010111100011
000011011000000
000011110111101
000100100111010
000101100000001
000110010110111
000111010110010
001000110100000
001010100100011
001100011110010
001110101110010
010010010011110
010110110001010
011011110010100
100001111010100
000000011100001
000000100111000
000000101001000
000000101011001
000000101101011
000000101111101
000000110011110
000000111000010
000000111110101
000001000101110
000001001100111
000001010100110
000001100001001
000001101111010
000001111100110
000010001100000
000010100011011
000010111110100
000011011010001
000011111001110
000100101001011
000101100010001
000110011000111
000111011000001
001000110101111
001010100110010
001100100000001
001110101111110
010010010101001
010110110010010
011011110011010
100001111010101
000000100000010
000000101011000
000000101101000
000000101111001
000000110001100
000000110011110
000000110111111
000000111100011
000001000010110
000001001001111
000001010001001
000001011001000
000001100101011
000001110011100
000010000001001
000010010000010
000010100111100
000011000010101
000011011110010
000011111101110
000100101101011
000101100110000
000110011100111
000111011100001
001000111001110
001010101001111
001100100011101
001110110011000
010010011000001
010110110100101
011011110100111
100001111011001
000000100100111
000000101111100
000000110001101
000000110011110
000000110101111
000000111000010
000000111100011
000001000000110
000001000111001
000001001110010
000001010101100
000001011101100
000001101001111
000001110111111
000010000101100
000010010100101
000010101011111
000011000110111
000011100010011
000100000001110
000100110001100
000101101010000
000110100000111
000111100000000
001000111101101
001010101101101
001100100111001
001110110110010
010010011011001
010110110111000
011011110110100
100001111011110
000000101011001
000000110101111
000000111000000
000000111010001
000000111100011
000000111110101
000001000010110
000001000111001
000001001101101
000001010100110
000001011100001
000001100100010
000001110000101
000001111110100
000010001100010
000010011011011
000010110010110
000011001101100
000011101001000
000100001000001
000100110111110
000101110000000
000110100110110
000111100101111
001001000011100
001010110011011
001100101100101
001110111011010
010010011111100
010110111010100
011011111001000
100001111100110
000000110010011
000000111101001
000000111111001
000001000001010
000001000011011
000001000101110
000001001001111
000001001110010
000001010100110
000001011011111
000001100011011
000001101011010
000001110111110
000010000101100
000010010011010
000010100010100
000010111001110
000011010100011
000011101111110
000100001110110
000100111110010
000101110110000
000110101100111
000111101011111
001001001001101
001010111001000
001100110010001
001111000000011
010010100100001
010110111101111
011011111011100
100001111101101
000000111001011
000001000100010
000001000110011
000001001000100
000001001010101
000001001100111
000001010001001
000001010101100
000001011100001
000001100011011
000001101010110
000001110010101
000001111111001
000010001101000
000010011010101
000010101001111
000011000001001
000011011011101
000011110111001
000100010110000
000101000101100
000101111101000
000110110011110
000111110010001
001001001111110
001010111111001
001100111000010
001111000110000
010010101001010
010111000010001
011011111110011
100001111110100
000001000001100
000001001100001
000001001110010
000001010000011
000001010010101
000001010100110
000001011001000
000001011101100
000001100100010
000001101011010
000001110010101
000001111010100
000010000111000
000010010100110
000010100010100
000010110001011
000011001000110
000011100011010
000011111110101
000100011101100
000101001101000
000110000100001
000110111010100
000111111000100
001001010110001
001011000101010
001100111110010
001111001011110
010010101110100
010111000110010
011100000001010
100001111111100
000001001101101
000001011000011
000001011010100
000001011100110
000001011110111
000001100001001
000001100101100
000001101001111
000001110000101
000001110111110
000001111111001
000010000111000
000010010011011
000010100001000
000010101110101
000010111101100
000011010101000
000011101111010
000100001010110
000100101001100
000101011000111
000110001111110
000111000101011
001000000010010
001001100000100
001011001111111
001101001000101
001111010101011
010010110111011
010111001101100
011100000110101
100010000001111
000001011100001
000001100110110
000001101000110
000001101010111
000001101101001
000001101111010
000001110011100
000001110111111
000001111110100
000010000101100
000010001101000
000010010100110
000010100001000
000010101110001
000010111011111
000011001010100
000011100001111
000011111100000
000100010111100
000100110110000
000101100101010
000110011011101
000111010000101
001000001100010
001001101011000
001011011010111
001101010011001
001111011111001
010011000000011
010111010100111
011100001100001
100010000100010
000001101001101
000001110100010
000001110110010
000001111000100
000001111010101
000001111100110
000010000001001
000010000101100
000010001100010
000010010011010
000010011010110
000010100010100
000010101110101
000010111011111
000011001001101
000011011000100
000011101111111
000100001001110
000100100101001
000101000011010
000101110010101
000110101001001
000111011100111
001000010111001
001001110110100
001011100111000
001101011111000
001111101010011
010011001010111
010111011101110
011100010010111
100010000111110
000001111001001
000010000011100
000010000101101
000010000111101
000010001001110
000010001100000
000010010000010
000010010100101
000010011011011
000010100010100
000010101001111
000010110001011
000010111101100
000011001010100
000011011000100
000011100111011
000011111110101
000100011000001
000100110011011
000101010001001
000110000000101
000110110110111
000111101001100
001000100010001
001010000010011
001011110011100
001101101011001
001111110101101
010011010101100
010111100110110
011100011001110
100010001011001
000010010000010
000010011010110
000010011100111
000010011111000
000010100001001
000010100011011
000010100111100
000010101011111
000010110010110
000010111001110
000011000001001
000011001000110
000011010100111
000011100001111
000011101111111
000011111110101
000100010110001
000100101111101
000101001010111
000101101000101
000110011000000
000111001101011
000111111111111
001000111000001
001010011000010
001100001000101
001101111111111
010000001001010
010011101000000
010111110110101
011100100110011
100010010010100
000010101011111
000010110110001
000010111000010
000010111010010
000010111100011
000010111110100
000011000010101
000011000110111
000011001101100
000011010100011
000011011011101
000011100011010
000011101111010
000011111100000
000100001001110
000100011000001
000100101111101
000101001001001
000101100100011
000110000001111
000110110000101
000111100101001
001000010111011
001001001110111
001010101110111
001100011110011
001110010101000
010000011101011
010011111010110
011000000110101
011100110011000
100010011010000
000011000111011
000011010001110
000011010011111
000011010101111
000011011000000
000011011010001
000011011110010
000011100010011
000011101001000
000011101111110
000011110111001
000011111110101
000100001010111
000100010111100
000100100101001
000100110011011
000101001011000
000101100100011
000101111111101
000110011100111
000111001010010
000111111100100
001000110000001
001001101001001
001011001001000
001100110111101
001110101100011
010000110001101
010100001111010
011000011010100
011101000011101
100010100101010
000011100111010
000011110001101
000011110011101
000011110101101
000011110111101
000011111001110
000011111101110
000100000001110
000100001000001
000100001110110
000100010110000
000100011101100
000100101001100
000100110110000
000101000011010
000101010001001
000101101000101
000110000001111
000110011100111
000110111010000
000111100101011
001000010101000
001001001010001
001010000100100
001011100011111
001101010001101
001111000100010
010001000110010
010100100100000
011000101110101
011101010100011
100010110000101
000100010110110
000100100001010
000100100011001
000100100101010
000100100111010
000100101001011
000100101101011
000100110001100
000100110111110
000100111110010
000101000101100
000101001101000
000101011000111
000101100101010
000101110010101
000110000000101
000110011000000
000110110000101
000111001010010
000111100101011
001000010001011
001001000001011
001001110110101
001010110000110
001100010000001
001101111100100
001111101110011
010001101110110
010101001011001
011001010010010
011101110011100
100011001000011
000101010000000
000101011010001
000101011100001
000101011110001
000101100000001
000101100010001
000101100110000
000101101010000
000101110000000
000101110110000
000101111101000
000110000100001
000110001111110
000110011011101
000110101001001
000110110110111
000111001101011
000111100101001
000111111100100
001000010101000
001001000001011
001001110001100
001010100110100
001011100000010
001100111110111
001110101001101
010000011010011
010010011000110
010101110011011
011001110110101
011110010011000
100011100000011
000110000111000
000110010001000
000110010010111
000110010101000
000110010110111
000110011000111
000110011100111
000110100000111
000110100110110
000110101100111
000110110011101
000110111010100
000111000101011
000111010000101
000111011100111
000111101001100
001000000000000
001000010111011
001000110000001
001001001010001
001001110110101
001010100110100
001011011011101
001100010100111
001101110011010
001111011100110
010001001101001
010011001010001
010110100010110
011010100001100
011110111001101
100100000000001
000111000111001
000111010000101
000111010010100
000111010100011
000111010110010
000111011000001
000111011100001
000111100000000
000111100101111
000111101011111
000111110010001
000111111000100
001000000010010
001000001100010
001000010111001
001000100010001
001000111000001
001001001110111
001001101001001
001010000100100
001010110000110
001011100000010
001100010100111
001101001101011
001110101010111
010000010010110
010010000010010
010011111101101
010111010011101
011011001101011
011111100001000
100100100000010
001000100101001
001000101110100
001000110000010
001000110010001
001000110100000
001000110101111
001000111001110
001000111101101
001001000011100
001001001001101
001001001111110
001001010110001
001001100000100
001001101011000
001001110110100
001010000010011
001010011000010
001010101110111
001011001000111
001011100011111
001100010000001
001100111110111
001101110011010
001110101010111
010000000111000
010001101100000
010011011100111
010101011000110
011000101101111
011100100100001
100000110010101
100101101001010
001010010110101
001010011111010
001010100001000
001010100010110
001010100100011
001010100110010
001010101001111
001010101101101
001010110011011
001010111001000
001010111111001
001011000101010
001011001111111
001011011010111
001011100111000
001011110011100
001100001000101
001100011110011
001100110111101
001101010001101
001101111100100
001110101001101
001111011100110
010000010010110
010001101100000
010011001101001
010100111110100
010110111010011
011010001101101
011101111111010
100010000111101
100110110100011
001100010000111
001100011001011
001100011011000
001100011100101
001100011110010
001100100000001
001100100011101
001100100111001
001100101100101
001100110010001
001100111000001
001100111110010
001101001000101
001101010011001
001101011111000
001101101011001
001101111111111
001110010101000
001110101100011
001111000100010
001111101110011
010000011010011
010001001101000
010010000010010
010011011100111
010100111110100
010110101110100
011000100111111
011011111100010
011111101101010
100011110000101
101000010101001
001110100001110
001110101001101
001110101011001
001110101100110
001110101110010
001110101111110
001110110011000
001110110110010
001110111011010
001111000000011
001111000110000
001111001011110
001111010101011
001111011111001
001111101010011
001111110101101
010000001001010
010000011101011
010000110001101
010001000110010
010001101110110
010010011000110
010011001010001
010011111101101
010101011000110
010110111010011
011000100111111
011010011101101
011101110010010
100001100001100
100101011110101
101001111001101
010010001000100
010010001111101
010010010001000
010010010010011
010010010011110
010010010101001
010010011000001
010010011011001
010010011111100
010010100100001
010010101001010
010010101110100
010010110111100
010011000000011
010011001010111
010011010101100
010011101000000
010011111010110
010100001111001
010100100100000
010101001011001
010101110011011
010110100010110
010111010011101
011000101101111
011010001101101
011011111100010
011101110010010
100000111111011
100100100010100
101000011000000
101100100111011
010110101000100
010110101110000
010110101111000
010110110000001
010110110001010
010110110010010
010110110100101
010110110111000
010110111010100
010110111101111
010111000010001
010111000110010
010111001101100
010111010100111
010111011101110
010111100110110
010111110110101
011000000110101
011000011010100
011000101110101
011001010010010
011001110110101
011010100001100
011011001101011
011100100100001
011101111111010
011111101101010
100001100001100
100100100010100
100111110101000
101011011111111
101111100000010
011011101100100
011011110000010
011011110001000
011011110001110
011011110010100
011011110011010
011011110100111
011011110110100
011011111001000
011011111011100
011011111110011
011100000001010
011100000110110
011100001100001
011100010010111
011100011001110
011100100110011
011100110011000
011101000011101
011101010100011
011101110011100
011110010011000
011110111001101
011111100001000
100000110010101
100010000111101
100011110000101
100101011110101
101000011000000
101011011111111
101111000001110
110010110110001
100001111000111
100001111010000
100001111010001
100001111010011
100001111010100
100001111010101
100001111011001
100001111011110
100001111100110
100001111101101
100001111110100
100001111111100
100010000001111
100010000100010
100010000111110
100010001011001
100010010010100
100010011010000
100010100101010
100010110000101
100011001000011
100011100000011
100100000000001
100100100000010
100101101001010
100110110100011
101000010101001
101001111001101
101100100111011
101111100000010
110010110110001
110110011011000
000000001010111
000000010101101
000000010111100
000000011001100
000000011011110
000000011110010
000000100010011
000000100110111
000000101101001
000000110100011
000000111011101
000001000011101
000001001111110
000001011110001
000001101011101
000001111011001
000010010010011
000010101110000
000011001001011
000011101001010
000100011000110
000101010010000
000110001001000
000111001001000
001000100111000
001010011000011
001100010010101
001110100011010
010010001001111
010110101001101
011011101101010
100001111001000
000000010101101
000000100000100
000000100010011
000000100100100
000000100110110
000000101001001
000000101101001
000000110001101
000000111000000
000000111111010
000001000110011
000001001110010
000001011010101
000001101000111
000001110110011
000010000101101
000010011100111
000010111000010
000011010011111
000011110011101
000100100011010
000101011100001
000110010011000
000111010010100
001000110000010
001010100001000
001100011011000
001110101011001
010010010001000
010110101111000
011011110001000
100001111010001
000000010111100
000000100010011
000000100100011
000000100110100
000000101000110
000000101011001
000000101111001
000000110011110
000000111010000
000001000001010
000001001000100
000001010000011
000001011100101
000001101010111
000001111000100
000010000111101
000010011111000
000010111010010
000011010101111
000011110101101
000100100101010
000101011110001
000110010101000
000111010100011
001000110010001
001010100010110
001100011100101
001110101100110
010010010010011
010110110000001
011011110001110
100001111010011
000000011001100
000000100100100
000000100110100
000000101000101
000000101010111
000000101101010
000000110001011
000000110101111
000000111100010
000001000011011
000001001010101
000001010010100
000001011110110
000001101101001
000001111010101
000010001001110
000010100001001
000010111100011
000011011000000
000011110111101
000100100111010
000101100000001
000110010111000
000111010110010
001000110100001
001010100100100
001100011110011
001110101110010
010010010011110
010110110001010
011011110010100
100001111010100
000000011011110
000000100110110
000000101000110
000000101010111
000000101101001
000000101111011
000000110011101
000000111000000
000000111110100
000001000101101
000001001100110
000001010100110
000001100001000
000001101111010
000001111100110
000010001011111
000010100011010
000010111110100
000011011010001
000011111001110
000100101001011
000101100010001
000110011000111
000111011000001
001000110101111
001010100110010
001100100000001
001110101111111
010010010101010
010110110010011
011011110011010
100001111010110
000000011110010
000000101001001
000000101011001
000000101101010
000000101111011
000000110001110
000000110101111
000000111010011
000001000000110
000001000111111
000001001111001
000001010110111
000001100011010
000001110001011
000001111110111
000010001110001
000010100101100
000011000000101
000011011100010
000011111011110
000100101011100
000101100100001
000110011010111
000111011010001
001000110111111
001010101000000
001100100001111
001110110001011
010010010110110
010110110011100
011011110100000
100001111010111
000000100010011
000000101101001
000000101111001
000000110001011
000000110011101
000000110101111
000000111010000
000000111110100
000001000100111
000001001100000
000001010011010
000001011011001
000001100111100
000001110101101
000010000011010
000010010010011
000010101001110
000011000100110
000011100000010
000011111111110
000100101111100
000101101000000
000110011110111
000111011110000
001000111011101
001010101011110
001100100101011
001110110100110
010010011001101
010110110101111
011011110101101
100001111011100
000000100110111
000000110001101
000000110011110
000000110101111
000000111000000
000000111010011
000000111110100
000001000010111
000001001001010
000001010000100
000001010111101
000001011111101
000001101100000
000001111010000
000010000111101
000010010110110
000010101110000
000011001001000
000011100100100
000100000011111
000100110011101
000101101011111
000110100010110
000111100001111
001000111111101
001010101111100
001100101000111
001110110111111
010010011100100
010110111000001
011011110111010
100001111100000
000000101101001
000000111000000
000000111010001
000000111100010
000000111110100
000001000000110
000001000100111
000001001001010
000001001111111
000001010110111
000001011110010
000001100110011
000001110010110
000010000000110
000010001110011
000010011101100
000010110100111
000011001111101
000011101011001
000100001010010
000100111001111
000101110001111
000110101000110
000111100111110
001001000101011
001010110101001
001100101110011
001110111100111
010010100001000
010110111011101
011011111001110
100001111100111
000000110100011
000000111111010
000001000001010
000001000011011
000001000101101
000001000111111
000001001100000
000001010000100
000001010110111
000001011110000
000001100101100
000001101101100
000001111001111
000010000111101
000010010101100
000010100100101
000010111011111
000011010110011
000011110001111
000100010000110
000101000000010
000101111000000
000110101110111
000111101101110
001001001011011
001010111010110
001100110011111
001111000001111
010010100101100
010110111111001
011011111100010
100001111101111
000000111011101
000001000110011
000001001000100
000001001010101
000001001100110
000001001111001
000001010011010
000001010111101
000001011110010
000001100101100
000001101100111
000001110100110
000010000001011
000010001111001
000010011100111
000010101100000
000011000011010
000011011101110
000011111001010
000100011000001
000101000111100
000101111111000
000110110101101
000111110100000
001001010001101
001011000000111
001100111001111
001111000111101
010010101010110
010111000011001
011011111111001
100001111110110
000001000011101
000001001110010
000001010000011
000001010010100
000001010100110
000001010110111
000001011011001
000001011111101
000001100110011
000001101101100
000001110100110
000001111100101
000010001001001
000010010110111
000010100100101
000010110011100
000011001010111
000011100101011
000100000000111
000100011111101
000101001111000
000110000110001
000110111100100
000111111010011
001001011000000
001011000111001
001101000000000
001111001101011
010010101111111
010111000111010
011100000010000
100001111111110
000001001111110
000001011010101
000001011100101
000001011110111
000001100001000
000001100011010
000001100111101
000001101100000
000001110010110
000001111001111
000010000001010
000010001001001
000010010101101
000010100011001
000010110000110
000010111111101
000011010111001
000011110001011
000100001100111
000100101011100
000101011010111
000110010001101
000111000111010
001000000011110
001001100010001
001011010001110
001101001010010
001111010111000
010010111000110
010111001110101
011100000111011
100010000010001
000001011110001
000001101000111
000001101010111
000001101101001
000001101111010
000001110001011
000001110101101
000001111010000
000010000000110
000010000111101
000010001111001
000010010110111
000010100011001
000010110000010
000010111110000
000011001100101
000011100100000
000011111110000
000100011001100
000100110111111
000101100111010
000110011101101
000111010010010
001000001101100
001001101100011
001011011100100
001101010100110
001111100000101
010011000001110
010111010101111
011100001100111
100010000100100
000001101011101
000001110110011
000001111000100
000001111010101
000001111100110
000001111110111
000010000011010
000010000111101
000010001110011
000010010101100
000010011100111
000010100100101
000010110000110
000010111110000
000011001011110
000011011010101
000011110001111
000100001011110
000100100111001
000101000101010
000101110100101
000110101011000
000111011110101
001000011000101
001001111000010
001011101000110
001101100000101
001111101011111
010011001100010
010111011110111
011100010011101
100010000111111
000001111011001
000010000101101
000010000111101
000010001001110
000010001011111
000010001110001
000010010010011
000010010110110
000010011101100
000010100100101
000010101100000
000010110011100
000010111111101
000011001100101
000011011010101
000011101001011
000100000000101
000100011010010
000100110101011
000101010011001
000110000010101
000110111000110
000111101011011
001000100100000
001010000100001
001011110101010
001101101100110
001111110111001
010011010110111
010111100111111
011100011010100
100010001011010
000010010010011
000010011100111
000010011111000
000010100001001
000010100011010
000010100101100
000010101001110
000010101110000
000010110100111
000010111011111
000011000011010
000011001010111
000011010111000
000011100100000
000011110001111
000100000000101
000100011000001
000100110001101
000101001100111
000101101010101
000110011001111
000111001111010
001000000001111
001000111001111
001010011010000
001100001010011
001110000001100
010000001010110
010011101001011
010111110111101
011100100111000
100010010010110
000010101110000
000010111000010
000010111010010
000010111100011
000010111110100
000011000000101
000011000100110
000011001001000
000011001111101
000011010110011
000011011101110
000011100101011
000011110001011
000011111110000
000100001011110
000100011010010
000100110001101
000101001011001
000101100110011
000110000011111
000110110010101
000111100111000
001000011001010
001001010000110
001010110000101
001100100000001
001110010110110
010000011110111
010011111100001
011000000111101
011100110011110
100010011010010
000011001001011
000011010011111
000011010101111
000011011000000
000011011010001
000011011100010
000011100000010
000011100100100
000011101011000
000011110001111
000011111001010
000100000000111
000100001100111
000100011001100
000100100111001
000100110101011
000101001101000
000101100110011
000110000001101
000110011110111
000111001100001
000111111110010
001000110001111
001001101010111
001011001010101
001100111001010
001110101101111
010000110011000
010100010000100
011000011011100
011101000100011
100010100101100
000011101001010
000011110011101
000011110101101
000011110111101
000011111001110
000011111011110
000011111111110
000100000011111
000100001010010
000100010000110
000100011000001
000100011111101
000100101011100
000100110111111
000101000101010
000101010011001
000101101010101
000110000011111
000110011110111
000110111011110
000111100111001
001000010110101
001001001011110
001010000110010
001011100101101
001101010011010
001111000101110
010001000111101
010100100101001
011000101111101
011101010101000
100010110000111
000100011000110
000100100011010
000100100101010
000100100111010
000100101001011
000100101011100
000100101111100
000100110011101
000100111001110
000101000000010
000101000111100
000101001111000
000101011010111
000101100111010
000101110100101
000110000010101
000110011001111
000110110010101
000111001100001
000111100111001
001000010011001
001001000011001
001001111000011
001010110010100
001100010001110
001101111110001
001111101111111
010001110000000
010101001100010
011001010011001
011101110100000
100011001000100
000101010010000
000101011100001
000101011110001
000101100000001
000101100010001
000101100100001
000101101000000
000101101011111
000101110001111
000101111000000
000101111111000
000110000110001
000110010001101
000110011101101
000110101011000
000110111000110
000111001111010
000111100111000
000111111110010
001000010110101
001001000011001
001001110011010
001010101000010
001011100001111
001101000000011
001110101011001
010000011011110
010010011010000
010101110100100
011001110111011
011110010011100
100011100000100
000110001001000
000110010011000
000110010101000
000110010111000
000110011000111
000110011010111
000110011110111
000110100010110
000110101000110
000110101110111
000110110101101
000110111100100
000111000111010
000111010010010
000111011110101
000111101011011
001000000001111
001000011001010
001000110001111
001001001011110
001001111000011
001010101000010
001011011101011
001100010110101
001101110100110
001111011110010
010001001110011
010011001011011
010110100011110
011010100010010
011110111010001
100100000000010
000111001001000
000111010010100
000111010100011
000111010110010
000111011000001
000111011010001
000111011110000
000111100001111
000111100111110
000111101101110
000111110100000
000111111010011
001000000011110
001000001101100
001000011000101
001000100100000
001000111001111
001001010000110
001001101010111
001010000110010
001010110010100
001011100001111
001100010110101
001101001111000
001110101100011
010000010100000
010010000011100
010011111110110
010111010100101
011011001110001
011111100001100
100100100000011
001000100111000
001000110000010
001000110010001
001000110100001
001000110101111
001000110111111
001000111011101
001000111111101
001001000101011
001001001011011
001001010001101
001001011000000
001001100010001
001001101100011
001001111000001
001010000100001
001010011010000
001010110000101
001011001010101
001011100101101
001100010001110
001101000000011
001101110100110
001110101100011
010000001000011
010001101101011
010011011110000
010101011001110
011000101110110
011100100100110
100000110011000
100101101001011
001010011000011
001010100001000
001010100010110
001010100100100
001010100110010
001010101000000
001010101011110
001010101111100
001010110101001
001010111010110
001011000000111
001011000111001
001011010001110
001011011100100
001011101000110
001011110101010
001100001010011
001100100000001
001100111001010
001101010011010
001101111110001
001110101011001
001111011110010
010000010100000
010001101101011
010011001110011
010100111111101
010110111011010
011010001110011
011101111111101
100010000111111
100110110100011
001100010010101
001100011011000
001100011100101
001100011110011
001100100000001
001100100001111
001100100101011
001100101000111
001100101110011
001100110011111
001100111001111
001101000000000
001101001010010
001101010100110
001101100000101
001101101100110
001110000001100
001110010110110
001110101101111
001111000101110
001111101111111
010000011011110
010001001110011
010010000011100
010011011110000
010100111111101
010110101111100
011000101000110
011011111100111
011111101101100
100011110000110
101000010101001
001110100011010
001110101011001
001110101100110
001110101110010
001110101111111
001110110001011
001110110100110
001110110111111
001110111100111
001111000001111
001111000111101
001111001101011
001111010111000
001111100000101
001111101011111
001111110111001
010000001010110
010000011110111
010000110011000
010001000111101
010001110000000
010010011010000
010011001011011
010011111110110
010101011001110
010110111011010
011000101000110
011010011110010
011101110010110
100001100001110
100101011110111
101001111001101
010010001001111
010010010001000
010010010010011
010010010011110
010010010101010
010010010110110
010010011001101
010010011100100
010010100001000
010010100101100
010010101010110
010010101111111
010010111000111
010011000001110
010011001100010
010011010110111
010011101001011
010011111100001
010100010000011
010100100101001
010101001100010
010101110100100
010110100011110
010111010100101
011000101110110
011010001110011
011011111100111
011101110010110
100000111111101
100100100010110
101000011000001
101100100111011
010110101001101
010110101111000
010110110000001
010110110001010
010110110010011
010110110011100
010110110101111
010110111000001
010110111011101
010110111111001
010111000011001
010111000111010
010111001110101
010111010101111
010111011110111
010111100111111
010111110111101
011000000111101
011000011011100
011000101111101
011001010011001
011001110111011
011010100010010
011011001110001
011100100100110
011101111111101
011111101101100
100001100001110
100100100010110
100111110101001
101011011111111
101111100000010
011011101101010
011011110001000
011011110001110
011011110010100
011011110011010
011011110100000
011011110101101
011011110111010
011011111001110
011011111100010
011011111111001
011100000010000
011100000111100
011100001100111
011100010011101
011100011010100
011100100111000
011100110011110
011101000100010
011101010101000
011101110100001
011110010011100
011110111010001
011111100001100
100000110011000
100010000111111
100011110000110
100101011110111
101000011000001
101011011111111
101111000001110
110010110110001
100001111001000
100001111010001
100001111010011
100001111010100
100001111010110
100001111010111
100001111011100
100001111100000
100001111100111
100001111101111
100001111110110
100001111111110
100010000010001
100010000100100
100010000111111
100010001011010
100010010010110
100010011010010
100010100101100
100010110000111
100011001000100
100011100000100
100100000000010
100100100000011
100101101001011
100110110100011
101000010101001
101001111001101
101100100111011
101111100000010
110010110110001
110110011011000
000000001101001
000000010111111
000000011001110
000000011011110
000000011110000
000000100000011
000000100100100
000000101001001
000000101111011
000000110110100
000000111101110
000001000101111
000001010010000
000001100000010
000001101101111
000001111101010
000010010100100
000010110000000
000011001011100
000011101011010
000100011010111
000101010100000
000110001011000
000111001010110
001000101000111
001010011010001
001100010100010
001110100100111
010010001011010
010110101010101
011011101101111
100001111001010
000000010111111
000000100010101
000000100100101
000000100110101
000000101001000
000000101011011
000000101111011
000000110011111
000000111010010
000001000001011
000001001000101
000001010000100
000001011100110
000001101011000
000001111000100
000010000111110
000010011111001
000010111010011
000011010101111
000011110101101
000100100101010
000101011110001
000110010101000
000111010100011
001000110010001
001010100010101
001100011100101
001110101100101
010010010010010
010110110000001
011011110001110
100001111010010
000000011001110
000000100100101
000000100110101
000000101000110
000000101011000
000000101101011
000000110001100
000000110101111
000000111100010
000001000011100
000001001010101
000001010010101
000001011110111
000001101101001
000001111010101
000010001001110
000010100001001
000010111100011
000011011000000
000011110111101
000100100111010
000101100000001
000110010110111
000111010110010
001000110100000
001010100100100
001100011110011
001110101110010
010010010011110
010110110001001
011011110010100
100001111010100
000000011011110
000000100110101
000000101000110
000000101010111
000000101101001
000000101111011
000000110011101
000000111000000
000000111110100
000001000101101
000001001100110
000001010100110
000001100001000
000001101111010
000001111100110
000010001011111
000010100011010
000010111110100
000011011010001
000011111001110
000100101001011
000101100010001
000110011000111
000111011000001
001000110110000
001010100110010
001100100000001
001110101111111
010010010101010
010110110010011
011011110011010
100001111010110
000000011110000
000000101001000
000000101011000
000000101101001
000000101111010
000000110001101
000000110101110
000000111010010
000001000000101
000001000111110
000001001111000
000001010110111
000001100011010
000001110001011
000001111110111
000010001110000
000010100101011
000011000000100
000011011100001
000011111011110
000100101011100
000101100100001
000110011010111
000111011010001
001000110111110
001010101000000
001100100001111
001110110001011
010010010110110
010110110011100
011011110100000
100001111010111
000000100000011
000000101011011
000000101101011
000000101111011
000000110001101
000000110100000
000000111000001
000000111100100
000001000010111
000001001010000
000001010001010
000001011001001
000001100101100
000001110011100
000010000001001
000010010000010
000010100111101
000011000010101
000011011110010
000011111101111
000100101101100
000101100110001
000110011100111
000111011100000
001000111001110
001010101001111
001100100011101
001110110011000
010010011000010
010110110100110
011011110100111
100001111011001
000000100100100
000000101111011
000000110001100
000000110011101
000000110101110
000000111000001
000000111100010
000001000000101
000001000111001
000001001110010
000001010101100
000001011101011
000001101001110
000001110111111
000010000101011
000010010100100
000010101011111
000011000110111
000011100010011
000100000001111
000100110001100
000101101010000
000110100000110
000111011111111
001000111101101
001010101101100
001100100111001
001110110110011
010010011011001
010110110111000
011011110110011
100001111011110
000000101001001
000000110011111
000000110101111
000000111000000
000000111010010
000000111100100
000001000000101
000001000101001
000001001011100
000001010010101
000001011010000
000001100001110
000001101110010
000001111100010
000010001001110
000010011000111
000010110000001
000011001011001
000011100110101
000100000101111
000100110101101
000101101101111
000110100100110
000111100011111
001001000001100
001010110001010
001100101010110
001110111001100
010010011110000
010110111001010
011011111000000
100001111100010
000000101111011
000000111010010
000000111100011
000000111110100
000001000000101
000001000010111
000001000111001
000001001011100
000001010010001
000001011001010
000001100000100
000001101000100
000001110100111
000010000010111
000010010000100
000010011111110
000010110111000
000011010001101
000011101101010
000100001100010
000100111011111
000101110011111
000110101010110
000111101001101
001001000111011
001010110110111
001100110000000
001110111110100
010010100010100
010110111100110
011011111010100
100001111101001
000000110110100
000001000001011
000001000011100
000001000101101
000001000111110
000001001010000
000001001110010
000001010010101
000001011001010
000001100000010
000001100111101
000001101111101
000001111100001
000010001001111
000010010111110
000010100110111
000010111110000
000011011000100
000011110011111
000100010010110
000101000010010
000101111001111
000110110000110
000111101111101
001001001101010
001010111100011
001100110101100
001111000011011
010010100110111
010111000000010
011011111101000
100001111110000
000000111101110
000001001000101
000001001010101
000001001100110
000001001111000
000001010001010
000001010101011
000001011010000
000001100000100
000001100111101
000001101111001
000001110111000
000010000011100
000010010001010
000010011111001
000010101110001
000011000101011
000011011111111
000011111011010
000100011010001
000101001001100
000110000001000
000110110111100
000111110101110
001001010011100
001011000010101
001100111011101
001111001001001
010010101100001
010111000100010
011011111111111
100001111111000
000001000101111
000001010000100
000001010010101
000001010100110
000001010110111
000001011001001
000001011101011
000001100001110
000001101000100
000001101111101
000001110111000
000001111110111
000010001011011
000010011001000
000010100110110
000010110101101
000011001101000
000011100111100
000100000011000
000100100001110
000101010001000
000110001000000
000110111110011
000111111100001
001001011001111
001011001001000
001101000001110
001111001110111
010010110001010
010111001000011
011100000010110
100010000000000
000001010010000
000001011100110
000001011110111
000001100001000
000001100011010
000001100101100
000001101001110
000001101110010
000001110100111
000001111100001
000010000011100
000010001011011
000010010111110
000010100101010
000010110011000
000011000001110
000011011001010
000011110011100
000100001110111
000100101101100
000101011100111
000110010011101
000111001001000
001000000101011
001001100011110
001011010011100
001101001100000
001111011000100
010010111010001
010111001111101
011100001000001
100010000010011
000001100000010
000001101011000
000001101101001
000001101111010
000001110001011
000001110011100
000001110111111
000001111100010
000010000010111
000010001001111
000010010001010
000010011001000
000010100101010
000010110010100
000011000000001
000011001110110
000011100110001
000100000000000
000100011011100
000100111001111
000101101001001
000110011111101
000111010011111
001000001110110
001001101101111
001011011110001
001101010110011
001111100010001
010011000011001
010111010111000
011100001101100
100010000100101
000001101101111
000001111000100
000001111010101
000001111100110
000001111110111
000010000001001
000010000101011
000010001001110
000010010000101
000010010111110
000010011111001
000010100110110
000010110011000
000011000000001
000011001101111
000011011100101
000011110100000
000100001101110
000100101001001
000101000111010
000101110110101
000110101100111
000111100000011
001000011010001
001001111001111
001011101010100
001101100010010
001111101101011
010011001101100
010111011111111
011100010100010
100010001000001
000001111101010
000010000111110
000010001001110
000010001011111
000010001110000
000010010000010
000010010100100
000010011000111
000010011111110
000010100110111
000010101110001
000010110101101
000011000001110
000011001110110
000011011100101
000011101011011
000100000010110
000100011100010
000100110111011
000101010101001
000110000100100
000110111010101
000111101101010
001000100101110
001010000110000
001011110111000
001101101110100
001111111000101
010011011000001
010111101000111
011100011011001
100010001011011
000010010100100
000010011111001
000010100001001
000010100011010
000010100101011
000010100111101
000010101011111
000010110000001
000010110111000
000010111110000
000011000101100
000011001101000
000011011001010
000011100110001
000011110100000
000100000010110
000100011010001
000100110011110
000101001110111
000101101100101
000110011011111
000111010001010
001000000011101
001000111011101
001010011011110
001100001100001
001110000011001
010000001100011
010011101010101
010111111000101
011100100111110
100010010010111
000010110000000
000010111010011
000010111100011
000010111110100
000011000000100
000011000010101
000011000110111
000011001011001
000011010001101
000011011000100
000011011111111
000011100111100
000011110011100
000100000000000
000100001101110
000100011100010
000100110011110
000101001101001
000101101000011
000110000101111
000110110100101
000111101000111
001000011011000
001001010010100
001010110010011
001100100001111
001110011000011
010000100000011
010011111101011
011000001000101
011100110100011
100010011010011
000011001011100
000011010101111
000011011000000
000011011010001
000011011100001
000011011110010
000011100010011
000011100110101
000011101101001
000011110011111
000011111011010
000100000011000
000100001111000
000100011011100
000100101001001
000100110111011
000101001111000
000101101000011
000110000011100
000110100000110
000111001101111
001000000000000
001000110011110
001001101100100
001011001100011
001100111010111
001110101111100
010000110100011
010100010001101
011000011100011
011101000101000
100010100101110
000011101011010
000011110101101
000011110111101
000011111001110
000011111011110
000011111101111
000100000001111
000100000101111
000100001100010
000100010010110
000100011010001
000100100001110
000100101101100
000100111001111
000101000111010
000101010101001
000101101100101
000110000101111
000110100000110
000110111101101
000111101000111
001000011000010
001001001101100
001010000111111
001011100111011
001101010100111
001111000111010
010001001000111
010100100110010
011000110000100
011101010101101
100010110001001
000100011010111
000100100101010
000100100111010
000100101001011
000100101011100
000100101101100
000100110001100
000100110101101
000100111011111
000101000010010
000101001001100
000101010001000
000101011100111
000101101001001
000101110110101
000110000100100
000110011011111
000110110100101
000111001101111
000111101000111
001000010100110
001001000100110
001001111010001
001010110100010
001100010011011
001101111111101
001111110001010
010001110001010
010101001101011
011001010100000
011101110100101
100011001000110
000101010100000
000101011110001
000101100000001
000101100010001
000101100100001
000101100110001
000101101010000
000101101101111
000101110011111
000101111001111
000110000001000
000110001000000
000110010011101
000110011111101
000110101100111
000110111010101
000111010001010
000111101000111
001000000000000
001000011000010
001001000100110
001001110101000
001010101010000
001011100011100
001101000010000
001110101100101
010000011101001
010010011011010
010101110101100
011001111000001
011110010100000
100011100000101
000110001011000
000110010101000
000110010110111
000110011000111
000110011010111
000110011100111
000110100000110
000110100100110
000110101010110
000110110000110
000110110111100
000110111110011
000111001001000
000111010011111
000111100000011
000111101101010
001000000011101
001000011011000
001000110011110
001001001101100
001001111010001
001010101010000
001011011111000
001100011000010
001101110110010
001111011111101
010001001111110
010011001100101
010110100100110
011010100010111
011110111010100
100100000000011
000111001010110
000111010100011
000111010110010
000111011000001
000111011010001
000111011100000
000111011111111
000111100011111
000111101001101
000111101111101
000111110101110
000111111100001
001000000101011
001000001110110
001000011010001
001000100101110
001000111011101
001001010010100
001001101100100
001010000111111
001010110100010
001011100011100
001100011000010
001101010000101
001110101101111
010000010101011
010010000100110
010100000000000
010111010101100
011011001110110
011111100001111
100100100000100
001000101000111
001000110010001
001000110100000
001000110110000
001000110111110
001000111001110
001000111101101
001001000001100
001001000111011
001001001101010
001001010011100
001001011001111
001001100011110
001001101101111
001001111001110
001010000110000
001010011011110
001010110010011
001011001100011
001011100111011
001100010011011
001101000010000
001101110110010
001110101101111
010000001001110
010001101110101
010011011111010
010101011010111
011000101111100
011100100101010
100000110011010
100101101001011
001010011010001
001010100010101
001010100100100
001010100110010
001010101000000
001010101001111
001010101101100
001010110001010
001010110110111
001010111100011
001011000010101
001011001001000
001011010011100
001011011110001
001011101010100
001011110111000
001100001100001
001100100001111
001100111010111
001101010100111
001101111111101
001110101100101
001111011111101
010000010101011
010001101110101
010011001111100
010101000000110
010110111100010
011010001111000
011110000000000
100010001000001
100110110100011
001100010100010
001100011100101
001100011110011
001100100000001
001100100001111
001100100011101
001100100111001
001100101010110
001100110000000
001100110101100
001100111011100
001101000001110
001101001100000
001101010110011
001101100010010
001101101110100
001110000011001
001110011000011
001110101111100
001111000111010
001111110001010
010000011101001
010001001111110
010010000100110
010011011111010
010101000000110
010110110000011
011000101001100
011011111101011
011111101101111
100011110001000
101000010101001
001110100100111
001110101100101
001110101110010
001110101111111
001110110001011
001110110011000
001110110110011
001110111001100
001110111110100
001111000011011
001111001001001
001111001110111
001111011000100
001111100010001
001111101101011
001111111000101
010000001100011
010000100000011
010000110100011
010001001000111
010001110001010
010010011011010
010011001100101
010100000000000
010101011010111
010110111100010
011000101001100
011010011110111
011101110011001
100001100010000
100101011111000
101001111001101
010010001011010
010010010010010
010010010011110
010010010101010
010010010110110
010010011000010
010010011011001
010010011110000
010010100010100
010010100110111
010010101100001
010010110001010
010010111010010
010011000011001
010011001101101
010011011000001
010011101010101
010011111101011
010100010001101
010100100110010
010101001101011
010101110101100
010110100100110
010111010101100
011000101111100
011010001111000
011011111101100
011101110011001
100001000000000
100100100010111
101000011000010
101100100111011
010110101010101
010110110000001
010110110001001
010110110010011
010110110011100
010110110100110
010110110111000
010110111001010
010110111100110
010111000000010
010111000100010
010111001000011
010111001111101
010111010111000
010111011111111
010111101000111
010111111000101
011000001000101
011000011100011
011000110000100
011001010100000
011001111000001
011010100010111
011011001110110
011100100101010
011110000000000
011111101101111
100001100010000
100100100010111
100111110101001
101011011111111
101111100000010
011011101101111
011011110001110
011011110010100
011011110011010
011011110100000
011011110100111
011011110110100
011011111000000
011011111010100
011011111101000
011011111111111
011100000010110
011100001000010
011100001101100
011100010100011
011100011011001
011100100111110
011100110100011
011101000100111
011101010101101
011101110100101
011110010100000
011110111010101
011111100001111
100000110011010
100010001000001
100011110001000
100101011111000
101000011000010
101011011111111
101111000001110
110010110110001
100001111001010
100001111010010
100001111010100
100001111010110
100001111010111
100001111011001
100001111011110
100001111100010
100001111101001
100001111110000
100001111111000
100010000000000
100010000010011
100010000100101
100010001000001
100010001011011
100010010010111
100010011010011
100010100101110
100010110001001
100011001000110
100011100000101
100100000000011
100100100000100
100101101001011
100110110100011
101000010101001
101001111001101
101100100111011
101111100000010
110010110110001
110110011011000
000000001111110
000000011010010
000000011100001
000000011110010
000000100000011
000000100010110
000000100110111
000000101011100
000000110001101
000000111000110
000001000000000
000001001000001
000001010100010
000001100010011
000001110000000
000001111111011
000010010110101
000010110010001
000011001101101
000011101101011
000100011100111
000101010110000
000110001101000
000111001100101
001000101010110
001010011011111
001100010110000
001110100110011
010010001100110
010110101011110
011011101110101
100001111001100
000000011010010
000000100101000
000000100111000
000000101001001
000000101011011
000000101101101
000000110001110
000000110110010
000000111100101
000001000011101
000001001010111
000001010010110
000001011111000
000001101101010
000001111010110
000010001001111
000010100001010
000010111100100
000011011000000
000011110111101
000100100111010
000101100000001
000110010111000
000111010110010
001000110100000
001010100100011
001100011110010
001110101110001
010010010011101
010110110001001
011011110010100
100001111010100
000000011100001
000000100111000
000000101001000
000000101011001
000000101101011
000000101111101
000000110011110
000000111000010
000000111110101
000001000101110
000001001100111
000001010100110
000001100001001
000001101111010
000001111100110
000010001100000
000010100011011
000010111110100
000011011010001
000011111001110
000100101001011
000101100010001
000110011000111
000111011000001
001000110101111
001010100110010
001100100000001
001110101111110
010010010101001
010110110010010
011011110011010
100001111010101
000000011110010
000000101001001
000000101011001
000000101101010
000000101111011
000000110001110
000000110101111
000000111010011
000001000000110
000001000111111
000001001111001
000001010110111
000001100011010
000001110001011
000001111110111
000010001110001
000010100101100
000011000000101
000011011100010
000011111011110
000100101011100
000101100100001
000110011010111
000111011010001
001000110111111
001010101000000
001100100001111
001110110001011
010010010110110
010110110011100
011011110100000
100001111010111
000000100000011
000000101011011
000000101101011
000000101111011
000000110001101
000000110100000
000000111000001
000000111100100
000001000010111
000001001010000
000001010001010
000001011001001
000001100101100
000001110011100
000010000001001
000010010000010
000010100111101
000011000010101
000011011110010
000011111101111
000100101101100
000101100110001
000110011100111
000111011100000
001000111001110
001010101001111
001100100011101
001110110011000
010010011000010
010110110100110
011011110100111
100001111011001
000000100010110
000000101101101
000000101111101
000000110001110
000000110100000
000000110110010
000000111010011
000000111110110
000001000101010
000001001100010
000001010011100
000001011011011
000001100111110
000001110101110
000010000011011
000010010010011
000010101001110
000011000100110
000011100000011
000100000000000
000100101111101
000101101000001
000110011110111
000111011110000
001000111011101
001010101011110
001100100101011
001110110100110
010010011001110
010110110101111
011011110101101
100001111011100
000000100110111
000000110001110
000000110011110
000000110101111
000000111000000
000000111010011
000000111110100
000001000010111
000001001001011
000001010000100
000001010111110
000001011111101
000001101100000
000001111010000
000010000111101
000010010110110
000010101110000
000011001001000
000011100100101
000100000100000
000100110011101
000101101100000
000110100010110
000111100001111
001000111111100
001010101111011
001100101000111
001110111000000
010010011100101
010110111000001
011011110111010
100001111100000
000000101011100
000000110110010
000000111000010
000000111010011
000000111100100
000000111110110
000001000010111
000001000111011
000001001101110
000001010100111
000001011100010
000001100100001
000001110000100
000001111110011
000010001100000
000010011011000
000010110010011
000011001101010
000011101000110
000100001000000
000100110111101
000101101111111
000110100110101
000111100101110
001001000011011
001010110011010
001100101100100
001110111011001
010010011111100
010110111010011
011011111000111
100001111100100
000000110001101
000000111100101
000000111110101
000001000000110
000001000010111
000001000101010
000001001001011
000001001101110
000001010100011
000001011011100
000001100010111
000001101010110
000001110111010
000010000101001
000010010010110
000010100001111
000010111001001
000011010011110
000011101111011
000100001110011
000100111110000
000101110101110
000110101100101
000111101011100
001001001001010
001010111000101
001100110001110
001111000000000
010010100011111
010110111101111
011011111011011
100001111101011
000000111000110
000001000011101
000001000101110
000001000111111
000001001010000
000001001100010
000001010000100
000001010100111
000001011011100
000001100010100
000001101001111
000001110001111
000001111110011
000010001100010
000010011010000
000010101001001
000011000000010
000011011010101
000011110110000
000100010100111
000101000100010
000101111011111
000110110010110
000111110001100
001001001111000
001010111110010
001100110111001
001111000100111
010010101000010
010111000001011
011011111101110
100001111110010
000001000000000
000001001010111
000001001100111
000001001111000
000001010001010
000001010011100
000001010111101
000001011100010
000001100010111
000001101001111
000001110001011
000001111001010
000010000101110
000010010011100
000010100001010
000010110000010
000011000111101
000011100010000
000011111101011
000100011100001
000101001011101
000110000010111
000110111001100
000111110111110
001001010101011
001011000100100
001100111101011
001111001010110
010010101101100
010111000101011
011100000000101
100001111111010
000001001000001
000001010010110
000001010100110
000001010110111
000001011001001
000001011011011
000001011111101
000001100100001
000001101010110
000001110001111
000001111001010
000010000001001
000010001101101
000010011011010
000010101001000
000010110111111
000011001111010
000011101001101
000100000101001
000100100011110
000101010011001
000110001010000
000111000000010
000111111110000
001001011011110
001011001010110
001101000011100
001111010000100
010010110010110
010111001001100
011100000011100
100010000000010
000001010100010
000001011111000
000001100001001
000001100011011
000001100101100
000001100111110
000001101100000
000001110000100
000001110111010
000001111110011
000010000101110
000010001101101
000010011010000
000010100111011
000010110101001
000011000100000
000011011011011
000011110101101
000100010001000
000100101111101
000101011110111
000110010101101
000111001010110
001000000110111
001001100101100
001011010101010
001101001101101
001111011010000
010010111011100
010111010000110
011100001000111
100010000010101
000001100010011
000001101101010
000001101111010
000001110001011
000001110011100
000001110101110
000001111010000
000001111110011
000010000101001
000010001100010
000010010011100
000010011011010
000010100111011
000010110100101
000011000010010
000011010001000
000011101000010
000100000010001
000100011101100
000100111011111
000101101011001
000110100001100
000111010101100
001000010000000
001001101111011
001011011111111
001101011000000
001111100011101
010011000100100
010111011000000
011100001110011
100010000100111
000001110000000
000001111010110
000001111100110
000001111110111
000010000001001
000010000011011
000010000111101
000010001100000
000010010010110
000010011010000
000010100001010
000010101001000
000010110101001
000011000010010
000011010000001
000011011110110
000011110110000
000100001111111
000100101011001
000101001001010
000101111000101
000110101110111
000111100010001
001000011011101
001001111011100
001011101100010
001101100100000
001111101110111
010011001110111
010111100001000
011100010101000
100010001000010
000001111111011
000010001001111
000010001100000
000010001110001
000010010000010
000010010010011
000010010110110
000010011011000
000010100001111
000010101001001
000010110000010
000010110111111
000011000100000
000011010001000
000011011110110
000011101101100
000100000100110
000100011110011
000100111001011
000101010111001
000110000110100
000110111100101
000111101111010
001000100111100
001010000111110
001011111000111
001101110000001
001111111010001
010011011001100
010111101001111
011100011011111
100010001011101
000010010110101
000010100001010
000010100011011
000010100101011
000010100111100
000010101001110
000010101110000
000010110010011
000010111001001
000011000000010
000011000111101
000011001111010
000011011011011
000011101000010
000011110110001
000100000100110
000100011100010
000100110101110
000101010001000
000101101110110
000110011101110
000111010011001
001000000101100
001000111101100
001010011101101
001100001101111
001110000100111
010000001101111
010011101100000
010111111001101
011100101000011
100010010011001
000010110010001
000010111100100
000010111110100
000011000000101
000011000010101
000011000100110
000011001001000
000011001101010
000011010011110
000011011010101
000011100010000
000011101001101
000011110101101
000100000010001
000100001111111
000100011110011
000100110101110
000101001111001
000101101010011
000110000111111
000110110110100
000111101010110
001000011100111
001001010100010
001010110100001
001100100011100
001110011010000
010000100001111
010011111110110
011000001001101
011100110101001
100010011010101
000011001101101
000011011000000
000011011010001
000011011100010
000011011110010
000011100000011
000011100100101
000011101000110
000011101111010
000011110110000
000011111101011
000100000101001
000100010001001
000100011101100
000100101011001
000100111001011
000101010001000
000101101010011
000110000101100
000110100010110
000111001111111
001000000001111
001000110101100
001001101110011
001011001110001
001100111100101
001110110001000
010000110101111
010100010010111
011000011101011
011101000101101
100010100110000
000011101101011
000011110111101
000011111001110
000011111011110
000011111101111
000100000000000
000100000100000
000100001000000
000100001110011
000100010100111
000100011100001
000100100011110
000100101111101
000100111011111
000101001001010
000101010111001
000101101110110
000110000111111
000110100010110
000110111111100
000111101010101
001000011010000
001001001111001
001010001001101
001011101001000
001101010110100
001111001000110
010001001010001
010100100111100
011000110001011
011101010110011
100010110001011
000100011100111
000100100111010
000100101001011
000100101011100
000100101101100
000100101111101
000100110011101
000100110111101
000100111101111
000101000100010
000101001011101
000101010011001
000101011110111
000101101011001
000101111000101
000110000110100
000110011101111
000110110110100
000111001111111
000111101010101
001000010110101
001001000110100
001001111011110
001010110101111
001100010101000
001110000001010
001111110010110
010001110010101
010101001110100
011001010100110
011101110101001
100011001000111
000101010110000
000101100000001
000101100010001
000101100100001
000101100110001
000101101000001
000101101100000
000101101111111
000101110101110
000101111011111
000110000010111
000110001010000
000110010101101
000110100001100
000110101110111
000110111100101
000111010011001
000111101010110
001000000001111
001000011010000
001001000110100
001001110110110
001010101011110
001011100101001
001101000011101
001110101110001
010000011110101
010010011100100
010101110110101
011001111000111
011110010100100
100011100000110
000110001101000
000110010111000
000110011000111
000110011010111
000110011100111
000110011110111
000110100010110
000110100110101
000110101100101
000110110010110
000110111001011
000111000000010
000111001010110
000111010101100
000111100010001
000111101111010
001000000101100
001000011100111
001000110101100
001001001111001
001001111011110
001010101011110
001011100000110
001100011001111
001101110111111
001111100001001
010001010001001
010011001101111
010110100101110
011010100011101
011110111011000
100100000000100
000111001100101
000111010110010
000111011000001
000111011010001
000111011100000
000111011110000
000111100001111
000111100101110
000111101011100
000111110001100
000111110111110
000111111110000
001000000110111
001000010000000
001000011011101
001000100111100
001000111101100
001001010100010
001001101110011
001010001001101
001010110101111
001011100101001
001100011001111
001101010010010
001110101111011
010000010110110
010010000110000
010100000001001
010111010110100
011011001111011
011111100010011
100100100000101
001000101010110
001000110100000
001000110101111
001000110111111
001000111001110
001000111011101
001000111111100
001001000011011
001001001001010
001001001111000
001001010101011
001001011011110
001001100101100
001001101111011
001001111011011
001010000111110
001010011101101
001010110100001
001011001110001
001011101001000
001100010101000
001101000011101
001101110111111
001110101111011
010000001011010
010001110000000
010011100000011
010101011100000
011000110000011
011100100101110
100000110011101
100101101001100
001010011011111
001010100100011
001010100110010
001010101000000
001010101001111
001010101011110
001010101111011
001010110011010
001010111000101
001010111110010
001011000100100
001011001010110
001011010101010
001011011111111
001011101100010
001011111000111
001100001101111
001100100011100
001100111100101
001101010110100
001110000001010
001110101110001
001111100001001
010000010110110
010001110000000
010011010000110
010101000001111
010110111101001
011010001111110
011110000000011
100010001000011
100110110100100
001100010110000
001100011110010
001100100000001
001100100001111
001100100011101
001100100101011
001100101000111
001100101100100
001100110001110
001100110111001
001100111101011
001101000011100
001101001101101
001101011000000
001101100100000
001101110000001
001110000100111
001110011010000
001110110001000
001111001000110
001111110010110
010000011110101
010001010001001
010010000110000
010011100000011
010101000001111
010110110001011
011000101010010
011011111110000
011111101110010
100011110001001
101000010101010
001110100110011
001110101110001
001110101111110
001110110001011
001110110011000
001110110100110
001110111000000
001110111011001
001111000000000
001111000100111
001111001010110
001111010000100
001111011010000
001111100011101
001111101110111
001111111010001
010000001101111
010000100001111
010000110101111
010001001010001
010001110010101
010010011100100
010011001101111
010100000001001
010101011100000
010110111101001
011000101010010
011010011111100
011101110011101
100001100010011
100101011111001
101001111001110
010010001100110
010010010011101
010010010101001
010010010110110
010010011000001
010010011001110
010010011100101
010010011111100
010010100011111
010010101000010
010010101101100
010010110010110
010010111011101
010011000100100
010011001111000
010011011001100
010011101100000
010011111110110
010100010010111
010100100111100
010101001110100
010101110110101
010110100101110
010111010110100
011000110000011
011010001111110
011011111110001
011101110011101
100001000000011
100100100011001
101000011000011
101100100111011
010110101011110
010110110001001
010110110010010
010110110011100
010110110100110
010110110101111
010110111000001
010110111010011
010110111101111
010111000001011
010111000101011
010111001001100
010111010000110
010111011000000
010111100001000
010111101001111
010111111001101
011000001001101
011000011101011
011000110001011
011001010100110
011001111000111
011010100011101
011011001111011
011100100101110
011110000000011
011111101110010
100001100010011
100100100011001
100111110101001
101011100000000
101111100000011
011011101110101
011011110010100
011011110011010
011011110100000
011011110100111
011011110101101
011011110111010
011011111000111
011011111011011
011011111101110
011100000000101
011100000011100
011100001001000
011100001110011
011100010101001
011100011011111
011100101000011
011100110101001
011101000101101
011101010110011
011101110101010
011110010100100
011110111011001
011111100010011
100000110011101
100010001000011
100011110001001
100101011111001
101000011000011
101011100000000
101111000001111
110010110110001
100001111001100
100001111010100
100001111010101
100001111010111
100001111011001
100001111011100
100001111100000
100001111100100
100001111101011
100001111110010
100001111111010
100010000000010
100010000010101
100010000100111
100010001000010
100010001011101
100010010011001
100010011010101
100010100110000
100010110001011
100011001000111
100011100000110
100100000000100
100100100000101
100101101001100
100110110100100
101000010101010
101001111001110
101100100111011
101111100000011
110010110110001
110110011011001
000000010011100
000000011110011
000000100000010
000000100010010
000000100100100
000000100110111
000000101011000
000000101111100
000000110101110
000000111100111
000001000100001
000001001100011
000001011000100
000001100110101
000001110100010
000010000011101
000010011010111
000010110110010
000011010001110
000011110001100
000100100001000
000101011010000
000110010000111
000111010000101
001000101110100
001010011111100
001100011001100
001110101001101
010010001111101
010110101110001
011011110000010
100001111010000
000000011110011
000000101001000
000000101011000
000000101101001
000000101111011
000000110001110
000000110101111
000000111010010
000001000000101
000001000111111
000001001111000
000001010110111
000001100011010
000001110001011
000001111111000
000010001110001
000010100101100
000011000000101
000011011100001
000011111011101
000100101011011
000101100100001
000110011010111
000111011010010
001000110111111
001010101000000
001100100001111
001110110001011
010010010110101
010110110011100
011011110100001
100001111011000
000000100000010
000000101011000
000000101101001
000000101111001
000000110001100
000000110011110
000000110111111
000000111100011
000001000010110
000001001001111
000001010001001
000001011001000
000001100101011
000001110011100
000010000001001
000010010000010
000010100111100
000011000010101
000011011110010
000011111101101
000100101101011
000101100110000
000110011100111
000111011100001
001000111001110
001010101001111
001100100011101
001110110011000
010010011000001
010110110100101
011011110100111
100001111011001
000000100010010
000000101101001
000000101111010
000000110001011
000000110011101
000000110101111
000000111010000
000000111110100
000001000100111
000001001100000
000001010011010
000001011011001
000001100111100
000001110101101
000010000011010
000010010010011
000010101001110
000011000100110
000011100000010
000011111111110
000100101111100
000101101000000
000110011110111
000111011110000
001000111011101
001010101011110
001100100101011
001110110100101
010010011001101
010110110101111
011011110101101
100001111011100
000000100100100
000000101111011
000000110001100
000000110011101
000000110101110
000000111000000
000000111100010
000001000000101
000001000111001
000001001110001
000001010101100
000001011101011
000001101001110
000001110111111
000010000101011
000010010100100
000010101011111
000011000110111
000011100010011
000100000001111
000100110001100
000101101010000
000110100000110
000111011111111
001000111101101
001010101101101
001100100111001
001110110110010
010010011011001
010110110111000
011011110110011
100001111011110
000000100110111
000000110001110
000000110011110
000000110101111
000000111000000
000000111010011
000000111110100
000001000010111
000001001001011
000001010000100
000001010111110
000001011111101
000001101100000
000001111010000
000010000111101
000010010110110
000010101110000
000011001001000
000011100100101
000100000100000
000100110011101
000101101100000
000110100010110
000111100001111
001000111111100
001010101111011
001100101000111
001110111000000
010010011100101
010110111000001
011011110111010
100001111100000
000000101011000
000000110101111
000000110111111
000000111010000
000000111100010
000000111110100
000001000010101
000001000111001
000001001101100
000001010100101
000001011100000
000001100011111
000001110000010
000001111110010
000010001011111
000010011011000
000010110010011
000011001101001
000011101000101
000100001000000
000100110111101
000101101111110
000110100110101
000111100101101
001001000011010
001010110011001
001100101100011
001110111011001
010010011111011
010110111010011
011011111000111
100001111100100
000000101111100
000000111010010
000000111100011
000000111110100
000001000000101
000001000010111
000001000111001
000001001011101
000001010010000
000001011001000
000001100000011
000001101000011
000001110100110
000010000010101
000010010000010
000010011111011
000010110110101
000011010001011
000011101100111
000100001100000
000100111011100
000101110011101
000110101010100
000111101001011
001001000111001
001010110110110
001100101111111
001110111110010
010010100010011
010110111100110
011011111010100
100001111101001
000000110101110
000001000000101
000001000010110
000001000100111
000001000111001
000001001001011
000001001101101
000001010010000
000001011000100
000001011111101
000001100111000
000001101111000
000001111011011
000010001001010
000010010111000
000010100110001
000010111101011
000011010111111
000011110011011
000100010010011
000101000001111
000101111001110
000110110000100
000111101111010
001001001100111
001010111100001
001100110101010
001111000011001
010010100110110
010111000000001
011011111100111
100001111110000
000000111100111
000001000111111
000001001001111
000001001100000
000001001110001
000001010000100
000001010100101
000001011001000
000001011111101
000001100110110
000001101110001
000001110110000
000010000010100
000010010000011
000010011110001
000010101101001
000011000100010
000011011110101
000011111010001
000100011001000
000101001000011
000101111111111
000110110110101
000111110101001
001001010010101
001011000001100
001100111010100
001111001000001
010010101011010
010111000011100
011011111111010
100001111110110
000001000100001
000001001111000
000001010001001
000001010011010
000001010101011
000001010111110
000001011011111
000001100000011
000001100111000
000001101110001
000001110101100
000001111101011
000010001001111
000010010111110
000010100101011
000010110100011
000011001011101
000011100110000
000100000001100
000100100000011
000101001111110
000110000110111
000110111101011
000111111011010
001001011000111
001011000111111
001101000000101
001111001101111
010010110000011
010111000111100
011100000010010
100001111111110
000001001100011
000001010110111
000001011001000
000001011011001
000001011101011
000001011111101
000001100011111
000001101000011
000001101111000
000001110110000
000001111101011
000010000101001
000010010001110
000010011111100
000010101101001
000010111011111
000011010011010
000011101101101
000100001001001
000100100111110
000101010111001
000110001110001
000111000100001
001000000001100
001001011111011
001011001110010
001101000110110
001111010011101
010010110101101
010111001011101
011100000101001
100010000000111
000001011000100
000001100011010
000001100101011
000001100111101
000001101001110
000001101100000
000001110000010
000001110100110
000001111011011
000010000010100
000010001001111
000010010001110
000010011110001
000010101011101
000010111001010
000011001000000
000011011111011
000011111001101
000100010101001
000100110011110
000101100011000
000110011001100
000111001110011
001000001010001
001001101000110
001011011000100
001101010001000
001111011101010
010010111110011
010111010010111
011100001010011
100010000011001
000001100110101
000001110001011
000001110011100
000001110101101
000001110111111
000001111010000
000001111110010
000010000010101
000010001001010
000010010000011
000010010111110
000010011111100
000010101011101
000010111000110
000011000110011
000011010101000
000011101100010
000100000110001
000100100001101
000101000000000
000101101111010
000110100101011
000111011001000
001000010010111
001001110010011
001011100011000
001101011011010
001111100110111
010011000111010
010111011010000
011100001111110
100010000101100
000001110100010
000001111111000
000010000001001
000010000011010
000010000101011
000010000111101
000010001011111
000010010000010
000010010111000
000010011110001
000010100101011
000010101101001
000010111001010
000011000110011
000011010100001
000011100010110
000011111010001
000100010011111
000100101111001
000101001101010
000101111100101
000110110010110
000111100101110
001000011111000
001001111110110
001011101111100
001101100111010
001111110001111
010011010001101
010111100011000
011100010110100
100010001000110
000010000011101
000010001110001
000010010000010
000010010010011
000010010100100
000010010110110
000010011011000
000010011111011
000010100110001
000010101101001
000010110100011
000010111011111
000011001000000
000011010101000
000011100010110
000011110001101
000100001000111
000100100010011
000100111101011
000101011011000
000110001010011
000111000000011
000111110011000
001000101011010
001010001011011
001011111100001
001101110011010
001111111101000
010011011100001
010111101011111
011100011101010
100010001100001
000010011010111
000010100101100
000010100111100
000010101001110
000010101011111
000010101110000
000010110010011
000010110110101
000010111101011
000011000100010
000011001011101
000011010011010
000011011111011
000011101100010
000011111010001
000100001000111
000100100000011
000100111001110
000101010101000
000101110010100
000110100001101
000111010110110
001000001001001
001001000001001
001010100001001
001100010001010
001110001000000
010000010000101
010011101110100
010111111011101
011100101001110
100010010011101
000010110110010
000011000000101
000011000010101
000011000100110
000011000110111
000011001001000
000011001101001
000011010001011
000011010111111
000011011110101
000011100110000
000011101101101
000011111001101
000100000110001
000100010011111
000100100010011
000100111001110
000101010011001
000101101110010
000110001011101
000110111010001
000111101110010
001000100000100
001001010111110
001010110111101
001100100110111
001110011101000
010000100100101
010100000001001
011000001011100
011100110110100
100010011011001
000011010001110
000011011100001
000011011110010
000011100000010
000011100010011
000011100100101
000011101000101
000011101100111
000011110011011
000011111010001
000100000001100
000100001001001
000100010101001
000100100001101
000100101111001
000100111101011
000101010101000
000101101110010
000110001001011
000110100110100
000111010011100
001000000101011
001000111001000
001001110001111
001011010001100
001100111111110
001110110100001
010000111000101
010100010101011
011000011111010
011101000110111
100010100110011
000011110001100
000011111011101
000011111101101
000011111111110
000100000001111
000100000100000
000100001000000
000100001100000
000100010010011
000100011001000
000100100000011
000100100111110
000100110011110
000101000000000
000101001101010
000101011011000
000101110010100
000110001011101
000110100110100
000111000011010
000111101110011
001000011101100
001001010010110
001010001101001
001011101100010
001101011001011
001111001011101
010001001100111
010100101001111
011000110011010
011101010111101
100010110001101
000100100001000
000100101011011
000100101101011
000100101111100
000100110001100
000100110011101
000100110111101
000100111011100
000101000001111
000101001000011
000101001111110
000101010111001
000101100011000
000101101111010
000101111100101
000110001010011
000110100001101
000110111010001
000111010011100
000111101110011
001000011010001
001001001010000
001001111111001
001010111001010
001100011000010
001110000100010
001111110101100
010001110101010
010101010000110
011001010110100
011101110110010
100011001001001
000101011010000
000101100100001
000101100110000
000101101000000
000101101010000
000101101100000
000101101111110
000101110011101
000101111001110
000101111111111
000110000110111
000110001110001
000110011001100
000110100101011
000110110010110
000111000000011
000111010110110
000111101110010
001000000101011
001000011101100
001001001010000
001001111010001
001010101111000
001011101000011
001101000110110
001110110001000
010000100001011
010010011111000
010101111000110
011001111010011
011110010101100
100011100001000
000110010000111
000110011010111
000110011100111
000110011110111
000110100000110
000110100010110
000110100110101
000110101010100
000110110000100
000110110110101
000110111101010
000111000100001
000111001110011
000111011001000
000111100101111
000111110011000
001000001001001
001000100000100
001000111001000
001001010010110
001001111111001
001010101111000
001011100100000
001100011101000
001101111011000
001111100011111
010001010011110
010011010000010
010110100111110
011010100101000
011110111100000
100100000000101
000111010000101
000111011010010
000111011100001
000111011110000
000111011111111
000111100001111
000111100101101
000111101001011
000111101111010
000111110101001
000111111011010
001000000001100
001000001010001
001000010010111
001000011111000
001000101011010
001001000001001
001001010111110
001001110001111
001010001101001
001010111001010
001011101000011
001100011101000
001101010101011
001110110010011
010000011001100
010010001000101
010100000011101
010111011000100
011011010000110
011111100011010
100100100000111
001000101110100
001000110111111
001000111001110
001000111011101
001000111101101
001000111111100
001001000011010
001001000111001
001001001100111
001001010010101
001001011000111
001001011111011
001001101000110
001001110010011
001001111110110
001010001011011
001010100001001
001010110111101
001011010001100
001011101100010
001100011000010
001101000110110
001101111010111
001110110010011
010000001110000
010001110010100
010011100010110
010101011110001
011000110010001
011100100110111
100000110100011
100101101001101
001010011111100
001010101000000
001010101001111
001010101011110
001010101101101
001010101111011
001010110011001
001010110110110
001010111100001
001011000001100
001011000111111
001011001110010
001011011000100
001011100011000
001011101111100
001011111100001
001100010001010
001100100110111
001100111111110
001101011001011
001110000100010
001110110001000
001111100011111
010000011001100
010001110010100
010011010011001
010101000100000
010110111111001
011010010001001
011110000001010
100010001000110
100110110100100
001100011001100
001100100001111
001100100011101
001100100101011
001100100111001
001100101000111
001100101100100
001100101111111
001100110101010
001100111010100
001101000000101
001101000110110
001101010001000
001101011011010
001101100111010
001101110011010
001110001000000
001110011101000
001110110100001
001111001011101
001111110101100
010000100001011
010001010011111
010010001000101
010011100010110
010101000100000
010110110011010
011000101011111
011011111111010
011111101110111
100011110001100
101000010101010
001110101001101
001110110001011
001110110011000
001110110100101
001110110110010
001110111000000
001110111011001
001110111110010
001111000011001
001111001000001
001111001101111
001111010011101
001111011101010
001111100110111
001111110001111
001111111101000
010000010000101
010000100100101
010000111000101
010001001100111
010001110101010
010010011111000
010011010000010
010100000011101
010101011110001
010110111111001
011000101011111
011010100000110
011101110100100
100001100010110
100101011111011
101001111001110
010010001111101
010010010110101
010010011000001
010010011001101
010010011011001
010010011100101
010010011111011
010010100010011
010010100110110
010010101011010
010010110000011
010010110101101
010010111110011
010011000111010
010011010001101
010011011100001
010011101110100
010100000001001
010100010101011
010100101001111
010101010000110
010101111000110
010110100111110
010111011000100
011000110010001
011010010001001
011011111111010
011101110100100
100001000001000
100100100011011
101000011000100
101100100111100
010110101110001
010110110011100
010110110100101
010110110101111
010110110111000
010110111000001
010110111010011
010110111100110
010111000000001
010111000011100
010111000111100
010111001011101
010111010010111
010111011010000
010111100011000
010111101011111
010111111011101
011000001011100
011000011111010
011000110011010
011001010110100
011001111010011
011010100101000
011011010000110
011100100110111
011110000001010
011111101110111
100001100010110
100100100011011
100111110101010
101011100000000
101111100000011
011011110000010
011011110100001
011011110100111
011011110101101
011011110110100
011011110111010
011011111000111
011011111010100
011011111100111
011011111111010
011100000010010
011100000101001
011100001010100
011100001111110
011100010110100
011100011101010
011100101001110
011100110110100
011101000110111
011101010111101
011101110110010
011110010101100
011110111100000
011111100011010
100000110100011
100010001000110
100011110001100
100101011111011
101000011000100
101011100000000
101111000001111
110010110110001
100001111010000
100001111011000
100001111011001
100001111011100
100001111011110
100001111100000
100001111100100
100001111101001
100001111110000
100001111110110
100001111111110
100010000000111
100010000011001
100010000101100
100010001000110
100010001100001
100010010011101
100010011011001
100010100110011
100010110001101
100011001001001
100011100001000
100100000000101
100100100000111
100101101001101
100110110100100
101000010101010
101001111001110
101100100111100
101111100000011
110010110110001
110110011011001
000000011000001
000000100010111
000000100100111
000000100110111
000000101001001
000000101011100
000000101111100
000000110100000
000000111010010
000001000001010
000001001000101
000001010000111
000001011101000
000001101011001
000001111000110
000010001000000
000010011111011
000010111010100
000011010110000
000011110101101
000100100101001
000101011101111
000110010100111
000111010100100
001000110010011
001010100011000
001100011100111
001110101100110
010010010010100
010110110000011
011011110010000
100001111010100
000000100010111
000000101101011
000000101111100
000000110001101
000000110011111
000000110110010
000000111010010
000000111110101
000001000101001
000001001100001
000001010011011
000001011011011
000001100111110
000001110101110
000010000011011
000010010010100
000010101001111
000011000100110
000011100000011
000011111111110
000100101111100
000101101000001
000110011111000
000111011110001
001000111011110
001010101011110
001100100101011
001110110100110
010010011001101
010110110101111
011011110101110
100001111011101
000000100100111
000000101111100
000000110001101
000000110011110
000000110101111
000000111000010
000000111100011
000001000000110
000001000111001
000001001110010
000001010101100
000001011101100
000001101001111
000001110111111
000010000101100
000010010100101
000010101011111
000011000110111
000011100010011
000100000001110
000100110001100
000101101010000
000110100000111
000111100000000
001000111101101
001010101101101
001100100111001
001110110110010
010010011011001
010110110111000
011011110110100
100001111011110
000000100110111
000000110001101
000000110011110
000000110101111
000000111000000
000000111010011
000000111110100
000001000010111
000001001001010
000001010000100
000001010111101
000001011111101
000001101100000
000001111010000
000010000111101
000010010110110
000010101110000
000011001001000
000011100100100
000100000011111
000100110011101
000101101011111
000110100010110
000111100001111
001000111111101
001010101111100
001100101000111
001110110111111
010010011100100
010110111000001
011011110111010
100001111100000
000000101001001
000000110011111
000000110101111
000000111000000
000000111010010
000000111100100
000001000000101
000001000101001
000001001011100
000001010010101
000001011010000
000001100001110
000001101110010
000001111100010
000010001001110
000010011000111
000010110000001
000011001011001
000011100110101
000100000101111
000100110101101
000101101101111
000110100100110
000111100011111
001001000001100
001010110001010
001100101010110
001110111001100
010010011110000
010110111001010
011011111000000
100001111100010
000000101011100
000000110110010
000000111000010
000000111010011
000000111100100
000000111110110
000001000010111
000001000111011
000001001101110
000001010100111
000001011100010
000001100100001
000001110000100
000001111110011
000010001100000
000010011011000
000010110010011
000011001101010
000011101000110
000100001000000
000100110111101
000101101111111
000110100110101
000111100101110
001001000011011
001010110011010
001100101100100
001110111011001
010010011111100
010110111010011
011011111000111
100001111100100
000000101111100
000000111010010
000000111100011
000000111110100
000001000000101
000001000010111
000001000111001
000001001011101
000001010010000
000001011001000
000001100000011
000001101000011
000001110100110
000010000010101
000010010000010
000010011111011
000010110110101
000011010001011
000011101100111
000100001100000
000100111011100
000101110011101
000110101010100
000111101001011
001001000111001
001010110110110
001100101111111
001110111110010
010010100010011
010110111100110
011011111010100
100001111101001
000000110100000
000000111110101
000001000000110
000001000010111
000001000101001
000001000111011
000001001011101
000001010000010
000001010110011
000001011101001
000001100100110
000001101100111
000001111001001
000010000110111
000010010100101
000010100011110
000010111011000
000011010101101
000011110001000
000100001111111
000100111111100
000101110111100
000110101110010
000111101101001
001001001010111
001010111010011
001100110011011
001111000001011
010010100101010
010110111111001
011011111100010
100001111101110
000000111010010
000001000101001
000001000111010
000001001001011
000001001011100
000001001101110
000001010010000
000001010110011
000001011100111
000001100011111
000001101011011
000001110011011
000001111111110
000010001101101
000010011011010
000010101010011
000011000001101
000011011100001
000011110111101
000100010110100
000101000110000
000101111101101
000110110100011
000111110010111
001001010000100
001010111111101
001100111000101
001111000110011
010010101001101
010111000010011
011011111110100
100001111110101
000001000001010
000001001100001
000001001110010
000001010000100
000001010010101
000001010100111
000001011001000
000001011101001
000001100011111
000001101011000
000001110010011
000001111010010
000010000110110
000010010100101
000010100010010
000010110001010
000011001000100
000011100010110
000011111110010
000100011101001
000101001100100
000110000011111
000110111010011
000111111000110
001001010110001
001011000100111
001100111101111
001111001011011
010010101110001
010111000101101
011100000000111
100001111111011
000001001000101
000001010011011
000001010101100
000001010111101
000001011001111
000001011100010
000001100000011
000001100100110
000001101011011
000001110010011
000001111001110
000010000001101
000010001110010
000010011100000
000010101001101
000010111000100
000011001111111
000011101010001
000100000101101
000100100100100
000101010011111
000110001011000
000111000001001
000111111110111
001001011100100
001011001011010
001101000100000
001111010001001
010010110011010
010111001001110
011100000011110
100010000000011
000001010000111
000001011011011
000001011101100
000001011111101
000001100001110
000001100100001
000001101000011
000001101100111
000001110011011
000001111010010
000010000001101
000010001001011
000010010110000
000010100011110
000010110001010
000011000000000
000011010111011
000011110001110
000100001101010
000100101011111
000101011011010
000110010010001
000111001000000
001000000101001
001001100010111
001011010001110
001101001010010
001111010110110
010010111000011
010111001101111
011100000110110
100010000001100
000001011101000
000001100111110
000001101001111
000001101100000
000001101110010
000001110000100
000001110100110
000001111001001
000001111111110
000010000110110
000010001110010
000010010110000
000010100010011
000010101111111
000010111101100
000011001100001
000011100011101
000011111101101
000100011001010
000100110111110
000101100111001
000110011101100
000111010010001
001000001101011
001001101100001
001011011100000
001101010100010
001111100000011
010011000001001
010111010101000
011100001100000
100010000011110
000001101011001
000001110101110
000001110111111
000001111010000
000001111100010
000001111110011
000010000010101
000010000110111
000010001101101
000010010100101
000010011100000
000010100011110
000010101111111
000010111100111
000011001010100
000011011001000
000011110000011
000100001010001
000100100101101
000101000100001
000101110011010
000110101001010
000111011100100
001000010101111
001001110101100
001011100110011
001101011110100
001111101010000
010011001010000
010111011100001
011100010001010
100010000110000
000001111000110
000010000011011
000010000101100
000010000111101
000010001001110
000010001100000
000010010000010
000010010100101
000010011011010
000010100010010
000010101001101
000010110001010
000010111101100
000011001010100
000011011000010
000011100111000
000011111110010
000100010111111
000100110011010
000101010001010
000110000000100
000110110110100
000111101001011
001000100010010
001010000010001
001011110010111
001101101010011
001111110100111
010011010100011
010111100101000
011100010111111
100010001001011
000010001000000
000010010010100
000010010100101
000010010110110
000010011000111
000010011011000
000010011111011
000010100011110
000010101010011
000010110001010
000010111000100
000011000000000
000011001100001
000011011001000
000011100111000
000011110101110
000100001101000
000100100110011
000101000001011
000101011110111
000110001110011
000111000100001
000111110110110
001000101111000
001010001111000
001011111111100
001101110110100
001111111111111
010011011110110
010111101101111
011100011110110
100010001100101
000010011111011
000010101001111
000010101011111
000010101110000
000010110000010
000010110010011
000010110110101
000010111011000
000011000001101
000011001000100
000011001111111
000011010111011
000011100011100
000011110000011
000011111110010
000100001101000
000100100100011
000100111101111
000101011000111
000101110110011
000110100101011
000111011010100
001000001100111
001001000100110
001010100100110
001100010100100
001110001011001
010000010011100
010011110001000
010111111101101
011100101011010
100010010100001
000010111010100
000011000100110
000011000110111
000011001001000
000011001011001
000011001101010
000011010001011
000011010101101
000011011100001
000011100010110
000011101010001
000011110001110
000011111101101
000100001010001
000100010111111
000100100110011
000100111101111
000101010111001
000101110010001
000110001111011
000110111101111
000111110001110
001000100100000
001001011011011
001010111011001
001100101010010
001110100000010
010000100111011
010100000011101
011000001101101
011100110111111
100010011011100
000011010110000
000011100000011
000011100010011
000011100100100
000011100110101
000011101000110
000011101100111
000011110001000
000011110111101
000011111110010
000100000101101
000100001101010
000100011001010
000100100101101
000100110011010
000101000001011
000101011000111
000101110010001
000110001101010
000110101010010
000111010111010
001000001000111
001000111100101
001001110101011
001011010100111
001101000010111
001110110111001
010000111011011
010100010111111
011000100001010
011101001000010
100010100110110
000011110101101
000011111111110
000100000001110
000100000011111
000100000101111
000100001000000
000100001100000
000100001111111
000100010110100
000100011101001
000100100100100
000100101011111
000100110111110
000101000100001
000101010001010
000101011110111
000101110110011
000110001111011
000110101010010
000111000111000
000111110010000
001000100001001
001001010110010
001010010000100
001011101111101
001101011100011
001111001110100
010001001111101
010100101100011
011000110101010
011101011000111
100010110010000
000100100101001
000100101111100
000100110001011
000100110011100
000100110101101
000100110111101
000100111011100
000100111111100
000101000110000
000101001100100
000101010011111
000101011011010
000101100111001
000101110011010
000110000000100
000110001110011
000110100101011
000110111101111
000111010111001
000111110010000
001000011101110
001001001101011
001010000010101
001010111100100
001100011011100
001110000111001
001111111000011
010001110111111
010101010011001
011001011000001
011101110111011
100011001001100
000101011101111
000101101000001
000101101010000
000101101011111
000101101101111
000101101111111
000101110011101
000101110111100
000101111101101
000110000011111
000110001011000
000110010010001
000110011101100
000110101001010
000110110110100
000111000100001
000111011010100
000111110001110
001000001000111
001000100001001
001001001101011
001001111101011
001010110010010
001011101011101
001101001001111
001110110100000
010000100100001
010010100001101
010101111010111
011001111011111
011110010110100
100011100001010
000110010100111
000110011111000
000110100000111
000110100010110
000110100100110
000110100110101
000110101010100
000110101110010
000110110100011
000110111010011
000111000001001
000111001000000
000111010010001
000111011100100
000111101001100
000111110110110
001000001100111
001000100100000
001000111100101
001001010110010
001010000010101
001010110010010
001011100111010
001100100000010
001101111110000
001111100110110
010001010110100
010011010010110
010110101001111
011010100110100
011110111100111
100100000000111
000111010100100
000111011110001
000111100000000
000111100001111
000111100011111
000111100101110
000111101001011
000111101101001
000111110010111
000111111000110
000111111110111
001000000101001
001000001101011
001000010101111
001000100010010
001000101111000
001001000100110
001001011011011
001001110101011
001010010000100
001010111100100
001011101011101
001100100000010
001101011000101
001110110101011
010000011100001
010010001011001
010100000110000
010111011010100
011011010010001
011111100100001
100100100001000
001000110010011
001000111011110
001000111101101
001000111111101
001001000001100
001001000011011
001001000111001
001001001010111
001001010000100
001001010110001
001001011100100
001001100010111
001001101100001
001001110101100
001010000010001
001010001111000
001010100100110
001010111011001
001011010100111
001011101111101
001100011011011
001101001001111
001101111110000
001110110101011
010000010000111
010001110101001
010011100101001
010101100000010
011000110011111
011100101000000
100000110101000
100101101001110
001010100011000
001010101011110
001010101101101
001010101111100
001010110001010
001010110011010
001010110110110
001010111010011
001010111111101
001011000100111
001011001011010
001011010001110
001011011100000
001011100110011
001011110010111
001011111111100
001100010100100
001100101010010
001101000010111
001101011100011
001110000111001
001110110100000
001111100110110
010000011100001
010001110101001
010011010101100
010101000110001
010111000001000
011010010010101
011110000010000
100010001001010
100110110100101
001100011100111
001100100101011
001100100111001
001100101000111
001100101010110
001100101100100
001100110000000
001100110011011
001100111000101
001100111101111
001101000100000
001101001010010
001101010100010
001101011110100
001101101010011
001101110110100
001110001011001
001110100000010
001110110111001
001111001110100
001111111000011
010000100100001
010001010110100
010010001011001
010011100101001
010101000110001
010110110101010
011000101101100
011100000000011
011111101111100
100011110010000
101000010101011
001110101100110
001110110100110
001110110110010
001110110111111
001110111001100
001110111011001
001110111110010
001111000001011
001111000110011
001111001011011
001111010001001
001111010110110
001111100000011
001111101010000
001111110100111
001111111111111
010000010011100
010000100111011
010000111011011
010001001111101
010001110111111
010010100001101
010011010010110
010100000110000
010101100000010
010111000001000
011000101101100
011010100010001
011101110101100
100001100011010
100101011111110
101001111001111
010010010010100
010010011001101
010010011011001
010010011100100
010010011110000
010010011111100
010010100010011
010010100101010
010010101001101
010010101110001
010010110011010
010010111000011
010011000001010
010011001010000
010011010100011
010011011110110
010011110001001
010100000011101
010100010111111
010100101100011
010101010011001
010101111010111
010110101001111
010111011010100
011000110011111
011010010010101
011100000000011
011101110101100
100001000001101
100100100011110
101000011000110
101100100111100
010110110000011
010110110101111
010110110111000
010110111000001
010110111001010
010110111010011
010110111100110
010110111111001
010111000010011
010111000101101
010111001001110
010111001101111
010111010101000
010111011100001
010111100101000
010111101101111
010111111101101
011000001101101
011000100001010
011000110101010
011001011000001
011001111011111
011010100110100
011011010010001
011100101000000
011110000010000
011111101111100
100001100011010
100100100011110
100111110101100
101011100000001
101111100000011
011011110010000
011011110101110
011011110110100
011011110111010
011011111000001
011011111000111
011011111010101
011011111100010
011011111110100
011100000000111
011100000011110
011100000110110
011100001100000
011100010001010
011100010111111
011100011110110
011100101011010
011100110111111
011101001000010
011101011000111
011101110111011
011110010110100
011110111100111
011111100100001
100000110101000
100010001001010
100011110010000
100101011111110
101000011000110
101011100000001
101111000010000
110010110110010
100001111010100
100001111011101
100001111011110
100001111100000
100001111100010
100001111100100
100001111101001
100001111101110
100001111110101
100001111111011
100010000000011
100010000001100
100010000011110
100010000110000
100010001001011
100010001100101
100010010100001
100010011011100
100010100110110
100010110010000
100011001001100
100011100001010
100100000000111
100100100001000
100101101001110
100110110100101
101000010101011
101001111001111
101100100111100
101111100000011
110010110110010
110110011011001
000000011110001
000000101001001
000000101011001
000000101101001
000000101111011
000000110001101
000000110101110
000000111010010
000001000000110
000001000111111
000001001111010
000001010111011
000001100011110
000001110001111
000001111111011
000010001110110
000010100110000
000011000001000
000011011100100
000011111100000
000100101011101
000101100100001
000110011011001
000111011010110
001000111000100
001010101000110
001100100010100
001110110001111
010010010111010
010110110100000
011011110100100
100001111011011
000000101001001
000000110011111
000000110101111
000000111000000
000000111010010
000000111100101
000001000000110
000001000101001
000001001011100
000001010010101
000001011010000
000001100010000
000001101110100
000001111100011
000010001010000
000010011001011
000010110000101
000011001011100
000011100111000
000100000110001
000100110101110
000101101110000
000110100100111
000111100100000
001001000001110
001010110001100
001100101011000
001110111001110
010010011110001
010110111001011
011011111000010
100001111100100
000000101011001
000000110101111
000000110111111
000000111010001
000000111100010
000000111110101
000001000010110
000001000111010
000001001101101
000001010100110
000001011100001
000001100100001
000001110000101
000001111110100
000010001100010
000010011011011
000010110010110
000011001101100
000011101001000
000100001000001
000100110111110
000101110000000
000110100110110
000111100101111
001001000011101
001010110011011
001100101100101
001110111011010
010010011111101
010110111010100
011011111001000
100001111100110
000000101101001
000000111000000
000000111010001
000000111100010
000000111110100
000001000000110
000001000100111
000001001001011
000001001111111
000001010110111
000001011110011
000001100110010
000001110010110
000010000000110
000010001110011
000010011101100
000010110100111
000011001111101
000011101011000
000100001010001
000100111001110
000101110001111
000110101000110
000111100111110
001001000101100
001010110101001
001100101110011
001110111100111
010010100001000
010110111011101
011011111001110
100001111100111
000000101111011
000000111010010
000000111100011
000000111110100
000001000000101
000001000010111
000001000111001
000001001011100
000001010010000
000001011001010
000001100000100
000001101000100
000001110100111
000010000010111
000010010000101
000010011111110
000010110111000
000011010001110
000011101101010
000100001100010
000100111011111
000101110011111
000110101010110
000111101001101
001001000111011
001010110110111
001100110000000
001110111110100
010010100010100
010110111100110
011011111010100
100001111101001
000000110001101
000000111100101
000000111110101
000001000000110
000001000010111
000001000101010
000001001001011
000001001101110
000001010100011
000001011011100
000001100010111
000001101010110
000001110111010
000010000101001
000010010010110
000010100001111
000010111001001
000011010011110
000011101111011
000100001110011
000100111110000
000101110101110
000110101100101
000111101011100
001001001001010
001010111000101
001100110001110
001111000000000
010010100011111
010110111101111
011011111011011
100001111101011
000000110101110
000001000000110
000001000010110
000001000100111
000001000111001
000001001001011
000001001101100
000001010010000
000001011000100
000001011111101
000001100111000
000001101111000
000001111011011
000010001001010
000010010111000
000010100110001
000010111101011
000011010111111
000011110011011
000100010010011
000101000001111
000101111001110
000110110000100
000111101111010
001001001100111
001010111100001
001100110101010
001111000011001
010010100110110
010111000000001
011011111100111
100001111110000
000000111010010
000001000101001
000001000111010
000001001001011
000001001011100
000001001101110
000001010010000
000001010110011
000001011100111
000001100011111
000001101011011
000001110011011
000001111111110
000010001101101
000010011011010
000010101010011
000011000001101
000011011100001
000011110111101
000100010110100
000101000110000
000101111101101
000110110100011
000111110010111
001001010000100
001010111111101
001100111000101
001111000110011
010010101001101
010111000010011
011011111110100
100001111110101
000001000000110
000001001011100
000001001101101
000001001111111
000001010010001
000001010100011
000001011000100
000001011100111
000001100011100
000001101010100
000001110010000
000001111010000
000010000110011
000010010100010
000010100001111
000010110001000
000011001000010
000011100010100
000011111110001
000100011100111
000101001100011
000110000011110
000110111010010
000111111000100
001001010110001
001011000101000
001100111101111
001111001011011
010010101110001
010111000101110
011100000000111
100001111111011
000001000111111
000001010010101
000001010100110
000001010110111
000001011001010
000001011011100
000001011111101
000001100011111
000001101010100
000001110001100
000001111001000
000010000001000
000010001101011
000010011011001
000010101000111
000010110111111
000011001111000
000011101001010
000100000100110
000100100011100
000101010010111
000110001010000
000111000000011
000111111110010
001001011011110
001011001010100
001101000011010
001111010000011
010010110010101
010111001001010
011100000011011
100010000000010
000001001111010
000001011010000
000001011100001
000001011110010
000001100000100
000001100010111
000001100111000
000001101011011
000001110010000
000001111001000
000010000000011
000010001000010
000010010100111
000010100010100
000010110000001
000010111111000
000011010110011
000011110000101
000100001100001
000100101010111
000101011010001
000110010001000
000111000110110
001000000011111
001001100001110
001011010001000
001101001001011
001111010110000
010010110111110
010111001101011
011100000110011
100010000001010
000001010111011
000001100010000
000001100100001
000001100110010
000001101000100
000001101010110
000001101111000
000001110011011
000001111010000
000010000001000
000010001000010
000010010000000
000010011100101
000010101010011
000010110111111
000011000110100
000011011101111
000011111000001
000100010011101
000100110010010
000101100001100
000110011000010
000111001101011
001000001001100
001001100111111
001011010111011
001101001111101
001111011011110
010010111100111
010111010001100
011100001001011
100010000010011
000001100011110
000001101110100
000001110000101
000001110010110
000001110100111
000001110111010
000001111011011
000001111111110
000010000110011
000010001101011
000010010100111
000010011100101
000010101001000
000010110110011
000011000100000
000011010010101
000011101010001
000100000100001
000100011111101
000100111110000
000101101101010
000110100011101
000111010111101
001000010010010
001001110001011
001011100001100
001101011001101
001111100101010
010011000101101
010111011000101
011100001110100
100010000100101
000001110001111
000001111100011
000001111110100
000010000000110
000010000010111
000010000101001
000010001001010
000010001101101
000010010100010
000010011011001
000010100010100
000010101010011
000010110110011
000011000011010
000011010001000
000011011111101
000011110110111
000100010000101
000100101100000
000101001010001
000101111001011
000110101111010
000111100010001
001000011011010
001001111011000
001011101011111
001101100011110
001111101110111
010011001110100
010111011111110
011100010011110
100010000110111
000001111111011
000010001010000
000010001100010
000010001110011
000010010000101
000010010010110
000010010111000
000010011011010
000010100010000
000010101000111
000010110000001
000010110111111
000011000100000
000011010001000
000011011110110
000011101101100
000100000100110
000100011110010
000100111001100
000101010111011
000110000110110
000110111100101
000111101111010
001000100111111
001010000111101
001011111000010
001101101111101
001111111001110
010011011000101
010111101000100
011100011010011
100010001010001
000010001110110
000010011001011
000010011011011
000010011101100
000010011111110
000010100001111
000010100110001
000010101010011
000010110001000
000010110111111
000010111111000
000011000110100
000011010010101
000011011111101
000011101101100
000011111100001
000100010011010
000100101100101
000101000111101
000101100101010
000110010100100
000111001010010
000111111100110
001000110100110
001010010100101
001100000100110
001101111011101
010000000100101
010011100010111
010111110001010
011100100001000
100010001101011
000010100110000
000010110000101
000010110010110
000010110100111
000010110111000
000010111001001
000010111101011
000011000001101
000011001000010
000011001111000
000011010110011
000011011101111
000011101010000
000011110110111
000100000100101
000100010011010
000100101010101
000101000100000
000101011111001
000101111100101
000110101011101
000111100000011
001000010010110
001001001010100
001010101010011
001100011001110
001110010000000
010000011000000
010011110101001
011000000000111
011100101101100
100010010100111
000011000001000
000011001011100
000011001101100
000011001111101
000011010001110
000011010011110
000011010111111
000011011100001
000011100010100
000011101001010
000011110000101
000011111000001
000100000100001
000100010000101
000100011110010
000100101100101
000101000100000
000101011101010
000101111000011
000110010101100
000111000011111
000111110111110
001000101001111
001001100001000
001011000000110
001100101111010
001110100101000
010000101011110
010100000111101
011000010000110
011100111010001
100010011100011
000011011100100
000011100111000
000011101001000
000011101011000
000011101101010
000011101111011
000011110011011
000011110111101
000011111110001
000100000100110
000100001100001
000100010011101
000100011111101
000100101100000
000100111001100
000101000111101
000101011111001
000101111000011
000110010011011
000110110000011
000111011101010
001000001110101
001001000010010
001001111011000
001011011010011
001101001000000
001110111011111
010000111111101
010100011011110
011000100100011
011101001010011
100010100111100
000011111100000
000100000110001
000100001000001
000100001010001
000100001100010
000100001110011
000100010010011
000100010110100
000100011100111
000100100011100
000100101010111
000100110010010
000100111110000
000101001010001
000101010111011
000101100101010
000101111100101
000110010101100
000110110000011
000111001101000
000111110111111
001000100110101
001001011011110
001010010110000
001011110100111
001101100001100
001111010011010
010001010011111
010100110000001
011000111000001
011101011010111
100010110010110
000100101011101
000100110101110
000100110111110
000100111001110
000100111011111
000100111110000
000101000001111
000101000110000
000101001100011
000101010010111
000101011010010
000101100001100
000101101101011
000101111001011
000110000110110
000110010100100
000110101011101
000111000011111
000111011101001
000111110111111
001000100011100
001001010011000
001010001000001
001011000010000
001100100000110
001110001100000
001111111101000
010001111100001
010101010110101
011001011010110
011101111001001
100011001010000
000101100100001
000101101110000
000101110000000
000101110001111
000101110011111
000101110101110
000101111001110
000101111101101
000110000011110
000110001010000
000110010001000
000110011000010
000110100011101
000110101111010
000110111100101
000111001010010
000111100000011
000111110111110
001000001110101
001000100110101
001001010011000
001010000011000
001010110111111
001011110001001
001101001111000
001110111000101
010000101000100
010010100101110
010101111110010
011001111110001
011110010111111
100011100001101
000110011011001
000110100100111
000110100110110
000110101000110
000110101010110
000110101100101
000110110000100
000110110100011
000110111010010
000111000000011
000111000110111
000111001101011
000111010111101
000111100010001
000111101111011
000111111100110
001000010010110
001000101001111
001001000010010
001001011011110
001010001000001
001010110111111
001011101100101
001100100101100
001110000011000
001111101011001
010001011010101
010011010110110
010110101101001
011010101000101
011110111110011
100100000001010
000111011010110
000111100100000
000111100101111
000111100111110
000111101001101
000111101011100
000111101111010
000111110010111
000111111000100
000111111110010
001000000011111
001000001001100
001000010010010
001000011011010
001000100111111
001000110100110
001001001010100
001001100001000
001001111011000
001010010110000
001011000010000
001011110001001
001100100101100
001101011101110
001110111010001
010000100000011
010010001111010
010100001001110
010111011101101
011011010100011
011111100101100
100100100001010
001000111000100
001001000001110
001001000011100
001001000101011
001001000111011
001001001001010
001001001100111
001001010000100
001001010110001
001001011011110
001001100001110
001001100111111
001001110001011
001001111011000
001010000111110
001010010100101
001010101010011
001011000000110
001011011010011
001011110100111
001100100000101
001101001111000
001110000010111
001110111010001
010000010101010
010001111001001
010011101001000
010101100011110
011000110110101
011100101001111
100000110110010
100101101010000
001010101000110
001010110001100
001010110011011
001010110101001
001010110110111
001010111000101
001010111100001
001010111111101
001011000101000
001011001010100
001011010001000
001011010111011
001011100001100
001011101011111
001011111000010
001100000100110
001100011001110
001100101111010
001101001000000
001101100001100
001110001100000
001110111000101
001111101011001
010000100000011
010001111001001
010011011001011
010101001001101
010111000100000
011010010101000
011110000011100
100010001010010
100110110100111
001100100010100
001100101011000
001100101100101
001100101110011
001100110000000
001100110001110
001100110101010
001100111000101
001100111101111
001101000011010
001101001001011
001101001111101
001101011001101
001101100011110
001101101111101
001101111011101
001110010000001
001110100101000
001110111011111
001111010011010
001111111101000
010000101000100
010001011010101
010010001111010
010011101001000
010101001001101
010110111000011
011000110000001
011100000010011
011111110000101
100011110010110
101000010101100
001110110001111
001110111001110
001110111011010
001110111100111
001110111110100
001111000000000
001111000011001
001111000110011
001111001011011
001111010000011
001111010110000
001111011011110
001111100101010
001111101110111
001111111001110
010000000100101
010000011000000
010000101011110
010000111111101
010001010011111
010001111100001
010010100101110
010011010110110
010100001001110
010101100011110
010111000100000
011000110000001
011010100100010
011101110111000
100001100100000
100101100000001
101001111001111
010010010111010
010010011110001
010010011111101
010010100001000
010010100010100
010010100011111
010010100110110
010010101001101
010010101110001
010010110010101
010010110111110
010010111100111
010011000101101
010011001110100
010011011000101
010011100010111
010011110101001
010100000111101
010100011011110
010100110000001
010101010110101
010101111110010
010110101101001
010111011101101
011000110110110
011010010101000
011100000010011
011101110111000
100001000010110
100100100100001
101000011001000
101100100111100
010110110100000
010110111001011
010110111010100
010110111011101
010110111100110
010110111101111
010111000000001
010111000010011
010111000101110
010111001001010
010111001101011
010111010001100
010111011000101
010111011111110
010111101000100
010111110001010
011000000000111
011000010000110
011000100100011
011000111000001
011001011010110
011001111110001
011010101000101
011011010100011
011100101001111
011110000011100
011111110000101
100001100100000
100100100100001
100111110101100
101011100000010
101111100000011
011011110100100
011011111000010
011011111001000
011011111001110
011011111010101
011011111011011
011011111101000
011011111110100
011100000000111
011100000011011
011100000110011
011100001001011
011100001110100
011100010011110
011100011010011
011100100001000
011100101101100
011100111010001
011101001010100
011101011010111
011101111001001
011110010111111
011110111110011
011111100101100
100000110110010
100010001010010
100011110010110
100101100000001
101000011001000
101011100000010
101111000010000
110010110110010
100001111011011
100001111100100
100001111100110
100001111100111
100001111101001
100001111101011
100001111110000
100001111110101
100001111111011
100010000000010
100010000001010
100010000010011
100010000100101
100010000110111
100010001010001
100010001101011
100010010100111
100010011100011
100010100111100
100010110010110
100011001010000
100011100001101
100100000001010
100100100001010
100101101010000
100110110100111
101000010101100
101001111001111
101100100111100
101111100000011
110010110110010
110110011011001
000000100101100
000000110000011
000000110010011
000000110100011
000000110110100
000000111000110
000000111100111
000001000001010
000001000111111
000001001111010
000001010110100
000001011110011
000001101010111
000001111001000
000010000110101
000010010101110
000010101100111
000011000111110
000011100011010
000100000010101
000100110010010
000101101010100
000110100001101
000111100001000
001000111110101
001010101110100
001100101000000
001110110111001
010010011011111
010110110111110
011011110111001
100001111100011
000000110000011
000000111011001
000000111101001
000000111111010
000001000001011
000001000011101
000001000111111
000001001100001
000001010010101
000001011001110
000001100001001
000001101001010
000001110101100
000010000011011
000010010001001
000010100000011
000010110111101
000011010010011
000011101101110
000100001100110
000100111100010
000101110100000
000110101011000
000111101010000
001001000111110
001010110111011
001100110000100
001110111110111
010010100010110
010110111100111
011011111010110
100001111101100
000000110010011
000000111101001
000000111111001
000001000001010
000001000011011
000001000101110
000001001001111
000001001110010
000001010100110
000001011011111
000001100011011
000001101011010
000001110111110
000010000101100
000010010011010
000010100010100
000010111001110
000011010100011
000011101111110
000100001110110
000100111110010
000101110110000
000110101100111
000111101011111
001001001001101
001010111001000
001100110010001
001111000000011
010010100100001
010110111101111
011011111011100
100001111101101
000000110100011
000000111111010
000001000001010
000001000011011
000001000101101
000001000111111
000001001100000
000001010000100
000001010110111
000001011110000
000001100101100
000001101101100
000001111001111
000010000111101
000010010101100
000010100100101
000010111011111
000011010110011
000011110001111
000100010000110
000101000000010
000101111000000
000110101110111
000111101101110
001001001011011
001010111010110
001100110011111
001111000001111
010010100101100
010110111111001
011011111100010
100001111101111
000000110110100
000001000001011
000001000011100
000001000101101
000001000111110
000001001010000
000001001110010
000001010010101
000001011001010
000001100000010
000001100111101
000001101111101
000001111100001
000010001001111
000010010111110
000010100110111
000010111110000
000011011000100
000011110011111
000100010010110
000101000010010
000101111001111
000110110000110
000111101111101
001001001101010
001010111100011
001100110101100
001111000011011
010010100110111
010111000000010
011011111101000
100001111110000
000000111000110
000001000011101
000001000101110
000001000111111
000001001010000
000001001100010
000001010000100
000001010100111
000001011011100
000001100010100
000001101001111
000001110001111
000001111110011
000010001100010
000010011010000
000010101001001
000011000000010
000011011010101
000011110110000
000100010100111
000101000100010
000101111011111
000110110010110
000111110001100
001001001111000
001010111110010
001100110111001
001111000100111
010010101000010
010111000001011
011011111101110
100001111110010
000000111100111
000001000111111
000001001001111
000001001100000
000001001110001
000001010000100
000001010100101
000001011001000
000001011111101
000001100110110
000001101110001
000001110110000
000010000010100
000010010000011
000010011110001
000010101101001
000011000100010
000011011110101
000011111010001
000100011001000
000101001000011
000101111111111
000110110110101
000111110101001
001001010010101
001011000001100
001100111010100
001111001000001
010010101011010
010111000011100
011011111111010
100001111110110
000001000001010
000001001100001
000001001110010
000001010000100
000001010010101
000001010100111
000001011001000
000001011101001
000001100011111
000001101011000
000001110010011
000001111010010
000010000110110
000010010100101
000010100010010
000010110001010
000011001000100
000011100010110
000011111110010
000100011101001
000101001100100
000110000011111
000110111010011
000111111000110
001001010110001
001011000100111
001100111101111
001111001011011
010010101110001
010111000101101
011100000000111
100001111111011
000001000111111
000001010010101
000001010100110
000001010110111
000001011001010
000001011011100
000001011111101
000001100011111
000001101010100
000001110001100
000001111001000
000010000001000
000010001101011
000010011011001
000010101000111
000010110111111
000011001111000
000011101001010
000100000100110
000100100011100
000101010010111
000110001010000
000111000000011
000111111110010
001001011011110
001011001010100
001101000011010
001111010000011
010010110010101
010111001001010
011100000011011
100010000000010
000001001111010
000001011001110
000001011011111
000001011110000
000001100000010
000001100010100
000001100110110
000001101011000
000001110001100
000001111000100
000001111111111
000010000111111
000010010100011
000010100001111
000010101111101
000010111110101
000011010101111
000011110000000
000100001011100
000100101010000
000101011001010
000110010000010
000111000110011
001000000011110
001001100001011
001011010000000
001101001000101
001111010101100
010010110111010
010111001100111
011100000110000
100010000001000
000001010110100
000001100001001
000001100011010
000001100101011
000001100111101
000001101001111
000001101110001
000001110010011
000001111001000
000001111111111
000010000111011
000010001111001
000010011011110
000010101001011
000010110111000
000011000101110
000011011101001
000011110111010
000100010010110
000100110001010
000101100000100
000110010111010
000111001100100
001000001000110
001001100111001
001011010110101
001101001110111
001111011011001
010010111100011
010111010001000
011100001000111
100010000010001
000001011110011
000001101001010
000001101011010
000001101101100
000001101111101
000001110001111
000001110110000
000001111010010
000010000001000
000010000111111
000010001111001
000010010110111
000010100011100
000010110001001
000010111110101
000011001101001
000011100100101
000011111110110
000100011010010
000100111000110
000101101000000
000110011110010
000111010010110
001000001101111
001001101100111
001011011101001
001101010101001
001111100000110
010011000001100
010111010101010
011100001011111
100010000011010
000001101010111
000001110101100
000001110111110
000001111001111
000001111100001
000001111110011
000010000010100
000010000110110
000010001101011
000010010100011
000010011011101
000010100011100
000010101111111
000010111101001
000011001010110
000011011001100
000011110000110
000100001010110
000100100110001
000101000100011
000101110011100
000110101001110
000111011101010
001000010111010
001001110110101
001011100111010
001101011111000
001111101010010
010011001010010
010111011100010
011100010001001
100010000101100
000001111001000
000010000011011
000010000101100
000010000111101
000010001001111
000010001100010
000010010000011
000010010100101
000010011011001
000010100001111
000010101001011
000010110001001
000010111101001
000011001010000
000011010111110
000011100110011
000011111101101
000100010111010
000100110010100
000101010000011
000101111111100
000110110101011
000111101000000
001000100000101
001010000000100
001011110001011
001101101001001
001111110011110
010011010011000
010111100011010
011100010110010
100010000111110
000010000110101
000010010001001
000010010011010
000010010101100
000010010111110
000010011010000
000010011110001
000010100010010
000010101000111
000010101111101
000010110111000
000010111110101
000011001010110
000011010111110
000011100101100
000011110100000
000100001011010
000100100100110
000100111111111
000101011101101
000110001101000
000111000010101
000111110101010
001000101101100
001010001101010
001011111101101
001101110100110
001111111110100
010011011101000
010111101011111
011100011100111
100010001011000
000010010101110
000010100000011
000010100010100
000010100100101
000010100110111
000010101001001
000010101101001
000010110001010
000010110111111
000010111110101
000011000101110
000011001101001
000011011001100
000011100110011
000011110100000
000100000010100
000100011001101
000100110010111
000101001110000
000101101011100
000110011010111
000111010000100
001000000010110
001000111010100
001010011010010
001100001010000
001110000000101
010000001001011
010011100111010
010111110100101
011100100011011
100010001110010
000010101100111
000010110111101
000010111001110
000010111011111
000010111110001
000011000000010
000011000100010
000011001000100
000011001111001
000011010101111
000011011101001
000011100100101
000011110000111
000011111101101
000100001011010
000100011001101
000100110001000
000101001010010
000101100101100
000110000011000
000110110001111
000111100110100
001000011000110
001001010000010
001010101111111
001100011111000
001110010101000
010000011100100
010011111001010
011000000100010
011100101111111
100010010101101
000011000111110
000011010010011
000011010100011
000011010110011
000011011000100
000011011010101
000011011110101
000011100010110
000011101001010
000011110000000
000011110111010
000011111110110
000100001010110
000100010111010
000100100100110
000100110010111
000101001010010
000101100011100
000101111110101
000110011011110
000111001010001
000111111101101
001000101111110
001001100110111
001011000110010
001100110100100
001110101001111
010000110000000
010100001011100
011000010100000
011100111100011
100010011101001
000011100011010
000011101101110
000011101111110
000011110001111
000011110011111
000011110110000
000011111010001
000011111110010
000100000100110
000100001011100
000100010010110
000100011010010
000100100110001
000100110010100
000100111111111
000101001110000
000101100101100
000101111110101
000110011001101
000110110110100
000111100011010
001000010100011
001001001000001
001010000000101
001011011111111
001101001101001
001111000000101
010001000011111
010100011111101
011000100111100
011101001100101
100010101000010
000100000010101
000100001100110
000100001110110
000100010000110
000100010010110
000100010100111
000100011001000
000100011101001
000100100011100
000100101010000
000100110001010
000100111000110
000101000100011
000101010000011
000101011101101
000101101011100
000110000011000
000110011011110
000110110110100
000111010011000
000111111101110
001000101100010
001001100001011
001010011011100
001011111010011
001101100110101
001111011000000
010001011000001
010100110011111
011000111011001
011101011100111
100010110011011
000100110010010
000100111100010
000100111110010
000101000000010
000101000010010
000101000100010
000101001000011
000101001100100
000101010010111
000101011001010
000101100000101
000101101000000
000101110011101
000101111111100
000110001101000
000110011010111
000110110001111
000111001010001
000111100011001
000111111101110
001000101001011
001001011000101
001010001101110
001011000111101
001100100110000
001110010000111
010000000001101
010010000000010
010101011010010
011001011101100
011101111011000
100011001010101
000101101010100
000101110100000
000101110110000
000101111000000
000101111001111
000101111011111
000101111111111
000110000011111
000110001010000
000110010000010
000110010111010
000110011110010
000110101001110
000110110101011
000111000010101
000111010000100
000111100110100
000111111101101
001000010100011
001000101100010
001001011000101
001010001000101
001010111101100
001011110110100
001101010100001
001110111101001
010000101101000
010010101001111
010110000001101
011010000000011
011110011001100
100011100010000
000110100001101
000110101011000
000110101100111
000110101110111
000110110000110
000110110010110
000110110110101
000110111010011
000111000000011
000111000110011
000111001100100
000111010010110
000111011101011
000111101000000
000111110101010
001000000010110
001000011000110
001000101111110
001001001000000
001001100001011
001010001101110
001010111101100
001011110010001
001100101010111
001110000111111
001111101111100
010001011111000
010011011010110
010110110000100
011010101010111
011110111111111
100100000001101
000111100001000
000111101010000
000111101011111
000111101101110
000111101111101
000111110001100
000111110101001
000111111000110
000111111110010
001000000011110
001000001000110
001000001101111
001000010111010
001000100000101
001000101101100
001000111010100
001001010000010
001001100110111
001010000000101
001010011011100
001011000111101
001011110110100
001100101010111
001101100010111
001110111110111
010000100100100
010010010011010
010100001101101
010111100000111
011011010110101
011111100110111
100100100001101
001000111110101
001001000111110
001001001001100
001001001011011
001001001101001
001001001111000
001001010010101
001001010110001
001001011011110
001001100001011
001001100111001
001001101100111
001001110110101
001010000000100
001010001101011
001010011010010
001010101111111
001011000110010
001011011111111
001011111010011
001100100101111
001101010100001
001110000111111
001110111110111
010000011001110
010001111101010
010011101100110
010101100111010
011000111001100
011100101011110
100000110111100
100101101010011
001010101110100
001010110111011
001010111001000
001010111010110
001010111100011
001010111110010
001011000001100
001011000100111
001011001010100
001011010000000
001011010110101
001011011101001
001011100111010
001011110001011
001011111101101
001100001010000
001100011111000
001100110100100
001101001101001
001101100110101
001110010000111
001110111101001
001111101111100
010000100100100
010001111101010
010011011101010
010101001101001
010111000111001
011010010111011
011110000101000
100010001011010
100110110101010
001100101000000
001100110000100
001100110010001
001100110011111
001100110101100
001100110111001
001100111010100
001100111101111
001101000011010
001101001000101
001101001110111
001101010101001
001101011111000
001101101001001
001101110100110
001110000000101
001110010101000
001110101001111
001111000000101
001111011000000
010000000001101
010000101101000
010001011111000
010010010011010
010011101100110
010101001101001
010110111011100
011000110010110
011100000100100
011111110001111
100011110011100
101000010101110
001110110111001
001110111110111
001111000000011
001111000001111
001111000011011
001111000100111
001111001000001
001111001011011
001111010000011
001111010101100
001111011011001
001111100000110
001111101010010
001111110011110
001111111110100
010000001001011
010000011100100
010000110000000
010001000011111
010001011000001
010010000000010
010010101001111
010011011010110
010100001101101
010101100111010
010111000111001
011000110010110
011010100110011
011101111000101
100001100100110
100101100000101
101001111010000
010010011011111
010010100010110
010010100100001
010010100101100
010010100110111
010010101000010
010010101011010
010010101110001
010010110010101
010010110111010
010010111100010
010011000001100
010011001010010
010011010011000
010011011101000
010011100111010
010011111001010
010100001011100
010100011111101
010100110011111
010101011010010
010110000001101
010110110000100
010111100000111
011000111001100
011010010111011
011100000100100
011101111000101
100001000011111
100100100100101
101000011001011
101100100111101
010110110111110
010110111100111
010110111101111
010110111111001
010111000000010
010111000001011
010111000011100
010111000101101
010111001001010
010111001100111
010111010001000
010111010101010
010111011100010
010111100011010
010111101011111
010111110100101
011000000100010
011000010100000
011000100111100
011000111011001
011001011101100
011010000000011
011010101010111
011011010110101
011100101011110
011110000101000
011111110001111
100001100100110
100100100100101
100111110101101
101011100000010
101111100000100
011011110111001
011011111010110
011011111011100
011011111100010
011011111101000
011011111101110
011011111111011
011100000000111
011100000011011
011100000110000
011100001000111
011100001011111
011100010001001
011100010110010
011100011100110
011100100011011
011100101111111
011100111100011
011101001100101
011101011100111
011101111011000
011110011001100
011110111111111
011111100110111
100000110111100
100010001011010
100011110011100
100101100000101
101000011001010
101011100000010
101111000010001
110010110110010
100001111100011
100001111101100
100001111101101
100001111101111
100001111110000
100001111110010
100001111110110
100001111111011
100010000000010
100010000001000
100010000010001
100010000011010
100010000101100
100010000111110
100010001011000
100010001110010
100010010101101
100010011101001
100010101000010
100010110011011
100011001010101
100011100010000
100100000001101
100100100001101
100101101010011
100110110101010
101000010101110
101001111010000
101100100111101
101111100000100
110010110110010
110110011011001
000000101100100
000000110111011
000000111001011
000000111011100
000000111101110
000001000000000
000001000100001
000001001000101
000001001111010
000001010110100
000001011101111
000001100101111
000001110010011
000010000000011
000010001110001
000010011101010
000010110100100
000011001111001
000011101010101
000100001001111
000100111001011
000101110001011
000110101000010
000111100111011
001001000100111
001010110100101
001100101110000
001110111100110
010010100001000
010110111011110
011011111010000
100001111101011
000000110111011
000001000010001
000001000100010
000001000110011
000001001000101
000001001010111
000001001111000
000001010011011
000001011010000
000001100001001
000001101000101
000001110000100
000001111101000
000010001010111
000010011000100
000010100111101
000010111111000
000011011001101
000011110101000
000100010100000
000101000011100
000101111011001
000110110001110
000111110000011
001001001110000
001010111101011
001100110110100
001111000100100
010010100111111
010111000001000
011011111101101
100001111110011
000000111001011
000001000100010
000001000110011
000001001000100
000001001010101
000001001100111
000001010001001
000001010101100
000001011100001
000001100011010
000001101010110
000001110010101
000001111111001
000010001100111
000010011010101
000010101001110
000011000001001
000011011011101
000011110111001
000100010110000
000101000101100
000101111101000
000110110011110
000111110010001
001001001111110
001010111111001
001100111000001
001111000110000
010010101001010
010111000010001
011011111110011
100001111110101
000000111011100
000001000110011
000001001000100
000001001010101
000001001100110
000001001111000
000001010011010
000001010111101
000001011110011
000001100101011
000001101100111
000001110100110
000010000001011
000010001111001
000010011100111
000010101011111
000011000011010
000011011101110
000011111001010
000100011000001
000101000111100
000101111110111
000110110101101
000111110100000
001001010001110
001011000000111
001100111001111
001111000111101
010010101010110
010111000011001
011011111111001
100001111110110
000000111101110
000001001000101
000001001010101
000001001100110
000001001111000
000001010001010
000001010101100
000001011001111
000001100000100
000001100111101
000001101111001
000001110111000
000010000011100
000010010001010
000010011111001
000010101110001
000011000101011
000011011111111
000011111011011
000100011010001
000101001001100
000110000000111
000110110111100
000111110101110
001001010011100
001011000010101
001100111011100
001111001001001
010010101100001
010111000100010
011011111111111
100001111111000
000001000000000
000001001010111
000001001100111
000001001111000
000001010001010
000001010011100
000001010111101
000001011100010
000001100010111
000001101001111
000001110001011
000001111001010
000010000101110
000010010011100
000010100001010
000010110000010
000011000111101
000011100010000
000011111101011
000100011100001
000101001011101
000110000010111
000110111001100
000111110111110
001001010101011
001011000100100
001100111101011
001111001010110
010010101101100
010111000101011
011100000000101
100001111111010
000001000100001
000001001111000
000001010001001
000001010011010
000001010101011
000001010111101
000001011011111
000001100000011
000001100111000
000001101110001
000001110101100
000001111101011
000010001001111
000010010111110
000010100101011
000010110100011
000011001011101
000011100110000
000100000001100
000100100000010
000101001111110
000110000110111
000110111101011
000111111011010
001001011000111
001011000111111
001101000000101
001111001101111
010010110000011
010111000111100
011100000010001
100001111111110
000001001000101
000001010011011
000001010101100
000001010111101
000001011001111
000001011100010
000001100000011
000001100100110
000001101011011
000001110010011
000001111001110
000010000001101
000010001110010
000010011100000
000010101001101
000010111000100
000011001111111
000011101010001
000100000101101
000100100100100
000101010011111
000110001011000
000111000001001
000111111110111
001001011100100
001011001011010
001101000100000
001111010001001
010010110011010
010111001001110
011100000011110
100010000000011
000001001111010
000001011010000
000001011100001
000001011110010
000001100000100
000001100010111
000001100111000
000001101011011
000001110010000
000001111001000
000010000000011
000010001000010
000010010100111
000010100010100
000010110000001
000010111111000
000011010110011
000011110000101
000100001100001
000100101010110
000101011010001
000110010001000
000111000110111
001000000011111
001001100001110
001011010001000
001101001001011
001111010110000
010010110111110
010111001101011
011100000110011
100010000001010
000001010110100
000001100001001
000001100011010
000001100101011
000001100111101
000001101001111
000001101110001
000001110010011
000001111001000
000001111111111
000010000111011
000010001111001
000010011011110
000010101001011
000010110111000
000011000101110
000011011101001
000011110111010
000100010010110
000100110001010
000101100000100
000110010111010
000111001100100
001000001000110
001001100111001
001011010110101
001101001110111
001111011011001
010010111100011
010111010001000
011100001000111
100010000010001
000001011101111
000001101000101
000001101010101
000001101100111
000001101111001
000001110001011
000001110101100
000001111001110
000010000000011
000010000111011
000010001110110
000010010110100
000010100011001
000010110000101
000010111110011
000011001101000
000011100100100
000011111110100
000100011010000
000100111000100
000101100111101
000110011110001
000111010010101
001000001110000
001001101100111
001011011101000
001101010101000
001111100000101
010011000001100
010111010101001
011100001011111
100010000011010
000001100101111
000001110000100
000001110010101
000001110100110
000001110111000
000001111001010
000001111101011
000010000001101
000010001000010
000010001111001
000010010110100
000010011110010
000010101010111
000010111000011
000011000110000
000011010100100
000011101011111
000100000101111
000100100001011
000100111111110
000101101111000
000110100101001
000111011000111
001000010011001
001001110010101
001011100011011
001101011011001
001111100110010
010011000110100
010111011001010
011100001110111
100010000100100
000001110010011
000001111101000
000001111111001
000010000001010
000010000011100
000010000101110
000010001001111
000010001110010
000010010100111
000010011011110
000010100011001
000010101010111
000010110111010
000011000100011
000011010010001
000011100000110
000011111000001
000100010001110
000100101101010
000101001011010
000101111010100
000110110000100
000111100011110
001000011101000
001001111100110
001011101101010
001101100101000
001111101111110
010011001111010
010111100000010
011100010100000
100010000110110
000010000000011
000010001010111
000010001100111
000010001111001
000010010001010
000010010011100
000010010111110
000010011100000
000010100010100
000010101001011
000010110000101
000010111000011
000011000100011
000011010001010
000011011111000
000011101101101
000100000100110
000100011110010
000100111001100
000101010111010
000110000110011
000110111100001
000111101110110
001000100111000
001010000110111
001011110111011
001101101111000
001111111001010
010011010111111
010111100111011
011100011001010
100010001001000
000010001110001
000010011000100
000010011010110
000010011100111
000010011111001
000010100001010
000010100101011
000010101001101
000010110000001
000010110111000
000010111110011
000011000110000
000011010010001
000011011111000
000011101100110
000011111011010
000100010010011
000100101011111
000101000111000
000101100100101
000110010011110
000111001001011
000111111011110
001000110011111
001010010011101
001100000011101
001101111010101
010000000100000
010011100001111
010111101111110
011100011111101
100010001100001
000010011101010
000010100111101
000010101001110
000010101011111
000010101110001
000010110000010
000010110100011
000010111000100
000010111111000
000011000101110
000011001101000
000011010100100
000011100000110
000011101101101
000011111011010
000100001001101
000100100000111
000100111010000
000101010101000
000101110010011
000110100001110
000111010111000
001000001001010
001001000000111
001010100000101
001100010000001
001110000110100
010000001110110
010011101100000
010111111000011
011100100110001
100010001111011
000010110100100
000010111111000
000011000001001
000011000011010
000011000101100
000011000111101
000011001011101
000011001111111
000011010110011
000011011101001
000011100100100
000011101011111
000011111000001
000100000100110
000100010010011
000100100000111
000100111000001
000101010001011
000101101100011
000110001001110
000110111000100
000111101100101
001000011111001
001001010110101
001010110110001
001100100101000
001110011010100
010000100001011
010011111101110
011000001000000
011100110010100
100010010110101
000011001111001
000011011001101
000011011011101
000011011101110
000011011111111
000011100010000
000011100110000
000011101010001
000011110000101
000011110111010
000011111110100
000100000101111
000100010001110
000100011110010
000100101011111
000100111010000
000101010001011
000101101010100
000110000101100
000110100010100
000111010000100
001000000011100
001000110101111
001001101101001
001011001100100
001100111010011
001110101111001
010000110100011
010100001111110
011000010111110
011100111110111
100010011110001
000011101010101
000011110101000
000011110111001
000011111001010
000011111011010
000011111101011
000100000001100
000100000101101
000100001100001
000100010010110
000100011010000
000100100001011
000100101101001
000100111001100
000101000111000
000101010101000
000101101100100
000110000101100
000110100000011
000110111101010
000111101001101
001000011010100
001001001110001
001010000110111
001011100110000
001101010011000
001111000110000
010001001000101
010100100011111
011000101011000
011101001111001
100010101001001
000100001001111
000100010100000
000100010110000
000100011000001
000100011010001
000100011100001
000100100000010
000100100100100
000100101010110
000100110001010
000100111000100
000100111111110
000101001011010
000101010111010
000101100100101
000101110010011
000110001001110
000110100010100
000110111101010
000111011001100
001000000100001
001000110010101
001001100111101
001010100001101
001100000000010
001101101100010
001111011101011
010001011101010
010100111000011
011000111110101
011101011111011
100010110100010
000100111001011
000101000011100
000101000101100
000101000111100
000101001001100
000101001011101
000101001111110
000101010011111
000101011010001
000101100000100
000101100111110
000101101111000
000101111010100
000110000110011
000110010011110
000110100001110
000110111000100
000111010000100
000111101001101
001000000100001
001000101111101
001001011110111
001010010011111
001011001101101
001100101011111
001110010110011
010000000110111
010010000101001
010101011110101
011001100000111
011101111101010
100011001011011
000101110001011
000101111011001
000101111101000
000101111110111
000110000000111
000110000010111
000110000110111
000110001011000
000110010001000
000110010111010
000110011110001
000110100101001
000110110000100
000110111100001
000111001001011
000111010111000
000111101100101
001000000011100
001000011010100
001000110010101
001001011110111
001010001110111
001011000011100
001011111100100
001101011001110
001111000010100
010000110010000
010010101110100
010110000101111
011010000011110
011110011011110
100011100010101
000110101000010
000110110001110
000110110011101
000110110101101
000110110111100
000110111001100
000110111101011
000111000001001
000111000110111
000111001100100
000111010010110
000111011000111
000111100011110
000111101110110
000111111011110
001000001001010
001000011111001
001000110101111
001001001110001
001001100111101
001010010011111
001011000011100
001011111000001
001100110000101
001110001101011
001111110100101
010001100011110
010011011111001
010110110100011
011010101110000
011111000001110
100100000010001
000111100111011
000111110000011
000111110010001
000111110100000
000111110101110
000111110111110
000111111011010
000111111110111
001000000011111
001000001000110
001000001110000
001000010011001
001000011101000
001000100111000
001000110011111
001001000000111
001001010110101
001001101101001
001010000110111
001010100001101
001011001101101
001011111100100
001100110000101
001101101000100
001111000100001
010000101001011
010010010111111
010100010001111
010111100100011
011011011001001
011111101000101
100100100010001
001001000100111
001001001110000
001001001111110
001001010001101
001001010011100
001001010101011
001001011000111
001001011100100
001001100001110
001001100111001
001001101100111
001001110010101
001001111100110
001010000110111
001010010011101
001010100000101
001010110110001
001011001100100
001011100110000
001100000000010
001100101011110
001101011001110
001110001101011
001111000100001
010000011110110
010010000001110
010011110001001
010101101011010
011000111100110
011100101110000
100000111000111
100101101010101
001010110100101
001010111101011
001010111111001
001011000000111
001011000010101
001011000100100
001011000111111
001011001011010
001011010001000
001011010110101
001011011101000
001011100011011
001011101101010
001011110111011
001100000011101
001100010000001
001100100101000
001100111010011
001101010011000
001101101100010
001110010110011
001111000010100
001111110100101
010000101001011
010010000001110
010011100001100
010101010001001
010111001010110
011010011010010
011110000110111
100010001100011
100110110101011
001100101110000
001100110110100
001100111000010
001100111001111
001100111011100
001100111101011
001101000000101
001101000100000
001101001001011
001101001110111
001101010101000
001101011011001
001101100101000
001101101111000
001101111010101
001110000110100
001110011010101
001110101111001
001111000110000
001111011101011
010000000110111
010000110010000
010001100011110
010010010111111
010011110001001
010101010001001
010110111111001
011000110110000
011100000110111
011111110011010
100011110100010
101000010101110
001110111100110
001111000100100
001111000110000
001111000111101
001111001001001
001111001010110
001111001101111
001111010001001
001111010110000
001111011011001
001111100000101
001111100110010
001111101111110
001111111001010
010000000100000
010000001110110
010000100001011
010000110100011
010001001000101
010001011101010
010010000101001
010010101110100
010011011111001
010100010001111
010101101011010
010111001010110
011000110110000
011010101000111
011101111010011
100001100101101
100101100001001
101001111010000
010010100001000
010010100111111
010010101001010
010010101010110
010010101100001
010010101101100
010010110000011
010010110011010
010010110111110
010010111100011
010011000001011
010011000110100
010011001111010
010011010111111
010011100001111
010011101100000
010011111101110
010100001111110
010100100011111
010100111000011
010101011110101
010110000101111
010110110100010
010111100100011
011000111100110
011010011010010
011100000110111
011101111010011
100001000101001
100100100101001
101000011001101
101100100111101
010110111011110
010111000001000
010111000010001
010111000011001
010111000100010
010111000101011
010111000111100
010111001001110
010111001101011
010111010001000
010111010101001
010111011001010
010111100000010
010111100111011
010111101111110
010111111000011
011000001000000
011000010111110
011000101011000
011000111110101
011001100000111
011010000011110
011010101110000
011011011001001
011100101110000
011110000110111
011111110011010
100001100101101
100100100101001
100111110101110
101011100000011
101111100000100
011011111010000
011011111101101
011011111110011
011011111111001
011011111111111
011100000000101
011100000010010
011100000011110
011100000110011
011100001000111
011100001011111
011100001110111
011100010100000
011100011001010
011100011111101
011100100110001
011100110010100
011100111110111
011101001111001
011101011111011
011101111101011
011110011011110
011111000001110
011111101000101
100000111000111
100010001100011
100011110100010
100101100001001
101000011001101
101011100000011
101111000010001
110010110110010
100001111101011
100001111110011
100001111110101
100001111110110
100001111111000
100001111111010
100001111111110
100010000000011
100010000001010
100010000010001
100010000011010
100010000100100
100010000110110
100010001001000
100010001100001
100010001111011
100010010110101
100010011110001
100010101001001
100010110100010
100011001011011
100011100010101
100100000010001
100100100010001
100101101010101
100110110101011
101000010101110
101001111010000
101100100111101
101111100000100
110010110110010
110110011011001
000000110100110
000000111111011
000001000001100
000001000011101
000001000101111
000001001000001
000001001100011
000001010000111
000001010111011
000001011110011
000001100101111
000001101101111
000001111010011
000010001000010
000010010110000
000010100101001
000010111100011
000011010110111
000011110010011
000100010001011
000101000000110
000101111000011
000110101111001
000111101101110
001001001011011
001010111010101
001100110100000
001111000010011
010010100110001
010110111111110
011011111100111
100001111110011
000000111111011
000001001010001
000001001100001
000001001110010
000001010000100
000001010010110
000001010110111
000001011011011
000001100010000
000001101001010
000001110000100
000001111000011
000010000100111
000010010010101
000010100000011
000010101111010
000011000110101
000011100001000
000011111100101
000100011011100
000101001011000
000110000010010
000110111000101
000111110110101
001001010100011
001011000011100
001100111100100
001111001010010
010010101101001
010111000101001
011100000000100
100001111111010
000001000001100
000001001100001
000001001110010
000001010000011
000001010010101
000001010100110
000001011001000
000001011101100
000001100100010
000001101011010
000001110010101
000001111010100
000010000111000
000010010100110
000010100010100
000010110001011
000011001000110
000011100011010
000011111110101
000100011101100
000101001101000
000110000100001
000110111010100
000111111000100
001001010110001
001011000101010
001100111110010
001111001011110
010010101110100
010111000110010
011100000001010
100001111111100
000001000011101
000001001110010
000001010000011
000001010010100
000001010100110
000001010110111
000001011011001
000001011111101
000001100110011
000001101101100
000001110100110
000001111100101
000010001001001
000010010110111
000010100100101
000010110011100
000011001010111
000011100101011
000100000000111
000100011111101
000101001111000
000110000110001
000110111100100
000111111010011
001001011000000
001011000111001
001101000000000
001111001101011
010010101111111
010111000111010
011100000010000
100001111111110
000001000101111
000001010000100
000001010010101
000001010100110
000001010110111
000001011001001
000001011101011
000001100001110
000001101000100
000001101111101
000001110111000
000001111110111
000010001011011
000010011001000
000010100110110
000010110101101
000011001101000
000011100111100
000100000011000
000100100001110
000101010001000
000110001000000
000110111110011
000111111100001
001001011001111
001011001001000
001101000001110
001111001110111
010010110001010
010111001000011
011100000010110
100010000000000
000001001000001
000001010010110
000001010100110
000001010110111
000001011001001
000001011011011
000001011111101
000001100100001
000001101010110
000001110001111
000001111001010
000010000001001
000010001101101
000010011011010
000010101001000
000010110111111
000011001111010
000011101001101
000100000101001
000100100011110
000101010011001
000110001010000
000111000000010
000111111110000
001001011011110
001011001010110
001101000011100
001111010000100
010010110010110
010111001001100
011100000011100
100010000000010
000001001100011
000001010110111
000001011001000
000001011011001
000001011101011
000001011111101
000001100011111
000001101000011
000001101111000
000001110110000
000001111101011
000010000101001
000010010001110
000010011111100
000010101101001
000010111011111
000011010011010
000011101101101
000100001001001
000100100111110
000101010111001
000110001110001
000111000100001
001000000001100
001001011111011
001011001110010
001101000110110
001111010011101
010010110101101
010111001011101
011100000101001
100010000000111
000001010000111
000001011011011
000001011101100
000001011111101
000001100001110
000001100100001
000001101000011
000001101100111
000001110011011
000001111010010
000010000001101
000010001001011
000010010110000
000010100011110
000010110001010
000011000000000
000011010111011
000011110001110
000100001101010
000100101011111
000101011011010
000110010010001
000111001000000
001000000101001
001001100010111
001011010001110
001101001010010
001111010110110
010010111000011
010111001101111
011100000110110
100010000001100
000001010111011
000001100010000
000001100100001
000001100110010
000001101000100
000001101010110
000001101111000
000001110011011
000001111010000
000010000001000
000010001000010
000010010000000
000010011100101
000010101010011
000010110111111
000011000110100
000011011101111
000011111000001
000100010011101
000100110010010
000101100001100
000110011000010
000111001101011
001000001001100
001001100111111
001011010111011
001101001111101
001111011011110
010010111100111
010111010001100
011100001001011
100010000010011
000001011110011
000001101001010
000001101011010
000001101101100
000001101111101
000001110001111
000001110110000
000001111010010
000010000001000
000010000111111
000010001111001
000010010110111
000010100011100
000010110001001
000010111110101
000011001101001
000011100100101
000011111110110
000100011010010
000100111000110
000101101000000
000110011110010
000111010010110
001000001101111
001001101100111
001011011101001
001101010101001
001111100000110
010011000001100
010111010101010
011100001011111
100010000011010
000001100101111
000001110000100
000001110010101
000001110100110
000001110111000
000001111001010
000001111101011
000010000001101
000010001000010
000010001111001
000010010110100
000010011110010
000010101010111
000010111000011
000011000110000
000011010100100
000011101011111
000100000101111
000100100001011
000100111111110
000101101111000
000110100101001
000111011000111
001000010011001
001001110010101
001011100011011
001101011011001
001111100110010
010011000110100
010111011001010
011100001110111
100010000100100
000001101101111
000001111000011
000001111010100
000001111100101
000001111110111
000010000001001
000010000101001
000010001001011
000010010000000
000010010110111
000010011110010
000010100110000
000010110010100
000011000000000
000011001101101
000011011100001
000011110011100
000100001101010
000100101000110
000101000110111
000101110110000
000110101100000
000111011111001
001000011000100
001001111000100
001011101001101
001101100001001
001111101011111
010011001011101
010111011101011
011100010001111
100010000101110
000001111010011
000010000100111
000010000111000
000010001001001
000010001011011
000010001101101
000010010001110
000010010110000
000010011100101
000010100011100
000010101010111
000010110010100
000010111110111
000011001100000
000011011001110
000011101000010
000011111111100
000100011001001
000100110100100
000101010010011
000110000001101
000110110111011
000111101010001
001000100010111
001010000010110
001011110011100
001101101011000
001111110101010
010011010100010
010111100100011
011100010111000
100010001000000
000010001000010
000010010010101
000010010100110
000010010110111
000010011001000
000010011011010
000010011111100
000010100011110
000010101010011
000010110001001
000010111000011
000011000000000
000011001100000
000011011000111
000011100110101
000011110101001
000100001100010
000100100101100
000101000000101
000101011110011
000110001101100
000111000011000
000111110101011
001000101101100
001010001101010
001011111101100
001101110100111
001111111110110
010011011101000
010111101011011
011100011100001
100010001010001
000010010110000
000010100000011
000010100010100
000010100100101
000010100110110
000010101001000
000010101101001
000010110001010
000010110111111
000010111110101
000011000110000
000011001101101
000011011001110
000011100110101
000011110100010
000100000010110
000100011001111
000100110011001
000101001110001
000101101011101
000110011010110
000111010000001
001000000010100
001000111010010
001010011010000
001100001001110
001110000000100
010000001001011
010011100110111
010111110011110
011100100010100
100010001101010
000010100101001
000010101111010
000010110001011
000010110011100
000010110101101
000010110111111
000010111011111
000011000000000
000011000110100
000011001101001
000011010100100
000011011100001
000011101000010
000011110101001
000100000010110
000100010001000
000100101000010
000101000001011
000101011100010
000101111001100
000110101000101
000111011101101
001000001111110
001001000111010
001010100110111
001100010110010
001110001100011
010000010100000
010011110000111
010111111100010
011100101000111
100010010000100
000010111100011
000011000110101
000011001000110
000011001010111
000011001101000
000011001111010
000011010011010
000011010111011
000011011101111
000011100100101
000011101011111
000011110011100
000011111111100
000100001100010
000100011001111
000100101000010
000100111111100
000101011000101
000101110011101
000110010000110
000110111111001
000111110011000
001000100101011
001001011101000
001010111100011
001100101011000
001110100000001
010000100110010
010100000010010
011000001011110
011100110101001
100010010111110
000011010110111
000011100001000
000011100011010
000011100101011
000011100111100
000011101001101
000011101101101
000011110001110
000011111000001
000011111110110
000100000101111
000100001101010
000100011001001
000100100101100
000100110011001
000101000001011
000101011000101
000101110001101
000110001100100
000110101001011
000111010110111
001000001001010
001000111011111
001001110011100
001011010010110
001101000000010
001110110100011
010000111000110
010100010011111
011000011011011
011101000001101
100010011111000
000011110010011
000011111100101
000011111110110
000100000000111
000100000011000
000100000101001
000100001001001
000100001101010
000100010011101
000100011010010
000100100001011
000100101000110
000100110100011
000101000000101
000101001110001
000101011100010
000101110011101
000110001100100
000110100111010
000111000011111
000111110000001
001000100000101
001001010100011
001010001101001
001011101100000
001101011000110
001111001011011
010001001101010
010100101000010
011000101110110
011101010001101
100010101010000
000100010001011
000100011011100
000100011101100
000100011111101
000100100001110
000100100011110
000100100111110
000100101011111
000100110010010
000100111000110
000100111111110
000101000110111
000101010010011
000101011110011
000101101011101
000101111001100
000110010000110
000110101001011
000111000011111
000111100000001
001000001010101
001000111000111
001001101101111
001010100111110
001100000110011
001101110010000
001111100010111
010001100010010
010100111100111
011001000010010
011101100001111
100010110101001
000101000000110
000101001011000
000101001100111
000101001111000
000101010001000
000101010011001
000101010111001
000101011011010
000101100001100
000101101000000
000101101111000
000101110110000
000110000001101
000110001101100
000110011010110
000110101000101
000110111111001
000111010110111
000111110000001
001000001010101
001000110110001
001001100101010
001010011010001
001011010011101
001100110001110
001110011011111
010000001100001
010010001010000
010101100010111
011001100100011
011101111111101
100011001100001
000101111000011
000110000010010
000110000100001
000110000110001
000110001000000
000110001010000
000110001110001
000110010010001
000110011000010
000110011110010
000110100101001
000110101100000
000110110111011
000111000011000
000111010000001
000111011101101
000111110011000
001000001001010
001000100000101
001000111000111
001001100101010
001010010101000
001011001001101
001100000010011
001101011111100
001111000111111
010000110111001
010010110011001
010110001010000
011010000111010
011110011110000
100011100011010
000110101111001
000110111000101
000110111010100
000110111100100
000110111110011
000111000000010
000111000100001
000111001000000
000111001101011
000111010010110
000111011000111
000111011111001
000111101010001
000111110101011
001000000010100
001000001111110
001000100101011
001000111011111
001001010100011
001001101101111
001010011010001
001011001001101
001011111110001
001100110110100
001110010011000
001111111001111
010001101000101
010011100011101
010110111000010
011010110001000
011111000011110
100100000010110
000111101101110
000111110110101
000111111000100
000111111010011
000111111100001
000111111110000
001000000001100
001000000101001
001000001001100
001000001101111
001000010011001
001000011000100
001000100010111
001000101101100
001000111010010
001001000111010
001001011101000
001001110011100
001010001101001
001010100111110
001011010011101
001100000010011
001100110110100
001101101110001
001111001001100
010000101110011
010010011100100
010100010110001
010111101000000
011011011011110
011111101010011
100100100010101
001001001011011
001001010100011
001001010110010
001001011000000
001001011001111
001001011011110
001001011111010
001001100010111
001001100111111
001001101100111
001001110010101
001001111000100
001010000010110
001010001101010
001010011010000
001010100110111
001010111100011
001011010010110
001011101100000
001100000110011
001100110001101
001101011111100
001110010010111
001111001001100
010000100011110
010010000110100
010011110101100
010101101111001
011001000000000
011100110000010
100000111010011
100101101011000
001010111010101
001011000011100
001011000101010
001011000111001
001011001001000
001011001010110
001011001110010
001011010001110
001011010111011
001011011101001
001011100011011
001011101001101
001011110011100
001011111101100
001100001001110
001100010110010
001100101011000
001101000000010
001101011000110
001101110010000
001110011011111
001111000111111
001111111001111
010000101110011
010010000110100
010011100101111
010101010101001
010111001110011
011010011101001
011110001000110
100010001101100
100110110101100
001100110100000
001100111100100
001100111110010
001101000000000
001101000001110
001101000011100
001101000110110
001101001010010
001101001111101
001101010101001
001101011011001
001101100001001
001101101010111
001101110100111
001110000000100
001110001100011
001110100000001
001110110100011
001111001011011
001111100010111
010000001100001
010000110111001
010001101000110
010010011100100
010011110101100
010101010101001
010111000010110
011000111001001
011100001001010
011111110100101
100011110101001
101000010101111
001111000010011
001111001010010
001111001011110
001111001101011
001111001110111
001111010000100
001111010011101
001111010110110
001111011011110
001111100000110
001111100110010
001111101011111
001111110101010
001111111110110
010000001001011
010000010100000
010000100110010
010000111000110
010001001101010
010001100010010
010010001010000
010010110011001
010011100011101
010100010110001
010101101111001
010111001110011
011000111001001
011010101011101
011101111100011
100001100110101
100101100001110
101001111010001
010010100110001
010010101101001
010010101110100
010010110000000
010010110001011
010010110010110
010010110101101
010010111000011
010010111100111
010011000001100
010011000110100
010011001011101
010011010100010
010011011101000
010011100110111
010011110000111
010100000010001
010100010011111
010100101000010
010100111100111
010101100010111
010110001010000
010110111000010
010111101000000
011001000000000
011010011101001
011100001001010
011101111100011
100001000110011
100100100101110
101000011010000
101100100111110
010110111111110
010111000101001
010111000110010
010111000111010
010111001000011
010111001001100
010111001011101
010111001101111
010111010001100
010111010101010
010111011001010
010111011101011
010111100100011
010111101011011
010111110011110
010111111100010
011000001011110
011000011011011
011000101110110
011001000010010
011001100100011
011010000111010
011010110001000
011011011011110
011100110000010
011110001000110
011111110100101
100001100110101
100100100101110
100111110101111
101011100000011
101111100000100
011011111100111
011100000000100
011100000001010
011100000010000
011100000010110
011100000011100
011100000101001
011100000110110
011100001001011
011100001011111
011100001110111
011100010001111
011100010111000
011100011100001
011100100010100
011100101000111
011100110101001
011101000001101
011101010001101
011101100001111
011101111111110
011110011110000
011111000011110
011111101010011
100000111010011
100010001101100
100011110101001
100101100001110
101000011010000
101011100000011
101111000010010
110010110110010
100001111110011
100001111111010
100001111111100
100001111111110
100010000000000
100010000000010
100010000000111
100010000001100
100010000010011
100010000011010
100010000100100
100010000101110
100010001000000
100010001010001
100010001101010
100010010000100
100010010111110
100010011111000
100010101010000
100010110101001
100011001100001
100011100011010
100100000010110
100100100010101
100101101011000
100110110101100
101000010101111
101001111010001
101100100111110
101111100000100
110010110110010
110110011011001
000001000000101
000001001011100
000001001101101
000001001111111
000001010010000
000001010100010
000001011000100
000001011101000
000001100011110
000001101010111
000001110010011
000001111010011
000010000110110
000010010100100
000010100010001
000010110001000
000011001000100
000011100010111
000011111110100
000100011101100
000101001100111
000110000100010
000110111010101
000111111000110
001001010110100
001011000101100
001100111110101
001111001100010
010010101111010
010111000111010
011100000010011
100010000000110
000001001011100
000001010110011
000001011000011
000001011010101
000001011100111
000001011111000
000001100011011
000001100111110
000001101110100
000001110101100
000001111101000
000010000100111
000010010001010
000010011110111
000010101100100
000010111011011
000011010010111
000011101101010
000100001000110
000100100111100
000101010110111
000110001101111
000111000011101
001000000000101
001001011110111
001011001110010
001101000111000
001111010011111
010010110110000
010111001100100
011100000110000
100010000001101
000001001101101
000001011000011
000001011010101
000001011100110
000001011110111
000001100001001
000001100101011
000001101001111
000001110000101
000001110111110
000001111111001
000010000111000
000010010011011
000010100001000
000010101110101
000010111101100
000011010101000
000011101111010
000100001010111
000100101001100
000101011000111
000110001111110
000111000101011
001000000010010
001001100000100
001011010000000
001101001000101
001111010101011
010010110111011
010111001101100
011100000110110
100010000001111
000001001111111
000001011010101
000001011100110
000001011110111
000001100001000
000001100011011
000001100111100
000001101100000
000001110010110
000001111001111
000010000001010
000010001001001
000010010101101
000010100011001
000010110000110
000010111111101
000011010111001
000011110001011
000100001100111
000100101011100
000101011010111
000110010001101
000111000111010
001000000011111
001001100010001
001011010001110
001101001010010
001111010111000
010010111000110
010111001110101
011100000111100
100010000010001
000001010010000
000001011100111
000001011110111
000001100001000
000001100011010
000001100101100
000001101001110
000001101110010
000001110101000
000001111100001
000010000011100
000010001011011
000010010111110
000010100101010
000010110011000
000011000001111
000011011001010
000011110011100
000100001111000
000100101101100
000101011100111
000110010011101
000111001001000
001000000101011
001001100011110
001011010011100
001101001100000
001111011000100
010010111010001
010111001111101
011100001000001
100010000010011
000001010100010
000001011111000
000001100001001
000001100011011
000001100101100
000001100111110
000001101100000
000001110000100
000001110111010
000001111110011
000010000101110
000010001101101
000010011010000
000010100111011
000010110101001
000011000100000
000011011011011
000011110101101
000100010001000
000100101111101
000101011110111
000110010101101
000111001010110
001000000110111
001001100101100
001011010101010
001101001101101
001111011010000
010010111011100
010111010000110
011100001000111
100010000010101
000001011000100
000001100011011
000001100101011
000001100111100
000001101001110
000001101100000
000001110000010
000001110100110
000001111011011
000010000010100
000010001001111
000010010001110
000010011110001
000010101011101
000010111001010
000011001000000
000011011111011
000011111001101
000100010101001
000100110011101
000101100011000
000110011001100
000111001110011
001000001010001
001001101000110
001011011000100
001101010001000
001111011101001
010010111110011
010111010010111
011100001010011
100010000011001
000001011101000
000001100111110
000001101001111
000001101100000
000001101110010
000001110000100
000001110100110
000001111001001
000001111111110
000010000110110
000010001110010
000010010110000
000010100010011
000010101111111
000010111101100
000011001100001
000011100011101
000011111101101
000100011001010
000100110111110
000101100111001
000110011101100
000111010010001
001000001101011
001001101100001
001011011100000
001101010100010
001111100000011
010011000001001
010111010101000
011100001100000
100010000011110
000001100011110
000001101110100
000001110000100
000001110010110
000001110100111
000001110111010
000001111011011
000001111111110
000010000110011
000010001101011
000010010100111
000010011100101
000010101001000
000010110110011
000011000100000
000011010010101
000011101010000
000100000100001
000100011111101
000100111110000
000101101101010
000110100011100
000111010111101
001000010010010
001001110001011
001011100001100
001101011001101
001111100101010
010011000101101
010111011000101
011100001110100
100010000100101
000001101010111
000001110101100
000001110111110
000001111001111
000001111100001
000001111110011
000010000010100
000010000110110
000010001101011
000010010100011
000010011011101
000010100011100
000010101111111
000010111101001
000011001010110
000011011001100
000011110000110
000100001010110
000100100110001
000101000100011
000101110011100
000110101001110
000111011101010
001000010111010
001001110110101
001011100111010
001101011111000
001111101010010
010011001010010
010111011100010
011100010001001
100010000101100
000001110010011
000001111101000
000001111111001
000010000001010
000010000011100
000010000101110
000010001001111
000010001110010
000010010100111
000010011011101
000010100011001
000010101010111
000010110111001
000011000100011
000011010010001
000011100000110
000011111000001
000100010001110
000100101101010
000101001011010
000101111010100
000110110000100
000111100011110
001000011101000
001001111100110
001011101101010
001101100101000
001111101111110
010011001111010
010111100000010
011100010100000
100010000110110
000001111010011
000010000100111
000010000111000
000010001001001
000010001011011
000010001101101
000010010001110
000010010110000
000010011100101
000010100011100
000010101010111
000010110010100
000010111110111
000011001100000
000011011001110
000011101000010
000011111111100
000100011001001
000100110100100
000101010010011
000110000001101
000110110111011
000111101010001
001000100010111
001010000010110
001011110011100
001101101011000
001111110101010
010011010100010
010111100100011
011100010111000
100010001000000
000010000110110
000010010001010
000010010011011
000010010101101
000010010111110
000010011010000
000010011110010
000010100010011
000010101001000
000010101111111
000010110111001
000010111110111
000011001011001
000011011000010
000011100110000
000011110100100
000100001011110
000100100101001
000101000000100
000101011110010
000110001101011
000111000011000
000111110101011
001000101101101
001010001101100
001011111101111
001101110101001
001111111110110
010011011101001
010111101011100
011100011100010
100010001010010
000010010100100
000010011110111
000010100001000
000010100011001
000010100101010
000010100111011
000010101011101
000010101111111
000010110110011
000010111101001
000011000100011
000011001100000
000011011000010
000011100101010
000011110011000
000100000001100
000100011000101
000100110001110
000101001100111
000101101010011
000110011001100
000111001110110
001000000001000
001000111000101
001010011000100
001100001000011
001101111111011
010000001000100
010011100101111
010111110010110
011100100001100
100010001100101
000010100010001
000010101100100
000010101110101
000010110000110
000010110011000
000010110101001
000010111001010
000010111101100
000011000100000
000011001010110
000011010010001
000011011001110
000011100110000
000011110011000
000100000000101
000100001111001
000100100110010
000100111111011
000101011010011
000101110111101
000110100110110
000111011011110
001000001101111
001001000101011
001010100101000
001100010100011
001110001010110
010000010010111
010011101111101
010111111011000
011100100111110
100010001111110
000010110001000
000010111011011
000010111101100
000010111111101
000011000001111
000011000100000
000011001000000
000011001100001
000011010010101
000011011001100
000011100000110
000011101000010
000011110100100
000100000001100
000100001111001
000100011101011
000100110100100
000101001101100
000101101000011
000110000101011
000110110100011
000111101001000
001000011011001
001001010010100
001010110001111
001100100000100
001110010110011
010000011101011
010011111001100
011000000011010
011100101110001
100010010010110
000011001000100
000011010010111
000011010101000
000011010111001
000011011001010
000011011011011
000011011111011
000011100011101
000011101010000
000011110000110
000011111000001
000011111111100
000100001011111
000100011000101
000100100110010
000100110100100
000101001011110
000101100100111
000101111111101
000110011100100
000111001010010
000111111101001
001000110000001
001001101000001
001011000111011
001100110101010
001110101001110
010000101110100
010100001010001
011000010010101
011100111010010
100010011010000
000011100010111
000011101101010
000011101111010
000011110001011
000011110011100
000011110101101
000011111001101
000011111101101
000100000100001
000100001010110
000100010001110
000100011001001
000100100101001
000100110001110
000100111111011
000101001101100
000101100100111
000101111101101
000110011000100
000110110101001
000111100001011
001000010010001
001001000101111
001001111110101
001011011101101
001101001010101
001110111101100
010001000000000
010100011011000
011000100010001
011101000110100
100010100001010
000011111110100
000100001000110
000100001010111
000100001100111
000100001111000
000100010001000
000100010101001
000100011001010
000100011111101
000100100110001
000100101101001
000100110100100
000101000000011
000101001100111
000101011010011
000101101000011
000101111111101
000110011000100
000110110011001
000111001111100
000111111011000
001000101010101
001001011110111
001010011000010
001011110110110
001101100010111
001111010100101
010001010101010
010100101111110
011000110101010
011101010110011
100010101100001
000100011101100
000100100111100
000100101001100
000100101011100
000100101101100
000100101111101
000100110011101
000100110111110
000100111110000
000101000100011
000101001011010
000101010010011
000101011110010
000101101010011
000101110111101
000110000101011
000110011100100
000110110101001
000111001111100
000111101011101
001000010110001
001001000100001
001001111001000
001010110010101
001100010000111
001101111011111
001111101100010
010001101011000
010101000100110
011001001000011
011101100110011
100010110111001
000101001100111
000101010110111
000101011000111
000101011010111
000101011100111
000101011110111
000101100011000
000101100111001
000101101101010
000101110011100
000101111010100
000110000001101
000110001101011
000110011001100
000110100110101
000110110100011
000111001010011
000111100001011
000111111011000
001000010110001
001001000001011
001001110000010
001010100101001
001011011110011
001100111100000
001110100101101
010000010101011
010010010010100
010101101010001
011001101001011
011110000011010
100011001101110
000110000100010
000110001101111
000110001111110
000110010001101
000110010011101
000110010101101
000110011001100
000110011101100
000110100011100
000110101001110
000110110000100
000110110111011
000111000011000
000111001110110
000111011011110
000111101001000
000111111101001
001000010010001
001000101010101
001001000100001
001001110000010
001010011111111
001011010100010
001100001100110
001101101001100
001111010001011
010001000000001
010010111011100
010110010000100
011010001011000
011110100000110
100011100100100
000110111010101
000111000011101
000111000101011
000111000111010
000111001001000
000111001010110
000111001110011
000111010010001
000111010111101
000111011101010
000111100011110
000111101010001
000111110101011
001000000001000
001000001101111
001000011011001
001000110000001
001001000101111
001001011110111
001001111001000
001010100101001
001011010100010
001100001000100
001101000000101
001110011100011
010000000010001
010001110001000
010011101011110
010110111110111
011010110101011
011111000110110
100100000011111
000111111000110
001000000000101
001000000010010
001000000011111
001000000101011
001000000110111
001000001010001
001000001101011
001000010010010
001000010111010
001000011101000
001000100010111
001000101101101
001000111000101
001001000101011
001001010010100
001001101000001
001001111110101
001010011000010
001010110010101
001011011110011
001100001100110
001101000000101
001101110111111
001111010010001
010000110101100
010010100100000
010100011101111
010111101110101
011011100000101
011111101101101
100100100011110
001001010110100
001001011110111
001001100000100
001001100010001
001001100011110
001001100101100
001001101000110
001001101100001
001001110001011
001001110110101
001001111100101
001010000010110
001010001101100
001010011000100
001010100101000
001010110001111
001011000111011
001011011101101
001011110110110
001100010000111
001100111100000
001101101001100
001110011100010
001111010010001
010000101011111
010010001110000
010011111100111
010101110110011
011001000110000
011100110100100
100000111101001
100101101011110
001011000101100
001011001110010
001011010000000
001011010001110
001011010011100
001011010101010
001011011000100
001011011100000
001011100001100
001011100111010
001011101101010
001011110011100
001011111101111
001100001000011
001100010100011
001100100000100
001100110101010
001101001010101
001101100010111
001101111011111
001110100101101
001111010001011
010000000010001
010000110101100
010010001110000
010011101101101
010101011100100
010111010100111
011010100010100
011110001100011
100010001111110
100110110110000
001100111110101
001101000111000
001101001000101
001101001010010
001101001100000
001101001101101
001101010001000
001101010100010
001101011001101
001101011111000
001101100101000
001101101011000
001101110101000
001101111111011
001110001010110
001110010110011
001110101001110
001110111101100
001111010100101
001111101100010
010000010101011
010001000000001
010001110001000
010010100100000
010011111100111
010101011100100
010111001001011
011000111111000
011100001101110
011111110111100
100011110110111
101000010110010
001111001100010
001111010011111
001111010101011
001111010111000
001111011000100
001111011010000
001111011101001
001111100000011
001111100101010
001111101010010
001111101111110
001111110101010
001111111110110
010000001000100
010000010010111
010000011101011
010000101110100
010001000000000
010001010101010
010001101011000
010010010010100
010010111011100
010011101011110
010100011101111
010101110110011
010111010100111
011000111111000
011010110000100
011110000000000
100001101000101
100101100010111
101001111010010
010010101111010
010010110110000
010010110111011
010010111000111
010010111010001
010010111011100
010010111110011
010011000001001
010011000101101
010011001010010
010011001111010
010011010100010
010011011101001
010011100101111
010011101111101
010011111001100
010100001010001
010100011011000
010100101111110
010101000100110
010101101010001
010110010000100
010110111110111
010111101110101
011001000110000
011010100010100
011100001101110
011110000000000
100001001001000
100100100111000
101000011010110
101100100111110
010111000111010
010111001100100
010111001101100
010111001110101
010111001111101
010111010000110
010111010010111
010111010101000
010111011000101
010111011100010
010111100000010
010111100100011
010111101011100
010111110010110
010111111011000
011000000011010
011000010010101
011000100010001
011000110101010
011001001000011
011001101001011
011010001011000
011010110101011
011011100000101
011100110100100
011110001100011
011111110111100
100001101000101
100100100111000
100111110110010
101011100000101
101111100000100
011100000010011
011100000110000
011100000110110
011100000111100
011100001000001
011100001000111
011100001010011
011100001100000
011100001110100
011100010001001
011100010100000
011100010111000
011100011100010
011100100001100
011100100111110
011100101110001
011100111010010
011101000110100
011101010110011
011101100110011
011110000011011
011110100000110
011111000110110
011111101101101
100000111101001
100010001111110
100011110110111
100101100010111
101000011010110
101011100000101
101111000010011
110010110110010
100010000000110
100010000001101
100010000001111
100010000010001
100010000010011
100010000010101
100010000011001
100010000011110
100010000100101
100010000101100
100010000110110
100010001000000
100010001010010
100010001100101
100010001111110
100010010010110
100010011010000
100010100001010
100010101100001
100010110111001
100011001101110
100011100100100
100100000011111
100100100011110
100101101011110
100110110110000
101000010110010
101001111010010
101100100111110
101111100000100
110010110110010
110110011011001
000001001111001
000001011010001
000001011100001
000001011110001
000001100000010
000001100010011
000001100110101
000001101011001
000001110001111
000001111001000
000010000000011
000010001000010
000010010100100
000010100001110
000010101111010
000010111101111
000011010101010
000011101111110
000100001011011
000100101010010
000101011001101
000110010000011
000111000110101
001000000100000
001001100001110
001011010000101
001101001001010
001111010110001
010010111000011
010111001110110
011100001000000
100010000011001
000001011010001
000001100100101
000001100110110
000001101000111
000001101011000
000001101101010
000001110001011
000001110101110
000001111100011
000010000011011
000010001010111
000010010010101
000010011110111
000010101100000
000010111001101
000011001000100
000011011111111
000011111010000
000100010101100
000100110100000
000101100011010
000110011001110
000111001110111
001000001010111
001001101001100
001011011001001
001101010001100
001111011101101
010010111111000
010111010011110
011100001011011
100010000100001
000001011100001
000001100110110
000001101000110
000001101010111
000001101101001
000001101111010
000001110011100
000001110111111
000001111110100
000010000101100
000010001101000
000010010100110
000010100001000
000010101110001
000010111011111
000011001010100
000011100001111
000011111100000
000100010111100
000100110110000
000101100101010
000110011011101
000111010000101
001000001100010
001001101011000
001011011010111
001101010011001
001111011111001
010011000000011
010111010100111
011100001100001
100010000100010
000001011110001
000001101000111
000001101010111
000001101101001
000001101111010
000001110001011
000001110101101
000001111010000
000010000000110
000010000111101
000010001111001
000010010110111
000010100011001
000010110000010
000010111110000
000011001100101
000011100100000
000011111110000
000100011001100
000100110111111
000101100111010
000110011101101
000111010010010
001000001101100
001001101100011
001011011100100
001101010100110
001111100000101
010011000001110
010111010101111
011100001100111
100010000100100
000001100000010
000001101011000
000001101101001
000001101111010
000001110001011
000001110011100
000001110111111
000001111100010
000010000010111
000010001001111
000010010001010
000010011001000
000010100101010
000010110010100
000011000000001
000011001110110
000011100110001
000100000000000
000100011011100
000100111001111
000101101001001
000110011111101
000111010011111
001000001110110
001001101101111
001011011110001
001101010110011
001111100010001
010011000011001
010111010111000
011100001101100
100010000100101
000001100010011
000001101101010
000001101111010
000001110001011
000001110011100
000001110101110
000001111010000
000001111110011
000010000101001
000010001100010
000010010011100
000010011011010
000010100111011
000010110100101
000011000010010
000011010001000
000011101000010
000100000010001
000100011101100
000100111011111
000101101011001
000110100001100
000111010101100
001000010000000
001001101111011
001011011111111
001101011000000
001111100011101
010011000100100
010111011000000
011100001110011
100010000100111
000001100110101
000001110001011
000001110011100
000001110101101
000001110111111
000001111010000
000001111110010
000010000010101
000010001001010
000010010000011
000010010111110
000010011111100
000010101011101
000010111000110
000011000110011
000011010101000
000011101100010
000100000110001
000100100001101
000101000000000
000101101111010
000110100101011
000111011001000
001000010010111
001001110010011
001011100011000
001101011011010
001111100110111
010011000111010
010111011010000
011100001111110
100010000101100
000001101011001
000001110101110
000001110111111
000001111010000
000001111100010
000001111110011
000010000010101
000010000110111
000010001101101
000010010100101
000010011100000
000010100011110
000010101111111
000010111100111
000011001010100
000011011001000
000011110000011
000100001010001
000100100101101
000101000100001
000101110011010
000110101001010
000111011100100
001000010101111
001001110101100
001011100110011
001101011110100
001111101010000
010011001010000
010111011100001
011100010001010
100010000110000
000001110001111
000001111100011
000001111110100
000010000000110
000010000010111
000010000101001
000010001001010
000010001101101
000010010100010
000010011011001
000010100010100
000010101010011
000010110110011
000011000011010
000011010001000
000011011111101
000011110110111
000100010000101
000100101100000
000101001010001
000101111001011
000110101111010
000111100010001
001000011011010
001001111011000
001011101011111
001101100011110
001111101110111
010011001110100
010111011111110
011100010011110
100010000110111
000001111001000
000010000011011
000010000101100
000010000111101
000010001001111
000010001100010
000010010000011
000010010100101
000010011011001
000010100001111
000010101001011
000010110001001
000010111101001
000011001010000
000011010111110
000011100110011
000011111101101
000100010111010
000100110010100
000101010000011
000101111111100
000110110101011
000111101000000
001000100000101
001010000000100
001011110001011
001101101001001
001111110011110
010011010011000
010111100011010
011100010110010
100010000111110
000010000000011
000010001010111
000010001100111
000010001111001
000010010001010
000010010011100
000010010111110
000010011100000
000010100010100
000010101001011
000010110000101
000010111000011
000011000100011
000011010001010
000011011111000
000011101101101
000100000100110
000100011110010
000100111001100
000101010111010
000110000110011
000110111100001
000111101110110
001000100111000
001010000110111
001011110111011
001101101111000
001111111001010
010011010111111
010111100111011
011100011001010
100010001001000
000010001000010
000010010010101
000010010100110
000010010110111
000010011001000
000010011011010
000010011111100
000010100011110
000010101010011
000010110001001
000010111000011
000011000000000
000011001100000
000011011000111
000011100110101
000011110101001
000100001100010
000100100101100
000101000000101
000101011110011
000110001101100
000111000011000
000111110101011
001000101101100
001010001101010
001011111101100
001101110100111
001111111110110
010011011101000
010111101011011
011100011100001
100010001010001
000010010100100
000010011110111
000010100001000
000010100011001
000010100101010
000010100111011
000010101011101
000010101111111
000010110110011
000010111101001
000011000100011
000011001100000
000011011000010
000011100101010
000011110011000
000100000001100
000100011000101
000100110001110
000101001100111
000101101010011
000110011001100
000111001110110
001000000001000
001000111000101
001010011000100
001100001000011
001101111111011
010000001000100
010011100101111
010111110010110
011100100001100
100010001100101
000010100001110
000010101100000
000010101110001
000010110000010
000010110010100
000010110100101
000010111000110
000010111100111
000011000011010
000011001010000
000011010001010
000011011000111
000011100101010
000011110010011
000100000000000
000100001110100
000100100101101
000100111110101
000101011001101
000101110110111
000110100101111
000111011010111
001000001100111
001001000100001
001010100011111
001100010011011
001110001001111
010000010010011
010011101110111
010111111010001
011100100111000
100010001111001
000010101111010
000010111001101
000010111011110
000010111110000
000011000000001
000011000010010
000011000110011
000011001010100
000011010001000
000011010111110
000011011111000
000011100110101
000011110011000
000100000000000
000100001101110
000100011100000
000100110011001
000101001100001
000101100111000
000110000100000
000110110011000
000111100111101
001000011001101
001001010000111
001010110000010
001100011111001
001110010101001
010000011100100
010011111000011
011000000010010
011100101101001
100010010010001
000010111101111
000011001000100
000011001010100
000011001100101
000011001110110
000011010001000
000011010101000
000011011001000
000011011111101
000011100110011
000011101101101
000011110101001
000100000001100
000100001110100
000100011100000
000100101010010
000101000001010
000101011010001
000101110100111
000110010001101
000111000000100
000111110100110
001000100110110
001001011101111
001010111101000
001100101011000
001110100000100
010000100110111
010100000010000
011000001010011
011100110011010
100010010101001
000011010101010
000011011111111
000011100001111
000011100100000
000011100110001
000011101000010
000011101100010
000011110000011
000011110110111
000011111101101
000100000100111
000100001100010
000100011000101
000100100101101
000100110011001
000101000001010
000101011000011
000101110001011
000110001100001
000110101000110
000111010101110
001000000111100
001000111011000
001001110011100
001011010010100
001100111111110
001110110011010
010000110111000
010100010010000
011000011001101
011100111111010
100010011100011
000011101111110
000011111010000
000011111100000
000011111110000
000100000000000
000100000010001
000100000110001
000100001010001
000100010000101
000100010111010
000100011110010
000100100101100
000100110001110
000100111110101
000101001100001
000101011010001
000101110001011
000110001010001
000110100100110
000111000001010
000111101100000
001000011011000
001001001111111
001010001010000
001011101000101
001101010101000
001111000110100
010001000111010
010100100010010
011000101000111
011101001011100
100010100011101
000100001011011
000100010101100
000100010111100
000100011001100
000100011011100
000100011101100
000100100001101
000100100101101
000100101100000
000100110010100
000100111001011
000101000000101
000101001100111
000101011001101
000101100111000
000101110100111
000110001100001
000110100100110
000110111111011
000111011011100
001000000110001
001000110100110
001001101001101
001010100011011
001100000001101
001101101101000
001111011110000
010001011101011
010100110111010
011000111011101
011101011011001
100010101110011
000100101010010
000100110100000
000100110110000
000100110111111
000100111001111
000100111011111
000101000000000
000101000100001
000101001010001
000101010000011
000101010111010
000101011110011
000101101010011
000101110110111
000110000100000
000110010001101
000110101000110
000111000001010
000111011011100
000111110111011
001000100001110
001001001111100
001010000100011
001010111101110
001100011011100
001110000101110
001111110101111
010001110011111
010101001100110
011001001110110
011101101010111
100010111001001
000101011001101
000101100011010
000101100101010
000101100111010
000101101001001
000101101011001
000101101111010
000101110011010
000101111001011
000101111111100
000110000110011
000110001101100
000110011001100
000110100101111
000110110011000
000111000000100
000111010101110
000111101100000
001000000110010
001000100001110
001001001100111
001001111011100
001010110000001
001011101001001
001101000110011
001110101111011
010000011110101
010010011011010
010101110001011
011001101110100
011110000111000
100011001111011
000110010000011
000110011001110
000110011011101
000110011101101
000110011111101
000110100001100
000110100101011
000110101001010
000110101111010
000110110101011
000110111100001
000111000011000
000111001110110
000111011010111
000111100111101
000111110100110
001000000111100
001000011011000
001000110100110
001001001111100
001001111011100
001010101010110
001011011111000
001100010111010
001101110011101
001111011010111
010001001001010
010011000011111
010110010111001
011010001110111
011110100011101
100011100101111
000111000110101
000111001110111
000111010000101
000111010010010
000111010011111
000111010101100
000111011000111
000111011100100
000111100010010
000111101000000
000111101110110
000111110101011
001000000001000
001000001100111
001000011001101
001000100110110
001000111011000
001001001111111
001001101001101
001010000100011
001010110000001
001011011111000
001100010011000
001101001010111
001110100101110
010000001010100
010001111001011
010011110011111
010111000101100
011010111001101
011111001001111
100100000101001
001000000100000
001000001010111
001000001100010
001000001101100
001000001110110
001000010000000
001000010010111
001000010101111
001000011011010
001000100000101
001000100111000
001000101101100
001000111000101
001001000100001
001001010000111
001001011101111
001001110011100
001010001010000
001010100011011
001010111101110
001011101001001
001100010111010
001101001010111
001110000001110
001111011010110
010000111100100
010010101011100
010100100101110
010111110101011
011011100101100
011111110000111
100100100100110
001001100001110
001001101001100
001001101010111
001001101100011
001001101101111
001001101111011
001001110010011
001001110101100
001001111011000
001010000000100
001010000110111
001010001101010
001010011000100
001010100011111
001010110000010
001010111101000
001011010010100
001011101000101
001100000001101
001100011011100
001101000110011
001101110011101
001110100101110
001111011010110
010000110100001
010010010101011
010100000100011
010101111101101
011001001100001
011100111000111
100001000000000
100101101100101
001011010000101
001011011001001
001011011010111
001011011100100
001011011110001
001011011111111
001011100011000
001011100110011
001011101011111
001011110001011
001011110111011
001011111101100
001100001000011
001100010011011
001100011111001
001100101011000
001100111111110
001101010101000
001101101101000
001110000101110
001110101111011
001111011010111
010000001010100
010000111100100
010010010101011
010011110101101
010101100011110
010111011011011
011010100111110
011110010000000
100010010010001
100110110110101
001101001001010
001101010001100
001101010011001
001101010100110
001101010110011
001101011000000
001101011011010
001101011110100
001101100011110
001101101001001
001101101111000
001101110100111
001101111111010
001110001001111
001110010101001
001110100000100
001110110011010
001111000110100
001111011110000
001111110101111
010000011110110
010001001001010
010001111001011
010010101011100
010100000100011
010101100011110
010111010000000
011001000100110
011100010010011
011111111010011
100011111000101
101000010110101
001111010110001
001111011101101
001111011111001
001111100000101
001111100010001
001111100011101
001111100110111
001111101010000
001111101110111
001111110011110
001111111001010
001111111110110
010000001000100
010000010010011
010000011100100
010000100110111
010000110111000
010001000111010
010001011101011
010001110011111
010010011011010
010011000011111
010011110011111
010100100101110
010101111101101
010111011011011
011001000100110
011010110101100
011110000011110
100001101010110
100101100100001
101001111010011
010010111000011
010010111111000
010011000000011
010011000001110
010011000011001
010011000100100
010011000111010
010011001010000
010011001110100
010011010011000
010011010111111
010011011101000
010011100101111
010011101110111
010011111000011
010100000010000
010100010010000
010100100010010
010100110111010
010101001100110
010101110001011
010110010111001
010111000101100
010111110101011
011001001100001
011010100111110
011100010010011
011110000011110
100001001011101
100100101000011
101000011011100
101100100111111
010111001110110
010111010011110
010111010100111
010111010101111
010111010111000
010111011000000
010111011010000
010111011100001
010111011111110
010111100011010
010111100111011
010111101011011
010111110010110
010111111010001
011000000010010
011000001010011
011000011001101
011000101000111
011000111011101
011001001110110
011001101110100
011010001110111
011010111001101
011011100101100
011100111000111
011110010000000
011111111010011
100001101010110
100100101000011
100111110110101
101011100000111
101111100000101
011100001000000
011100001011011
011100001100001
011100001100111
011100001101100
011100001110011
011100001111110
011100010001010
011100010011110
011100010110010
011100011001010
011100011100001
011100100001100
011100100111000
011100101101001
011100110011010
011100111111010
011101001011100
011101011011001
011101101010111
011110000111000
011110100011101
011111001001111
011111110000111
100001000000000
100010010010001
100011111000110
100101100100001
101000011011100
101011100000111
101111000010100
110010110110011
100010000011001
100010000100001
100010000100010
100010000100100
100010000100101
100010000100111
100010000101100
100010000110000
100010000110111
100010000111110
100010001001000
100010001010001
100010001100101
100010001111001
100010010010001
100010010101001
100010011100011
100010100011101
100010101110011
100010111001001
100011001111011
100011100101111
100100000101001
100100100100110
100101101100101
100110110110101
101000010110101
101001111010011
101100100111111
101111100000101
110010110110011
110110011011010
000001011100101
000001100111100
000001101001101
000001101011101
000001101101110
000001110000000
000001110100010
000001111000110
000001111111100
000010000110101
000010001110001
000010010110000
000010100010001
000010101111010
000010111101001
000011001100000
000011100011100
000011111101101
000100011001000
000100110111100
000101100110111
000110011101100
000111010010011
001000001101110
001001101100110
001011011100111
001101010101011
001111100001100
010011000011000
010111010111110
011100001110111
100010000110100
000001100111100
000001110010001
000001110100010
000001110110011
000001111000100
000001111010110
000001111111000
000010000011011
000010001010001
000010010001001
000010011000101
000010100000011
000010101100100
000010111001101
000011000111101
000011010110100
000011101101111
000100000111110
000100100011001
000101000001010
000101110000110
000110100111001
000111011011001
001000010101101
001001110100111
001011100101011
001101011101011
001111101000111
010011001001101
010111011100110
011100010010010
100010000111100
000001101001101
000001110100010
000001110110010
000001111000100
000001111010101
000001111100110
000010000001001
000010000101100
000010001100010
000010010011010
000010011010110
000010100010100
000010101110101
000010111011110
000011001001101
000011011000100
000011101111111
000100001001110
000100100101001
000101000011010
000101110010101
000110101001001
000111011100111
001000010111001
001001110110100
001011100111000
001101011111000
001111101010011
010011001010111
010111011101110
011100010010111
100010000111110
000001101011101
000001110110011
000001111000100
000001111010101
000001111100110
000001111110111
000010000011010
000010000111101
000010001110011
000010010101100
000010011100111
000010100100101
000010110000110
000010111110000
000011001011110
000011011010101
000011110001111
000100001011110
000100100111001
000101000101010
000101110100101
000110101011000
000111011110101
001000011000101
001001111000010
001011101000110
001101100000101
001111101011111
010011001100010
010111011110111
011100010011101
100010000111111
000001101101110
000001111000100
000001111010101
000001111100110
000001111110111
000010000001001
000010000101011
000010001001110
000010010000101
000010010111110
000010011111001
000010100110110
000010110011000
000011000000001
000011001101111
000011011100101
000011110100000
000100001101110
000100101001001
000101000111010
000101110110101
000110101100111
000111100000011
001000011010001
001001111001111
001011101010100
001101100010010
001111101101011
010011001101101
010111011111111
011100010100011
100010001000000
000001110000000
000001111010110
000001111100110
000001111110111
000010000001001
000010000011011
000010000111101
000010001100000
000010010010110
000010011010000
000010100001010
000010101001000
000010110101001
000011000010010
000011010000001
000011011110110
000011110110000
000100001111111
000100101011001
000101001001010
000101111000101
000110101110111
000111100010001
001000011011101
001001111011100
001011101100010
001101100100000
001111101110111
010011001110111
010111100001000
011100010101000
100010001000010
000001110100010
000001111111000
000010000001001
000010000011010
000010000101011
000010000111101
000010001011111
000010010000010
000010010111000
000010011110001
000010100101011
000010101101001
000010111001010
000011000110011
000011010100001
000011100010110
000011111010001
000100010011111
000100101111001
000101001101010
000101111100101
000110110010101
000111100101111
001000011111000
001001111110110
001011101111100
001101100111001
001111110001111
010011010001101
010111100011000
011100010110100
100010001000110
000001111000110
000010000011011
000010000101100
000010000111101
000010001001110
000010001100000
000010010000010
000010010100101
000010011011010
000010100010010
000010101001101
000010110001010
000010111101100
000011001010100
000011011000010
000011100111000
000011111110010
000100010111111
000100110011010
000101010001010
000110000000100
000110110110100
000111101001011
001000100010010
001010000010001
001011110010111
001101101010011
001111110100111
010011010100011
010111100101000
011100010111111
100010001001011
000001111111100
000010001010001
000010001100010
000010001110011
000010010000101
000010010010110
000010010111000
000010011011010
000010100010000
000010101000111
000010110000001
000010110111111
000011000100000
000011010001000
000011011110110
000011101101100
000100000100101
000100011110010
000100111001100
000101010111011
000110000110110
000110111100101
000111101111010
001000100111111
001010000111101
001011111000010
001101101111101
001111111001110
010011011000101
010111101000100
011100011010011
100010001010001
000010000110101
000010010001001
000010010011010
000010010101100
000010010111110
000010011010000
000010011110001
000010100010010
000010101000111
000010101111101
000010110111000
000010111110101
000011001010110
000011010111110
000011100101100
000011110100000
000100001011010
000100100100110
000100111111111
000101011101101
000110001101000
000111000010101
000111110101010
001000101101100
001010001101010
001011111101101
001101110100110
001111111110100
010011011101000
010111101011111
011100011100111
100010001011000
000010001110001
000010011000101
000010011010101
000010011100111
000010011111001
000010100001010
000010100101011
000010101001101
000010110000001
000010110111000
000010111110011
000011000110000
000011010010001
000011011111000
000011101100110
000011111011010
000100010010011
000100101011111
000101000111000
000101100100101
000110010011110
000111001001011
000111111011110
001000110011110
001010010011101
001100000011101
001101111010101
010000000100000
010011100001111
010111101111110
011100011111101
100010001100001
000010010110000
000010100000011
000010100010100
000010100100101
000010100110110
000010101001000
000010101101001
000010110001010
000010110111111
000010111110101
000011000110000
000011001101101
000011011001110
000011100110101
000011110100010
000100000010110
000100011001111
000100110011001
000101001110001
000101101011101
000110011010110
000111010000001
001000000010100
001000111010010
001010011010000
001100001001110
001110000000100
010000001001011
010011100110111
010111110011110
011100100010100
100010001101010
000010100010001
000010101100100
000010101110101
000010110000110
000010110011000
000010110101001
000010111001010
000010111101100
000011000100000
000011001010110
000011010010001
000011011001110
000011100110000
000011110011000
000100000000101
000100001111001
000100100110001
000100111111011
000101011010011
000101110111110
000110100110110
000111011011110
001000001101111
001001000101011
001010100101000
001100010100011
001110001010110
010000010010111
010011101111101
010111111011000
011100100111110
100010001111110
000010101111010
000010111001101
000010111011110
000010111110000
000011000000001
000011000010010
000011000110011
000011001010100
000011010001000
000011010111110
000011011111000
000011100110101
000011110011000
000100000000000
000100001101110
000100011100000
000100110011001
000101001100001
000101100111000
000110000100000
000110110011000
000111100111101
001000011001101
001001010000111
001010110000010
001100011111001
001110010101001
010000011100100
010011111000011
011000000010010
011100101101001
100010010010001
000010111101001
000011000111101
000011001001101
000011001011110
000011001101111
000011010000001
000011010100001
000011011000010
000011011110110
000011100101100
000011101100101
000011110100010
000100000000101
000100001101110
000100011011010
000100101001100
000101000000101
000101011001100
000101110100011
000110010001010
000110111111111
000111110011110
001000100110000
001001011101011
001010111100101
001100101010111
001110100000001
010000100110011
010100000001101
011000001010011
011100110011010
100010010101010
000011001100000
000011010110100
000011011000100
000011011010101
000011011100101
000011011110110
000011100010110
000011100111000
000011101101100
000011110100000
000011111011010
000100000010110
000100001111001
000100011100000
000100101001100
000100110111101
000101001110101
000101100111011
000110000010010
000110011111000
000111001101000
001000000000010
001000110010110
001001101010001
001011001001001
001100110110101
001110101011010
010000110000010
010100001011000
011000010010100
011100111001100
100010011000011
000011100011100
000011101101111
000011101111111
000011110001111
000011110100000
000011110110000
000011111010001
000011111110010
000100000100110
000100001011010
000100010010100
000100011001111
000100100110010
000100110011001
000101000000101
000101001110101
000101100101110
000101111110100
000110011001010
000110110101111
000111100010011
001000010011011
001001000111001
001001111111110
001011011110100
001101001011010
001110111110001
010001000000101
010100011011001
011000100001100
011101000101011
100010011111100
000011111101101
000100000111110
000100001001110
000100001011110
000100001101110
000100001111111
000100010011111
000100010111111
000100011110010
000100100100110
000100101011111
000100110011001
000100111111011
000101001100001
000101011001100
000101100111011
000101111110100
000110010111001
000110110001110
000111001110001
000111111000110
001000100111010
001001011100010
001010010110010
001011110100100
001101100000011
001111010001100
010001010001001
010100101011011
011000110000101
011101010001011
100010100110101
000100011001000
000100100011001
000100100101001
000100100111001
000100101001001
000100101011001
000100101111001
000100110011010
000100111001100
000100111111111
000101000111000
000101001110001
000101011010011
000101100111000
000101110100011
000110000010010
000110011001010
000110110001110
000111001011111
000111100111100
001000010010010
001001000000111
001001110101110
001010101111011
001100001101100
001101111000011
001111101000110
010001100111011
010101000000011
011001000011010
011101100000110
100010110001001
000100110111100
000101000001010
000101000011010
000101000101010
000101000111010
000101001001010
000101001101010
000101010001010
000101010111011
000101011101101
000101100100101
000101101011101
000101110111110
000110000100000
000110010001010
000110011111000
000110110101111
000111001110001
000111100111100
001000000010010
001000101101010
001001011011110
001010010000011
001011001001101
001100100111001
001110010000111
010000000000101
010001111101111
010101010101110
011001010110000
011101110000010
100010111011110
000101100110111
000101110000110
000101110010101
000101110100101
000101110110101
000101111000101
000101111100101
000110000000100
000110000110110
000110001101000
000110010011110
000110011010110
000110100110110
000110110011000
000110111111110
000111001101000
000111100010011
000111111000110
001000010010010
001000101101010
001001011000110
001010000111101
001010111100001
001011110100111
001101010001111
001110111010010
010000101001001
010010100100111
010101111010000
011001110101010
011110001011111
100011010001101
000110011101100
000110100111001
000110101001001
000110101011000
000110101100111
000110101110111
000110110010101
000110110110100
000110111100101
000111000010101
000111001001011
000111010000001
000111011011110
000111100111101
000111110011110
001000000000010
001000010011011
001000100111010
001001000000111
001001011011110
001010000111101
001010110110110
001011101010110
001100100010110
001101111110110
001111100101100
010001010011010
010011001101010
010110011111010
011010010101000
011110100111111
100011100111100
000111010010011
000111011011001
000111011100111
000111011110101
000111100000011
000111100010001
000111100101110
000111101001011
000111101111011
000111110101010
000111111011110
001000000010100
001000001101111
001000011001101
001000100110000
001000110010110
001001000111001
001001011100010
001001110101110
001010010000011
001010111100001
001011101010110
001100011110101
001101010110001
001110110000011
010000010100001
010010000010110
010011111101000
010111001101011
011010111111110
011111001110001
100100000111000
001000001101110
001000010101101
001000010111001
001000011000101
001000011010001
001000011011101
001000011111000
001000100010010
001000100111111
001000101101100
001000110011110
001000111010010
001001000101011
001001010000111
001001011101011
001001101010001
001001111111110
001010010110010
001010101111011
001011001001101
001011110100111
001100100010110
001101010110001
001110001100110
001111100100101
010001000101001
010010110100010
010100101110100
010111111101000
011011101011100
011111110101001
100100100110110
001001101100110
001001110100111
001001110110100
001001111000010
001001111001110
001001111011100
001001111110110
001010000010001
001010000111101
001010001101010
001010010011100
001010011010000
001010100101000
001010110000010
001010111100101
001011001001001
001011011110100
001011110100100
001100001101100
001100100111001
001101010001111
001101111110110
001110110000011
001111100100101
010000111101100
010010011110001
010100001100111
010110000101111
011001010011001
011100111110001
100001000011101
100101101110000
001011011100111
001011100101011
001011100111000
001011101000110
001011101010100
001011101100010
001011101111100
001011110010111
001011111000010
001011111101101
001100000011101
001100001001110
001100010100011
001100011111001
001100101010111
001100110110101
001101001011010
001101100000011
001101111000011
001110010000111
001110111010010
001111100101100
010000010100001
010001000101001
010010011110001
010011111110100
010101101100000
010111100010111
011010101110001
011110010100100
100010010101001
100110110111101
001101010101011
001101011101011
001101011111000
001101100000101
001101100010010
001101100100000
001101100111001
001101101010011
001101101111101
001101110100110
001101111010101
001110000000100
001110001010110
001110010101001
001110100000001
001110101011010
001110111110001
001111010001100
001111101000110
010000000000101
010000101001001
010001010011010
010010000010110
010010110100010
010100001100111
010101101100000
010111010111101
011001001011101
011100010111111
011111111110001
100011111011000
101000010111011
001111100001100
001111101000111
001111101010011
001111101011111
001111101101011
001111101110111
001111110001111
001111110100111
001111111001110
001111111110100
010000000100000
010000001001011
010000010010111
010000011100100
010000100110011
010000110000010
010001000000101
010001010001001
010001100111011
010001111101111
010010100100111
010011001101010
010011111101000
010100101110100
010110000101111
010111100010111
011001001011101
011010111011100
011110001000010
100001101101011
100101100101110
101001111010110
010011000011000
010011001001101
010011001010111
010011001100010
010011001101101
010011001110111
010011010001101
010011010100011
010011011000101
010011011101000
010011100001111
010011100110111
010011101111101
010011111000011
010100000001101
010100001011000
010100011011001
010100101011011
010101000000011
010101010101110
010101111010000
010110011111010
010111001101011
010111111101000
011001010011001
011010101110001
011100010111111
011110001000010
100001001111000
100100101010001
101000011100101
101100101000001
010111010111110
010111011100110
010111011101110
010111011110111
010111011111111
010111100001000
010111100011000
010111100101000
010111101000100
010111101011111
010111101111110
010111110011110
010111111011000
011000000010010
011000001010011
011000010010100
011000100001100
011000110000101
011001000011010
011001010110000
011001110101010
011010010101000
011010111111110
011011101011100
011100111110001
011110010100100
011111111110001
100001101101011
100100101010001
100111110111011
101011100001010
101111100000101
011100001110111
011100010010010
011100010010111
011100010011101
011100010100011
011100010101000
011100010110100
011100010111111
011100011010011
011100011100111
011100011111101
011100100010100
011100100111110
011100101101001
011100110011010
011100111001100
011101000101011
011101010001011
011101100000110
011101110000010
011110001011111
011110100111111
011111001110001
011111110101001
100001000011101
100010010101001
100011111011001
100101100101110
101000011100101
101011100001010
101111000010110
110010110110011
100010000110100
100010000111100
100010000111110
100010000111111
100010001000000
100010001000010
100010001000110
100010001001011
100010001010001
100010001011000
100010001100001
100010001101010
100010001111110
100010010010001
100010010101010
100010011000011
100010011111100
100010100110101
100010110001001
100010111011110
100011010001101
100011100111100
100100000111000
100100100110110
100101101110000
100110110111101
101000010111011
101001111010110
101100101000001
101111100000101
110010110110011
110110011011010
000001101100011
000001110111001
000001111001001
000001111011001
000001111101010
000001111111011
000010000011101
000010001000000
000010001110110
000010010101110
000010011101010
000010100101001
000010110001000
000010111101111
000011001100000
000011011011010
000011110010100
000100001100010
000100100111011
000101000101010
000101110100110
000110101011001
000111011110011
001000010111101
001001110111111
001011101001011
001101100001100
001111101101000
010011001101110
010111100000110
011100010101101
100010001001111
000001110111001
000010000001100
000010000011100
000010000101101
000010000111110
000010001001111
000010001110001
000010010010100
000010011001011
000010100000011
000010100111101
000010101111010
000010111011011
000011001000100
000011010110100
000011100101100
000011111100101
000100010110001
000100110001010
000101001111001
000101111110101
000110110101000
000111100111110
001000100000011
001010000000100
001011110001110
001101101001100
001111110100010
010011010100010
010111100101110
011100011001001
100010001011000
000001111001001
000010000011100
000010000101101
000010000111101
000010001001110
000010001100000
000010010000010
000010010100101
000010011011011
000010100010100
000010101001111
000010110001011
000010111101100
000011001010100
000011011000100
000011100111011
000011111110101
000100011000001
000100110011011
000101010001001
000110000000101
000110110110111
000111101001100
001000100010001
001010000010011
001011110011100
001101101011001
001111110101101
010011010101100
010111100110110
011100011001110
100010001011001
000001111011001
000010000101101
000010000111101
000010001001110
000010001011111
000010001110001
000010010010011
000010010110110
000010011101100
000010100100101
000010101100000
000010110011100
000010111111101
000011001100101
000011011010101
000011101001011
000100000000101
000100011010010
000100110101011
000101010011001
000110000010101
000110111000110
000111101011011
001000100100000
001010000100001
001011110101010
001101101100110
001111110111001
010011010110111
010111100111111
011100011010100
100010001011010
000001111101010
000010000111110
000010001001110
000010001011111
000010001110000
000010010000010
000010010100100
000010011000111
000010011111110
000010100110111
000010101110001
000010110101101
000011000001110
000011001110110
000011011100101
000011101011011
000100000010110
000100011100010
000100110111011
000101010101001
000110000100100
000110111010101
000111101101010
001000100101110
001010000110000
001011110111000
001101101110100
001111111000101
010011011000001
010111101000111
011100011011001
100010001011011
000001111111011
000010001001111
000010001100000
000010001110001
000010010000010
000010010010011
000010010110110
000010011011000
000010100001111
000010101001001
000010110000010
000010110111111
000011000100000
000011010001000
000011011110110
000011101101100
000100000100110
000100011110011
000100111001011
000101010111001
000110000110100
000110111100101
000111101111010
001000100111100
001010000111110
001011111000111
001101110000001
001111111010001
010011011001100
010111101001111
011100011011111
100010001011101
000010000011101
000010001110001
000010010000010
000010010010011
000010010100100
000010010110110
000010011011000
000010011111011
000010100110001
000010101101001
000010110100011
000010111011111
000011001000000
000011010101000
000011100010110
000011110001101
000100001000111
000100100010011
000100111101011
000101011011000
000110001010011
000111000000011
000111110011000
001000101011010
001010001011011
001011111100001
001101110011010
001111111101000
010011011100001
010111101011111
011100011101010
100010001100001
000010001000000
000010010010100
000010010100101
000010010110110
000010011000111
000010011011000
000010011111011
000010100011110
000010101010011
000010110001010
000010111000100
000011000000000
000011001100001
000011011001000
000011100111000
000011110101110
000100001101000
000100100110011
000101000001011
000101011110111
000110001110011
000111000100001
000111110110110
001000101111000
001010001111000
001011111111100
001101110110100
001111111111111
010011011110110
010111101101111
011100011110110
100010001100101
000010001110110
000010011001011
000010011011011
000010011101100
000010011111110
000010100001111
000010100110001
000010101010011
000010110001000
000010110111111
000010111111000
000011000110100
000011010010101
000011011111101
000011101101100
000011111100001
000100010011010
000100101100101
000101000111101
000101100101010
000110010100100
000111001010010
000111111100110
001000110100110
001010010100101
001100000100110
001101111011101
010000000100101
010011100010111
010111110001010
011100100001000
100010001101011
000010010101110
000010100000011
000010100010100
000010100100101
000010100110111
000010101001001
000010101101001
000010110001010
000010110111111
000010111110101
000011000101110
000011001101001
000011011001100
000011100110011
000011110100000
000100000010100
000100011001101
000100110010111
000101001110000
000101101011100
000110011010111
000111010000100
001000000010110
001000111010100
001010011010010
001100001010000
001110000000101
010000001001011
010011100111010
010111110100101
011100100011011
100010001110010
000010011101010
000010100111101
000010101001110
000010101011111
000010101110001
000010110000010
000010110100011
000010111000100
000010111111000
000011000101110
000011001101000
000011010100100
000011100000110
000011101101101
000011111011010
000100001001101
000100100000111
000100111010000
000101010101000
000101110010011
000110100001110
000111010111000
001000001001010
001001000000111
001010100000101
001100010000001
001110000110100
010000001110110
010011101100000
010111111000011
011100100110001
100010001111011
000010100101001
000010101111010
000010110001011
000010110011100
000010110101101
000010110111111
000010111011111
000011000000000
000011000110100
000011001101001
000011010100100
000011011100001
000011101000010
000011110101001
000100000010110
000100010001000
000100101000010
000101000001011
000101011100010
000101111001100
000110101000101
000111011101101
001000001111110
001001000111010
001010100110111
001100010110010
001110001100011
010000010100000
010011110000111
010111111100010
011100101000111
100010010000100
000010110001000
000010111011011
000010111101100
000010111111101
000011000001111
000011000100000
000011001000000
000011001100001
000011010010101
000011011001100
000011100000110
000011101000010
000011110100100
000100000001100
000100001111001
000100011101011
000100110100100
000101001101100
000101101000011
000110000101011
000110110100011
000111101001000
001000011011001
001001010010100
001010110001111
001100100000100
001110010110011
010000011101011
010011111001100
011000000011010
011100101110001
100010010010110
000010111101111
000011001000100
000011001010100
000011001100101
000011001110110
000011010001000
000011010101000
000011011001000
000011011111101
000011100110011
000011101101101
000011110101001
000100000001100
000100001110100
000100011100000
000100101010010
000101000001010
000101011010001
000101110100111
000110010001101
000111000000100
000111110100110
001000100110110
001001011101111
001010111101000
001100101011000
001110100000100
010000100110111
010100000010000
011000001010011
011100110011010
100010010101001
000011001100000
000011010110100
000011011000100
000011011010101
000011011100101
000011011110110
000011100010110
000011100111000
000011101101100
000011110100000
000011111011010
000100000010110
000100001111001
000100011100000
000100101001100
000100110111101
000101001110101
000101100111011
000110000010010
000110011111000
000111001101000
001000000000010
001000110010110
001001101010001
001011001001001
001100110110101
001110101011010
010000110000010
010100001011000
011000010010100
011100111001100
100010011000011
000011011011010
000011100101100
000011100111011
000011101001011
000011101011011
000011101101100
000011110001101
000011110101110
000011111100001
000100000010100
000100001001101
000100010001000
000100011101011
000100101010010
000100110111101
000101000101100
000101011100101
000101110101001
000110010000000
000110101100110
000111011010000
001000001100000
001000111110111
001001110110101
001011010101100
001101000010100
001110110110001
010000111001101
010100010100001
011000011010101
011100111111110
100010011011110
000011110010100
000011111100101
000011111110101
000100000000110
000100000010110
000100000100110
000100001000111
000100001101000
000100010011010
000100011001101
000100100000111
000100101000010
000100110100100
000101000001010
000101001110101
000101011100101
000101110011101
000110001100001
000110100110111
000111000011100
000111101111011
001000011111100
001001010011100
001010001100011
001011101010110
001101010111000
001111001001000
010001001010011
010100100100010
011000101001100
011101001011100
100010100010101
000100001100010
000100010110001
000100011000001
000100011010010
000100011100010
000100011110011
000100100010011
000100100110011
000100101100101
000100110010111
000100111010000
000101000001011
000101001101100
000101011010001
000101100111011
000101110101001
000110001100001
000110100100100
000110111111001
000111011011011
001000000101110
001000110011110
001001101000110
001010100010101
001100000000110
001101101011111
001111011100011
010001011011010
010100110100110
011000111000100
011101010111010
100010101001101
000100100111011
000100110001010
000100110011011
000100110101011
000100110111011
000100111001011
000100111101011
000101000001011
000101000111110
000101001110000
000101010101001
000101011100010
000101101000011
000101110100111
000110000010010
000110010000000
000110100110111
000110111111001
000111011000101
000111110011110
001000011110101
001001001101011
001010000010001
001010111011101
001100011001100
001110000011110
001111110011101
010001110001011
010101001001101
011001001010111
011101100110100
100010110100000
000101000101010
000101001111001
000101010001001
000101010011001
000101010101001
000101010111001
000101011011000
000101011110111
000101100101010
000101101011100
000101110010011
000101111001100
000110000101011
000110010001101
000110011111000
000110101100110
000111000011100
000111011011011
000111110011110
001000001101011
001000111000111
001001101000001
001010011100101
001011010101101
001100110010111
001110011100010
010000001011011
010010001000000
010101011110110
011001011101011
011101110101110
100010111110100
000101110100110
000101111110101
000110000000101
000110000010101
000110000100101
000110000110100
000110001010011
000110001110011
000110010100101
000110011010111
000110100001110
000110101000101
000110110100011
000111000000100
000111001101000
000111011010000
000111101111011
001000000101110
001000011110101
001000111000111
001001100100111
001010010100000
001011001000010
001100000000110
001101011101011
001111000101010
010000110011101
010010101110110
010110000010101
011001111100000
011110010000111
100011010011110
000110101011001
000110110101000
000110110110111
000110111000110
000110111010101
000110111100101
000111000000011
000111000100001
000111001010010
000111010000100
000111010111000
000111011101101
000111101001000
000111110100110
001000000000010
001000001100000
001000011111100
001000110011110
001001001101011
001001101000001
001010010100000
001011000011000
001011110110110
001100101110011
001110001010000
001111110000001
010001011101100
010011010110110
010110100111011
011010011011011
011110101100010
100011101001010
000111011110011
000111100111110
000111101001100
000111101011011
000111101101010
000111101111010
000111110011000
000111110110110
000111111100110
001000000010110
001000001001010
001000001111110
001000011011001
001000100110110
001000110010110
001000111110111
001001010011100
001001101000110
001010000010001
001010011100101
001011001000011
001011110110110
001100101010100
001101100001100
001110111011000
010000011101111
010010001100010
010100000110001
010111010101010
011011000101111
011111010010100
100100001000110
001000010111101
001000100000011
001000100010001
001000100100000
001000100101110
001000100111100
001000101011010
001000101111000
001000110100110
001000111010100
001001000000111
001001000111010
001001010010100
001001011101111
001001101010001
001001110110101
001010001100011
001010100010101
001010111011101
001011010101101
001100000000110
001100101110011
001101100001100
001110010111111
001111101110110
010001001101111
010010111101000
010100110111011
011000000100101
011011110001100
011111111001011
100100101000101
001001110111111
001010000000100
001010000010011
001010000100001
001010000110000
001010000111110
001010001011011
001010001111000
001010010100101
001010011010010
001010100000100
001010100110111
001010110001110
001010111101000
001011001001001
001011010101100
001011101010110
001100000000110
001100011001100
001100110010111
001101011101011
001110001010000
001110111011001
001111101110110
010001000111000
010010100111000
010100010101011
010110001110001
011001011010001
011101000011011
100001000111010
100101101111100
001011101001011
001011110001110
001011110011100
001011110101010
001011110111000
001011111000111
001011111100001
001011111111100
001100000100110
001100001010000
001100010000001
001100010110010
001100100000100
001100101011000
001100110110101
001101000010100
001101010111000
001101101011111
001110000011110
001110011100010
001111000101010
001111110000001
010000011101111
010001001101111
010010100111000
010100000111011
010101110100011
010111101010100
011010110100011
011110011001001
100010011000001
100110111000101
001101100001100
001101101001100
001101101011001
001101101100110
001101101110100
001101110000001
001101110011010
001101110110100
001101111011101
001110000000101
001110000110100
001110001100011
001110010110011
001110100000100
001110101011010
001110110110001
001111001001001
001111011100011
001111110011101
010000001011011
010000110011101
010001011101100
010010001100010
010010111101000
010100010101100
010101110100011
010111011111010
011001010010011
011100011101011
100000000001111
100011111101100
101000011000001
001111101101000
001111110100010
001111110101101
001111110111001
001111111000101
001111111010001
001111111101000
001111111111111
010000000100101
010000001001011
010000001110110
010000010100000
010000011101011
010000100110111
010000110000010
010000111001101
010001001010011
010001011011010
010001110001011
010010001000000
010010101110110
010011010110110
010100000110001
010100110111011
010110001110001
010111101010100
011001010010011
011011000001100
011110001100111
100001110000001
100101100111100
101001111011010
010011001101110
010011010100010
010011010101100
010011010110111
010011011000001
010011011001100
010011011100001
010011011110110
010011100010111
010011100111010
010011101100000
010011110000111
010011111001011
010100000010000
010100001011000
010100010100001
010100100100010
010100110100110
010101001001101
010101011110110
010110000010101
010110100111011
010111010101011
011000000100101
011001011010001
011010110100011
011100011101011
011110001100111
100001010010010
100100101011111
101000011101110
101100101000011
010111100000110
010111100101110
010111100110110
010111100111111
010111101000111
010111101001111
010111101011111
010111101101111
010111110001010
010111110100101
010111111000011
010111111100010
011000000011010
011000001010011
011000010010100
011000011010101
011000101001100
011000111000100
011001001010111
011001011101011
011001111100000
011010011011011
011011000101111
011011110001100
011101000011011
011110011001001
100000000001111
100001110000001
100100101011111
100111111000000
101011100001101
101111100000110
011100010101101
011100011001001
011100011001110
011100011010100
011100011011001
011100011011111
011100011101010
011100011110110
011100100001000
011100100011011
011100100110001
011100101000111
011100101110001
011100110011010
011100111001100
011100111111110
011101001011100
011101010111010
011101100110011
011101110101110
011110010000111
011110101100010
011111010010100
011111111001011
100001000111010
100010011000001
100011111101100
100101100111100
101000011101110
101011100001101
101111000011000
110010110110100
100010001001111
100010001011000
100010001011001
100010001011010
100010001011011
100010001011101
100010001100001
100010001100101
100010001101011
100010001110010
100010001111011
100010010000100
100010010010110
100010010101001
100010011000011
100010011011110
100010100010101
100010101001101
100010110100000
100010111110100
100011010011110
100011101001010
100100001000110
100100101000101
100101101111100
100110111000101
101000011000001
101001111011010
101100101000011
101111100000110
110010110110100
110110011011010
000010000011100
000010001110010
000010010000010
000010010010011
000010010100100
000010010110101
000010011010111
000010011111011
000010100110000
000010101100111
000010110100100
000010111100011
000011001000100
000011010101010
000011100011100
000011110010100
000100001010000
000100100011111
000100111111000
000101011100111
000110001100010
000111000010001
000111110101000
001000101101100
001010001101111
001011111110111
001101110110011
010000000000110
010011100000011
010111110000111
011100100010100
100010010001011
000010001110010
000010011000101
000010011010110
000010011100111
000010011111001
000010100001010
000010100101100
000010101001111
000010110000101
000010110111101
000010111111000
000011000110101
000011010010111
000011011111111
000011101101111
000011111100101
000100010100000
000100101101101
000101001000111
000101100110110
000110010110000
000111001011100
000111111110001
001000110110011
001010010110100
001100000110111
001101111110010
010000000111111
010011100110110
010111110101101
011100100101110
100010010010011
000010010000010
000010011010110
000010011100111
000010011111000
000010100001001
000010100011011
000010100111100
000010101011111
000010110010110
000010111001110
000011000001001
000011001000110
000011010100111
000011100001111
000011101111111
000011111110101
000100010110001
000100101111101
000101001011000
000101101000101
000110011000000
000111001101011
000111111111111
001000111000001
001010011000010
001100001000101
001101111111111
010000001001010
010011101000000
010111110110101
011100100110011
100010010010100
000010010010011
000010011100111
000010011111000
000010100001001
000010100011010
000010100101011
000010101001110
000010101110000
000010110100111
000010111011111
000011000011010
000011001010111
000011010111000
000011100100000
000011110001111
000100000000110
000100011000001
000100110001101
000101001101000
000101101010101
000110011001111
000111001111010
001000000001111
001000111001111
001010011010000
001100001010011
001110000001100
010000001010110
010011101001011
010111110111101
011100100111000
100010010010110
000010010100100
000010011111001
000010100001001
000010100011010
000010100101011
000010100111100
000010101011111
000010110000010
000010110111000
000010111110001
000011000101100
000011001101000
000011011001010
000011100110001
000011110100000
000100000010110
000100011010001
000100110011110
000101001111000
000101101100101
000110011011111
000111010001010
001000000011101
001000111011101
001010011011110
001100001100001
001110000011001
010000001100011
010011101010101
010111111000101
011100100111110
100010010010111
000010010110101
000010100001010
000010100011011
000010100101011
000010100111100
000010101001110
000010101110000
000010110010011
000010111001001
000011000000010
000011000111101
000011001111010
000011011011011
000011101000010
000011110110001
000100000100110
000100011100010
000100110101110
000101010001000
000101101110110
000110011101110
000111010011001
001000000101100
001000111101100
001010011101101
001100001101111
001110000100111
010000001101111
010011101100000
010111111001101
011100101000011
100010010011001
000010011010111
000010100101100
000010100111100
000010101001110
000010101011111
000010101110000
000010110010011
000010110110101
000010111101011
000011000100010
000011001011101
000011010011010
000011011111011
000011101100010
000011111010001
000100001000111
000100100000011
000100111001110
000101010101000
000101110010100
000110100001101
000111010110110
001000001001010
001001000001001
001010100001001
001100010001010
001110000111111
010000010000101
010011101110100
010111111011101
011100101001110
100010010011101
000010011111011
000010101001111
000010101011111
000010101110000
000010110000010
000010110010011
000010110110101
000010111011000
000011000001101
000011001000100
000011001111111
000011010111011
000011100011100
000011110000011
000011111110010
000100001101000
000100100100011
000100111101111
000101011000111
000101110110011
000110100101011
000111011010100
001000001100111
001001000100110
001010100100110
001100010100100
001110001011001
010000010011100
010011110001000
010111111101101
011100101011010
100010010100001
000010100110000
000010110000101
000010110010110
000010110100111
000010110111000
000010111001001
000010111101011
000011000001101
000011001000010
000011001111001
000011010110011
000011011101111
000011101010000
000011110110111
000100000100110
000100010011010
000100101010101
000101000100000
000101011111001
000101111100101
000110101011101
000111100000011
001000010010110
001001001010100
001010101010011
001100011001110
001110010000000
010000011000000
010011110101001
011000000000111
011100101101100
100010010100111
000010101100111
000010110111101
000010111001110
000010111011111
000010111110001
000011000000010
000011000100010
000011001000100
000011001111001
000011010101111
000011011101001
000011100100101
000011110000111
000011111101101
000100001011010
000100011001101
000100110001000
000101001010010
000101100101100
000110000011000
000110110001111
000111100110100
001000011000110
001001010000010
001010101111111
001100011111000
001110010101000
010000011100100
010011111001010
011000000100010
011100101111111
100010010101101
000010110100100
000010111111000
000011000001001
000011000011010
000011000101100
000011000111101
000011001011101
000011001111111
000011010110011
000011011101001
000011100100011
000011101011111
000011111000001
000100000100111
000100010010100
000100100000111
000100111000001
000101010001011
000101101100100
000110001001110
000110111000100
000111101100110
001000011111001
001001010110100
001010110110001
001100100101000
001110011010100
010000100001011
010011111101110
011000001000000
011100110010100
100010010110101
000010111100011
000011000110101
000011001000110
000011001010111
000011001101000
000011001111010
000011010011010
000011010111011
000011011101111
000011100100101
000011101011111
000011110011100
000011111111100
000100001100010
000100011001111
000100101000010
000100111111100
000101011000101
000101110011101
000110010000110
000110111111001
000111110011000
001000100101011
001001011101000
001010111100011
001100101011000
001110100000001
010000100110010
010100000010010
011000001011110
011100110101001
100010010111110
000011001000100
000011010010111
000011010100111
000011010111000
000011011001010
000011011011011
000011011111011
000011100011100
000011101010000
000011110000111
000011111000001
000011111111100
000100001011110
000100011000101
000100100110010
000100110100100
000101001011110
000101100100110
000101111111101
000110011100101
000111001010010
000111111101001
001000110000001
001001101000001
001011000111011
001100110101010
001110101001110
010000101110100
010100001010001
011000010010101
011100111010010
100010011010000
000011010101010
000011011111111
000011100001111
000011100100000
000011100110001
000011101000010
000011101100010
000011110000011
000011110110111
000011111101101
000100000100111
000100001100010
000100011000101
000100100101101
000100110011001
000101000001010
000101011000011
000101110001011
000110001100001
000110101000110
000111010101110
001000000111100
001000111011000
001001110011100
001011010010100
001100111111110
001110110011010
010000110111000
010100010010000
011000011001101
011100111111010
100010011100011
000011100011100
000011101101111
000011101111111
000011110001111
000011110100000
000011110110001
000011111010001
000011111110010
000100000100110
000100001011010
000100010010100
000100011001111
000100100110010
000100110011001
000101000000101
000101001110101
000101100101110
000101111110100
000110011001010
000110110101111
000111100010011
001000010011011
001001000111001
001001111111110
001011011110100
001101001011010
001110111110001
010001000000101
010100011011001
011000100001100
011101000101011
100010011111100
000011110010100
000011111100101
000011111110101
000100000000110
000100000010110
000100000100110
000100001000111
000100001101000
000100010011010
000100011001101
000100100000111
000100101000010
000100110100100
000101000001010
000101001110101
000101011100101
000101110011101
000110001100001
000110100110111
000111000011100
000111101111011
001000011111100
001001010011100
001010001100011
001011101010110
001101010111000
001111001001000
010001001010011
010100100100010
011000101001100
011101001011100
100010100010101
000100001010000
000100010100000
000100010110001
000100011000001
000100011010001
000100011100010
000100100000011
000100100100011
000100101010101
000100110001000
000100111000001
000100111111100
000101001011110
000101011000011
000101100101110
000101110011101
000110001010101
000110100011001
000110111101101
000111011001110
001000000100111
001000110100001
001001101000100
001010100001110
001011111111111
001101101011010
001111011100010
010001011011110
010100110100111
011000111000001
011101010111000
100010101001101
000100100011111
000100101101101
000100101111101
000100110001101
000100110011110
000100110101110
000100111001110
000100111101111
000101000100000
000101001010010
000101010001011
000101011000101
000101100100110
000101110001011
000101111110100
000110001100001
000110100011001
000110111011011
000111010101011
000111110001000
001000011011011
001001001001011
001001111110010
001010110111111
001100010101101
001110000000000
001111101111110
010001101101011
010101000101100
011001000110111
011101100010110
100010110000101
000100111111000
000101001000111
000101001011000
000101001101000
000101001111000
000101010001000
000101010101000
000101011000111
000101011111001
000101100101100
000101101100100
000101110011101
000101111111101
000110001100001
000110011001010
000110100110111
000110111101101
000111010101011
000111101110011
001000001000100
001000110011111
001001100010111
001010010111100
001011010000110
001100101110001
001110010111101
010000000110110
010010000011011
010101011010000
011001011000110
011101110001100
100010111010110
000101011100111
000101100110110
000101101000101
000101101010101
000101101100101
000101101110110
000101110010100
000101110110011
000101111100101
000110000011000
000110001001110
000110010000110
000110011100101
000110101000110
000110110101111
000111000011100
000111011001110
000111110001000
001000001000100
001000100001010
001001001101101
001001111101101
001010110001111
001011101010011
001101000111011
001110101111110
010000011110010
010010011001110
010101101110111
011001101010101
011110000000011
100011000101000
000110001100010
000110010110000
000110010111111
000110011001111
000110011011111
000110011101110
000110100001101
000110100101011
000110101011101
000110110001111
000110111000100
000110111111001
000111001010011
000111010101110
000111100010011
000111101111011
001000000100111
001000011011011
001000110011111
001001001101101
001001111001110
001010101001010
001011011101010
001100010101001
001101110001011
001111011000011
010001000110001
010011000000000
010110010010010
011010001001000
011110011010110
100011011001011
000111000010001
000111001011100
000111001101011
000111001111010
000111010001010
000111010011001
000111010110110
000111011010100
000111100000011
000111100110100
000111101100110
000111110011000
000111111101001
001000000111100
001000010011011
001000011111100
001000110100001
001001001001011
001001100010111
001001111101101
001010101001010
001011010111111
001100001011010
001101000010011
001110011101100
010000000010111
010001101111100
010011100111100
010110110110101
011010100111110
011110110101100
100011101110000
000111110101000
000111111110001
001000000000000
001000000001111
001000000011101
001000000101100
001000001001010
001000001100111
001000010010110
001000011000110
001000011111001
001000100101011
001000110000001
001000111011000
001001000111001
001001010011100
001001101000100
001001111110010
001010010111100
001010110001111
001011011101010
001100001011010
001100111110100
001101110101000
001111001110000
010000110000001
010010011101101
010100010110011
010111100011111
011011010001110
011111011011011
100100001101011
001000101101100
001000110110011
001000111000001
001000111001111
001000111011101
001000111101100
001001000001001
001001000100110
001001001010100
001001010000010
001001010110100
001001011101000
001001101000001
001001110011100
001001111111110
001010001100011
001010100001110
001010110111111
001011010000110
001011101010011
001100010101001
001101000010011
001101110101000
001110101010111
010000000001001
010001011111011
010011001101110
010101000111001
011000010010101
011011111100111
100000000001111
100100101101001
001010001101111
001010010110100
001010011000010
001010011010000
001010011011110
001010011101101
001010100001001
001010100100110
001010101010010
001010101111111
001010110110001
001010111100011
001011000111011
001011010010100
001011011110100
001011101010110
001011111111111
001100010101101
001100101110001
001101000111011
001101110001011
001110011101100
001111001110001
010000000001001
010001011000110
010010110111111
010100100101011
010110011101000
011001100111010
011101001101110
100001001110110
100101110011001
001011111110111
001100000110111
001100001000101
001100001010011
001100001100001
001100001101111
001100010001010
001100010100100
001100011001110
001100011111000
001100100101000
001100101011000
001100110101010
001100111111110
001101001011010
001101010111000
001101101011010
001110000000000
001110010111101
001110101111110
001111011000011
010000000010111
010000110000001
010001011111011
010010110111111
010100010111010
010110000011011
010111111000011
011011000000010
011110100010011
100010011110100
100110111011010
001101110110011
001101111110010
001101111111111
001110000001100
001110000011001
001110000100111
001110000111111
001110001011001
001110010000000
001110010101000
001110011010100
001110100000001
001110101001110
001110110011010
001110111110001
001111001001000
001111011100010
001111101111110
010000000110110
010000011110010
010001000110001
010001101111100
010010011101101
010011001101110
010100100101100
010110000011011
010111101101010
011001011111010
011100101000001
100000001001101
100100000010110
101000011010000
010000000000110
010000000111111
010000001001010
010000001010110
010000001100011
010000001101111
010000010000101
010000010011100
010000011000000
010000011100100
010000100001011
010000100110010
010000101110100
010000110111000
010001000000101
010001001010011
010001011011110
010001101101011
010010000011011
010010011001110
010011000000000
010011100111100
010100010110011
010101000111001
010110011101000
010111111000011
011001011111010
011011001101000
011110010110000
100001110110011
100101101011100
101001111100010
010011100000011
010011100110110
010011101000000
010011101001011
010011101010101
010011101100000
010011101110100
010011110001000
010011110101001
010011111001010
010011111101110
010100000010010
010100001010000
010100010010000
010100011011001
010100100100010
010100110100111
010101000101100
010101011010000
010101101110111
010110010010010
010110110110101
010111100011111
011000010010101
011001100111010
011011000000010
011100101000001
011110010110000
100001011001010
100100110000001
101000100000010
101100101001000
010111110000111
010111110101101
010111110110101
010111110111101
010111111000101
010111111001101
010111111011101
010111111101101
011000000000111
011000000100010
011000001000000
011000001011110
011000010010101
011000011001101
011000100001100
011000101001100
011000111000001
011001000110111
011001011000110
011001101010101
011010001001000
011010100111110
011011010001110
011011111100111
011101001101110
011110100010011
100000001001101
100001110110011
100100110000001
100111111001111
101011100010110
101111100000111
011100100010100
011100100101110
011100100110011
011100100111000
011100100111110
011100101000011
011100101001110
011100101011010
011100101101100
011100101111111
011100110010100
011100110101001
011100111010010
011100111111010
011101000101011
011101001011100
011101010111000
011101100010110
011101110001100
011110000000011
011110011010110
011110110101100
011111011011011
100000000001111
100001001110110
100010011110100
100100000010110
100101101011100
101000100000011
101011100010110
101111000011101
110010110110100
100010010001011
100010010010011
100010010010100
100010010010110
100010010010111
100010010011001
100010010011101
100010010100001
100010010100111
100010010101101
100010010110101
100010010111110
100010011010000
100010011100011
100010011111100
100010100010101
100010101001101
100010110000101
100010111010110
100011000101000
100011011001011
100011101110000
100100001101011
100100101101001
100101110011001
100110111011010
101000011010000
101001111100010
101100101001000
101111100000111
110010110110100
110110011011010
000010011111100
000010101001111
000010101011111
000010101110000
000010110000000
000010110010001
000010110110010
000010111010100
000011000001000
000011000111110
000011001111001
000011010110111
000011100010111
000011101111110
000011111101101
000100001100010
000100100011111
000100111101100
000101011000100
000101110110000
000110100101001
000111011010011
001000001100101
001001000100010
001010100100101
001100010100111
001110001011111
010000010100111
010011110011011
011000000001001
011100101111011
100010011000111
000010101001111
000010110100001
000010110110001
000010111000010
000010111010011
000010111100100
000011000000101
000011000100110
000011001011100
000011010010011
000011011001101
000011100001000
000011101101010
000011111010000
000100000111110
000100010110001
000100101101101
000101000111001
000101100010011
000101111111111
000110101110110
000111100011010
001000010101101
001001001101001
001010101101001
001100011100110
001110010011011
010000011011111
010011111001100
011000000101110
011100110010011
100010011001111
000010101011111
000010110110001
000010111000010
000010111010010
000010111100011
000010111110100
000011000010101
000011000110111
000011001101100
000011010100011
000011011011101
000011100011010
000011101111010
000011111100000
000100001001110
000100011000001
000100101111101
000101001001001
000101100100011
000110000001111
000110110000101
000111100101001
001000010111011
001001001110111
001010101110111
001100011110011
001110010101000
010000011101011
010011111010110
011000000110101
011100110011000
100010011010000
000010101110000
000010111000010
000010111010010
000010111100011
000010111110100
000011000000101
000011000100110
000011001001000
000011001111101
000011010110011
000011011101110
000011100101011
000011110001011
000011111110000
000100001011110
000100011010010
000100110001101
000101001011001
000101100110011
000110000011111
000110110010101
000111100111000
001000011001010
001001010000110
001010110000101
001100100000001
001110010110110
010000011110111
010011111100001
011000000111101
011100110011110
100010011010010
000010110000000
000010111010011
000010111100011
000010111110100
000011000000100
000011000010101
000011000110111
000011001011001
000011010001101
000011011000100
000011011111111
000011100111100
000011110011100
000100000000000
000100001101110
000100011100010
000100110011110
000101001101001
000101101000011
000110000101111
000110110100101
000111101000111
001000011011000
001001010010100
001010110010011
001100100001111
001110011000011
010000100000011
010011111101011
011000001000101
011100110100011
100010011010011
000010110010001
000010111100100
000010111110100
000011000000101
000011000010101
000011000100110
000011001001000
000011001101010
000011010011110
000011011010101
000011100010000
000011101001101
000011110101101
000100000010001
000100001111111
000100011110011
000100110101110
000101001111001
000101101010011
000110000111111
000110110110100
000111101010110
001000011100111
001001010100010
001010110100001
001100100011100
001110011010000
010000100001111
010011111110110
011000001001101
011100110101001
100010011010101
000010110110010
000011000000101
000011000010101
000011000100110
000011000110111
000011001001000
000011001101001
000011010001011
000011010111111
000011011110101
000011100110000
000011101101101
000011111001101
000100000110001
000100010011111
000100100010011
000100111001110
000101010011001
000101101110010
000110001011101
000110111010001
000111101110010
001000100000100
001001010111110
001010110111101
001100100110111
001110011101000
010000100100101
010100000001001
011000001011100
011100110110100
100010011011001
000010111010100
000011000100110
000011000110111
000011001001000
000011001011001
000011001101010
000011010001011
000011010101101
000011011100001
000011100010110
000011101010001
000011110001110
000011111101101
000100001010001
000100010111111
000100100110011
000100111101111
000101010111001
000101110010001
000110001111011
000110111101111
000111110001110
001000100100000
001001011011011
001010111011001
001100101010010
001110100000010
010000100111011
010100000011101
011000001101101
011100110111111
100010011011100
000011000001000
000011001011100
000011001101100
000011001111101
000011010001110
000011010011110
000011010111111
000011011100001
000011100010100
000011101001010
000011110000101
000011111000001
000100000100001
000100010000101
000100011110010
000100101100101
000101000100000
000101011101010
000101111000011
000110010101100
000111000011111
000111110111110
001000101001111
001001100001000
001011000000110
001100101111010
001110100101000
010000101011110
010100000111101
011000010000110
011100111010001
100010011100011
000011000111110
000011010010011
000011010100011
000011010110011
000011011000100
000011011010101
000011011110101
000011100010110
000011101001010
000011110000000
000011110111010
000011111110110
000100001010110
000100010111010
000100100100110
000100110010111
000101001010010
000101100011100
000101111110101
000110011011110
000111001010001
000111111101101
001000101111110
001001100110111
001011000110010
001100110100100
001110101001111
010000110000000
010100001011100
011000010100000
011100111100011
100010011101001
000011001111001
000011011001101
000011011011101
000011011101110
000011011111111
000011100010000
000011100110000
000011101010001
000011110000101
000011110111010
000011111110100
000100000101111
000100010001110
000100011110010
000100101011111
000100111010000
000101010001011
000101101010100
000110000101100
000110100010100
000111010000100
001000000011100
001000110101111
001001101101001
001011001100100
001100111010011
001110101111001
010000110100011
010100001111110
011000010111110
011100111110111
100010011110001
000011010110111
000011100001000
000011100011010
000011100101011
000011100111100
000011101001101
000011101101101
000011110001110
000011111000001
000011111110110
000100000101111
000100001101010
000100011001001
000100100101100
000100110011001
000101000001011
000101011000101
000101110001101
000110001100100
000110101001011
000111010110111
001000001001010
001000111011111
001001110011100
001011010010110
001101000000010
001110110100011
010000111000110
010100010011111
011000011011011
011101000001101
100010011111000
000011100010111
000011101101010
000011101111010
000011110001011
000011110011100
000011110101101
000011111001101
000011111101101
000100000100001
000100001010110
000100010001110
000100011001001
000100100101001
000100110001110
000100111111011
000101001101100
000101100100111
000101111101101
000110011000100
000110110101001
000111100001011
001000010010001
001001000101111
001001111110101
001011011101101
001101001010101
001110111101100
010001000000000
010100011011000
011000100010001
011101000110100
100010100001010
000011101111110
000011111010000
000011111100000
000011111110000
000100000000000
000100000010001
000100000110001
000100001010001
000100010000101
000100010111010
000100011110010
000100100101100
000100110001110
000100111110101
000101001100001
000101011010001
000101110001011
000110001010001
000110100100110
000111000001010
000111101100000
001000011011000
001001001111111
001010001010000
001011101000101
001101010101000
001111000110100
010001000111010
010100100010010
011000101000111
011101001011100
100010100011101
000011111101101
000100000111110
000100001001110
000100001011110
000100001101110
000100001111111
000100010011111
000100010111111
000100011110010
000100100100110
000100101011111
000100110011001
000100111111011
000101001100001
000101011001100
000101100111011
000101111110100
000110010111001
000110110001110
000111001110001
000111111000110
001000100111010
001001011100010
001010010110010
001011110100100
001101100000011
001111010001100
010001010001001
010100101011011
011000110000101
011101010001011
100010100110101
000100001100010
000100010110001
000100011000001
000100011010010
000100011100010
000100011110011
000100100010011
000100100110011
000100101100101
000100110010111
000100111010000
000101000001011
000101001101100
000101011010001
000101100111011
000101110101001
000110001100001
000110100100100
000110111111001
000111011011011
001000000101110
001000110011110
001001101000110
001010100010101
001100000000110
001101101011111
001111011100011
010001011011010
010100110100110
011000111000100
011101010111010
100010101001101
000100100011111
000100101101101
000100101111101
000100110001101
000100110011110
000100110101110
000100111001110
000100111101111
000101000100000
000101001010010
000101010001011
000101011000101
000101100100110
000101110001011
000101111110100
000110001100001
000110100011001
000110111011011
000111010101011
000111110001000
001000011011011
001001001001011
001001111110010
001010110111111
001100010101101
001110000000000
001111101111110
010001101101011
010101000101100
011001000110111
011101100010110
100010110000101
000100111101100
000101000111001
000101001001001
000101001011001
000101001101001
000101001111001
000101010011001
000101010111001
000101011101010
000101100011100
000101101010100
000101110001101
000101111101101
000110001010001
000110010111001
000110100100100
000110111011011
000111010011011
000111101100110
001000000111100
001000110001111
001001011111111
001010010100100
001011001101110
001100101011001
001110010100101
010000000011100
010001111111110
010101010110101
011001010101100
011101101110010
100010110111110
000101011000100
000101100010011
000101100100011
000101100110011
000101101000011
000101101010011
000101101110010
000101110010001
000101111000011
000101111110101
000110000101100
000110001100100
000110011000100
000110100100110
000110110001110
000110111111001
000111010101011
000111101100110
001000000100111
001000011110001
001001001010000
001001111001010
001010101101101
001011100110011
001101000011011
001110101100000
010000011010010
010010010101100
010101101010110
011001100110110
011101111100101
100011000001100
000101110110000
000101111111111
000110000001111
000110000011111
000110000101111
000110000111111
000110001011101
000110001111011
000110010101100
000110011011110
000110100010100
000110101001011
000110110101001
000111000001010
000111001110001
000111011011011
000111110001000
001000000111100
001000011110001
001000110101111
001001100011000
001010010011110
001011000111110
001011111111111
001101011100010
001111000011110
010000110001100
010010101011110
010101111111010
011001111000001
011110001010111
100011001011011
000110100101001
000110101110110
000110110000101
000110110010101
000110110100101
000110110110100
000110111010001
000110111101111
000111000011111
000111001010001
000111010000100
000111010110111
000111100001011
000111101100000
000111111000110
001000000101110
001000011011011
001000110001111
001001001010000
001001100011000
001010001111011
001010111111001
001011110010110
001100101010001
001110000101111
001111101100000
010001011000111
010011010001100
010110100010001
011010010110000
011110100100110
100011011111001
000111011010011
000111100011010
000111100101001
000111100111000
000111101000111
000111101010110
000111101110010
000111110001110
000111110111110
000111111101101
001000000011100
001000001001010
001000010010001
001000011011000
001000100111010
001000110011110
001001001001011
001001011111111
001001111001010
001010010011110
001010111111001
001011101101010
001100100000010
001101010110110
001110110001100
010000010101111
010010000001101
010011111000100
010111000101111
011010110100011
011110111110111
100011110010111
001000001100101
001000010101101
001000010111100
001000011001010
001000011011001
001000011100111
001000100000100
001000100100000
001000101001111
001000101111110
001000110101111
001000111011111
001001000101111
001001001111111
001001011100010
001001101000110
001001111110010
001010010100100
001010101101101
001011000111110
001011110010110
001100100000010
001101010011000
001110001001000
001111100001100
010001000010100
010010101111011
010100100111000
010111110010110
011011011101111
011111100100010
100100010010000
001001000100010
001001001101001
001001001110111
001001010000110
001001010010100
001001010100010
001001010111110
001001011011011
001001100001000
001001100110111
001001101101001
001001110011100
001001111110101
001010001010000
001010010110010
001010100010101
001010110111111
001011001101110
001011100110011
001011111111111
001100101010001
001101010110110
001110001001000
001110111110011
010000010011111
010001110001001
010011011110111
010101010111001
011000100000110
011100001000011
100000001010011
100100110001100
001010100100101
001010101101001
001010101110111
001010110000101
001010110010011
001010110100001
001010110111101
001010111011001
001011000000101
001011000110010
001011001100011
001011010010110
001011011101101
001011101000101
001011110100101
001100000000110
001100010101101
001100101011001
001101000011011
001101011100010
001110000101111
001110110001100
001111100001100
010000010011111
010001101010110
010011001000111
010100110101101
010110101100001
011001110100011
011101011000001
100001010110010
100101110110101
001100010100111
001100011100110
001100011110011
001100100000001
001100100001111
001100100011100
001100100110111
001100101010010
001100101111010
001100110100100
001100111010011
001101000000010
001101001010101
001101010101000
001101100000011
001101101011111
001110000000000
001110010100101
001110101100000
001111000011110
001111101100000
010000010101111
010001000010100
010001110001001
010011001000111
010100100111011
010110010010100
011000000110011
011011001100010
011110101011100
100010100100111
100110111101110
001110001011111
001110010011011
001110010101000
001110010110110
001110011000011
001110011010000
001110011101000
001110100000010
001110100101000
001110101001111
001110101111001
001110110100011
001110111101100
001111000110100
001111010001100
001111011100011
001111101111110
010000000011100
010000011010010
010000110001100
010001011000111
010010000001101
010010101111011
010011011110111
010100110101101
010110010010100
010111111011100
011001101100001
011100110010110
100000010001100
100100001000000
101000011011111
010000010100111
010000011011111
010000011101011
010000011110111
010000100000011
010000100001111
010000100100101
010000100111011
010000101011110
010000110000000
010000110100011
010000111000110
010001000000000
010001000111010
010001010001001
010001011011010
010001101101011
010001111111110
010010010101100
010010101011110
010011010001100
010011111000100
010100100111000
010101010111001
010110101100001
011000000110011
011001101100001
011011011000100
011110011111010
100001111100110
100101101111100
101001111101011
010011110011011
010011111001100
010011111010110
010011111100001
010011111101011
010011111110110
010100000001001
010100000011101
010100000111101
010100001011100
010100001111110
010100010011111
010100011011000
010100100010010
010100101011011
010100110100110
010101000101100
010101010110101
010101101010110
010101111111010
010110100010001
010111000101111
010111110010110
011000100000110
011001110100011
011011001100010
011100110010110
011110011111010
100001100000011
100100110100011
101000100010111
101100101001101
011000000001001
011000000101110
011000000110101
011000000111101
011000001000101
011000001001101
011000001011100
011000001101101
011000010000110
011000010100000
011000010111110
011000011011011
011000100010001
011000101000111
011000110000101
011000111000100
011001000110111
011001010101100
011001100110110
011001111000001
011010010110000
011010110100011
011011011101111
011100001000011
011101011000001
011110101011100
100000010001100
100001111100110
100100110100011
100111111011110
101011100011110
101111100001000
011100101111011
011100110010011
011100110011000
011100110011110
011100110100011
011100110101001
011100110110100
011100110111111
011100111010001
011100111100011
011100111110111
011101000001101
011101000110100
011101001011100
011101010001010
011101010111010
011101100010110
011101101110010
011101111100101
011110001010111
011110100100110
011110111110111
011111100100011
100000001010011
100001010110010
100010100100111
100100001000000
100101101111100
101000100011000
101011100011110
101111000100010
110010110110101
100010011000111
100010011001111
100010011010000
100010011010010
100010011010011
100010011010101
100010011011001
100010011011100
100010011100011
100010011101001
100010011110001
100010011111000
100010100001010
100010100011101
100010100110101
100010101001101
100010110000101
100010110111110
100011000001100
100011001011011
100011011111001
100011110010111
100100010010000
100100110001100
100101110110101
100110111101110
101000011011111
101001111101011
101100101001101
101111100001000
110010110110101
110110011011011
000010111010111
000011000101010
000011000111011
000011001001100
000011001011100
000011001101101
000011010001110
000011010110000
000011011100101
000011100011010
000011101010101
000011110010011
000011111110100
000100001011011
000100011001000
000100100111011
000100111111001
000101011000100
000101110011111
000110010001010
000110111111101
000111110011001
001000100110011
001001011110110
001010111110111
001100101110001
001110100011100
010000101001111
010100001000011
011000010101010
011101000000001
100010100100010
000011000101010
000011001111110
000011010001110
000011010011111
000011010110000
000011011000000
000011011100001
000011100000011
000011100111000
000011101101110
000011110101000
000011111100101
000100001000110
000100010101100
000100100011001
000100110001010
000101001001000
000101100010011
000101111101101
000110011011000
000111001000011
000111111010110
001000101110011
001001100111011
001011000111010
001100110110000
001110101010111
010000110000010
010100001110000
011000011001101
011101000011000
100010100101001
000011000111011
000011010001110
000011010011111
000011010101111
000011011000000
000011011010001
000011011110010
000011100010011
000011101001000
000011101111110
000011110111001
000011111110110
000100001010111
000100010111100
000100100101001
000100110011011
000101001011000
000101100100011
000101111111101
000110011100111
000111001010010
000111111100100
001000110000001
001001101001001
001011001000111
001100110111101
001110101100011
010000110001101
010100001111010
011000011010100
011101000011101
100010100101010
000011001001100
000011010011111
000011010101111
000011011000000
000011011010001
000011011100010
000011100000011
000011100100100
000011101011001
000011110001111
000011111001010
000100000000111
000100001100111
000100011001100
000100100111001
000100110101011
000101001101000
000101100110011
000110000001101
000110011110111
000111001100001
000111111110010
001000110001111
001001101010111
001011001010101
001100111001010
001110101101111
010000110011000
010100010000100
011000011011100
011101000100010
100010100101100
000011001011100
000011010110000
000011011000000
000011011010001
000011011100001
000011011110010
000011100010011
000011100110101
000011101101001
000011110011111
000011111011010
000100000011000
000100001111000
000100011011100
000100101001001
000100110111011
000101001111000
000101101000011
000110000011101
000110100000111
000111001110000
001000000000000
001000110011110
001001101100101
001011001100011
001100111010111
001110101111100
010000110100011
010100010001101
011000011100011
011101000101000
100010100101110
000011001101101
000011011000000
000011011010001
000011011100010
000011011110010
000011100000011
000011100100101
000011101000110
000011101111010
000011110110000
000011111101011
000100000101001
000100010001001
000100011101100
000100101011001
000100111001011
000101010001000
000101101010011
000110000101100
000110100010110
000111001111111
001000000001111
001000110101100
001001101110011
001011001110001
001100111100101
001110110001000
010000110101111
010100010010111
011000011101011
011101000101101
100010100110000
000011010001110
000011011100001
000011011110010
000011100000010
000011100010011
000011100100101
000011101000110
000011101100111
000011110011011
000011111010001
000100000001100
000100001001001
000100010101001
000100100001101
000100101111001
000100111101011
000101010101000
000101101110010
000110001001011
000110100110100
000111010011100
001000000101011
001000111001000
001001110001111
001011010001100
001100111111110
001110110100000
010000111000101
010100010101011
011000011111010
011101000110111
100010100110011
000011010110000
000011100000011
000011100010011
000011100100100
000011100110101
000011101000110
000011101100111
000011110001000
000011110111101
000011111110010
000100000101101
000100001101010
000100011001010
000100100101101
000100110011010
000101000001011
000101011000111
000101110010001
000110001101010
000110101010010
000111010111010
001000001000111
001000111100101
001001110101011
001011010100111
001101000010111
001110110111001
010000111011011
010100010111111
011000100001010
011101001000010
100010100110110
000011011100101
000011100111000
000011101001000
000011101011000
000011101101010
000011101111010
000011110011011
000011110111101
000011111110000
000100000100110
000100001100001
000100010011101
000100011111101
000100101100000
000100111001100
000101000111110
000101011111001
000101111000011
000110010011011
000110110000011
000111011101001
001000001110101
001001000010010
001001111011000
001011011010011
001101001000000
001110111011110
010000111111101
010100011011110
011000100100011
011101001010011
100010100111100
000011100011010
000011101101110
000011101111110
000011110001111
000011110011111
000011110110000
000011111010001
000011111110010
000100000100110
000100001011100
000100010010110
000100011010010
000100100110001
000100110010100
000100111111111
000101001110000
000101100101100
000101111110101
000110011001101
000110110110100
000111100011010
001000010100011
001001001000001
001010000000101
001011011111111
001101001101001
001111000000101
010001000011111
010100011111101
011000100111100
011101001100101
100010101000010
000011101010101
000011110101000
000011110111001
000011111001010
000011111011010
000011111101011
000100000001100
000100000101101
000100001100001
000100010010110
000100011010000
000100100001011
000100101101001
000100111001011
000101000111000
000101010101001
000101101100100
000110000101100
000110100000100
000110111101010
000111101001101
001000011010100
001001001110001
001010000110111
001011100110000
001101010011000
001111000110000
010001001000101
010100100011111
011000101011000
011101001111001
100010101001001
000011110010011
000011111100101
000011111110110
000100000000111
000100000011000
000100000101001
000100001001001
000100001101010
000100010011101
000100011010010
000100100001011
000100101000110
000100110100011
000101000000101
000101001110001
000101011100010
000101110011101
000110001100100
000110100111010
000111000011111
000111110000001
001000100000101
001001010100011
001010001101001
001011101100000
001101011000110
001111001011011
010001001101010
010100101000010
011000101110110
011101010001101
100010101010000
000011111110100
000100001000110
000100001010111
000100001100111
000100001111000
000100010001001
000100010101001
000100011001010
000100011111101
000100100110001
000100101101001
000100110100011
000101000000011
000101001100111
000101011010011
000101101000011
000101111111101
000110011000100
000110110011001
000111001111100
000111111011000
001000101010101
001001011110111
001010011000001
001011110110110
001101100010111
001111010100101
010001010101010
010100101111110
011000110101010
011101010110011
100010101100001
000100001011011
000100010101100
000100010111100
000100011001100
000100011011100
000100011101100
000100100001101
000100100101101
000100101100000
000100110010100
000100111001011
000101000000101
000101001100111
000101011001101
000101100111000
000101110100111
000110001100001
000110100100110
000110111111011
000111011011100
001000000110001
001000110100110
001001101001101
001010100011011
001100000001101
001101101101000
001111011110000
010001011101011
010100110111010
011000111011101
011101011011001
100010101110011
000100011001000
000100100011001
000100100101001
000100100111001
000100101001001
000100101011001
000100101111001
000100110011010
000100111001100
000100111111111
000101000111000
000101001110001
000101011010011
000101100111000
000101110100010
000110000010010
000110011001010
000110110001110
000111001011111
000111100111100
001000010010010
001001000000111
001001110101110
001010101111011
001100001101011
001101111000011
001111101000110
010001100111011
010101000000011
011001000011010
011101100000110
100010110001001
000100100111011
000100110001010
000100110011011
000100110101011
000100110111011
000100111001011
000100111101011
000101000001011
000101000111110
000101001110000
000101010101001
000101011100010
000101101000011
000101110100111
000110000010010
000110010000000
000110100110111
000110111111001
000111011000101
000111110011110
001000011110101
001001001101011
001010000010001
001010111011101
001100011001100
001110000011110
001111110011101
010001110001011
010101001001101
011001001010111
011101100110100
100010110100000
000100111111001
000101001001000
000101001011000
000101001101000
000101001111000
000101010001000
000101010101000
000101011000111
000101011111001
000101100101100
000101101100100
000101110011101
000101111111101
000110001100001
000110011001010
000110100110111
000110111101101
000111010101011
000111101110011
001000001000100
001000110100000
001001100010111
001010010111101
001011010000110
001100101110001
001110010111101
010000000110110
010010000011011
010101011010000
011001011000101
011101110001100
100010111010110
000101011000100
000101100010011
000101100100011
000101100110011
000101101000011
000101101010011
000101101110010
000101110010001
000101111000011
000101111110101
000110000101100
000110001100100
000110011000100
000110100100110
000110110001110
000110111111001
000111010101011
000111101100110
001000000100111
001000011110001
001001001010000
001001111001010
001010101101101
001011100110011
001101000011011
001110101100000
010000011010010
010010010101100
010101101010110
011001100110110
011101111100101
100011000001100
000101110011111
000101111101101
000101111111101
000110000001101
000110000011101
000110000101100
000110001001011
000110001101010
000110010011011
000110011001101
000110100000011
000110100111010
000110110011001
000110111111011
000111001011111
000111011000101
000111101110011
001000000100111
001000011101000
001000110110010
001001100010101
001010010010100
001011000110110
001011111110111
001101011011100
001111000011001
010000110000111
010010101011001
010101111110010
011001110110110
011110001010001
100011001011010
000110010001010
000110011011000
000110011100111
000110011110111
000110100000111
000110100010110
000110100110100
000110101010010
000110110000011
000110110110100
000110111101010
000111000011111
000111001111100
000111011011100
000111100111100
000111110011110
001000001000100
001000011110001
001000110110010
001001001111011
001001111100100
001010101100111
001011100000101
001100011000010
001101110100010
001111011010111
010001001000000
010011000001000
010110010010001
011010000111000
011110010111110
100011010101000
000110111111101
000111001000011
000111001010010
000111001100001
000111001110000
000111001111111
000111010011100
000111010111010
000111011101001
000111100011010
000111101001101
000111110000001
000111111011000
001000000110001
001000010010010
001000011110101
001000110100000
001001001010000
001001100010101
001001111100100
001010101000101
001011011000000
001100001011010
001101000010001
001110011100111
010000000001011
010001101110001
010011100110011
010110110101000
011010100101100
011110110001100
100011100111110
000111110011001
000111111010110
000111111100100
000111111110010
001000000000000
001000000001111
001000000101011
001000001000111
001000001110101
001000010100011
001000011010100
001000100000101
001000101010101
001000110100110
001001000000111
001001001101011
001001100010111
001001111001010
001010010010100
001010101100111
001011011000000
001100000101110
001100111000011
001101101110010
001111000111011
010000101001100
010010010101101
010100001100111
010111011000101
011011000100100
011111001011101
100011111010101
001000100110011
001000101110011
001000110000001
001000110001111
001000110011110
001000110101100
001000111001000
001000111100101
001001000010010
001001001000001
001001001110001
001001010100011
001001011110111
001001101001101
001001110101110
001010000010001
001010010111101
001010101101101
001011000110110
001011100000101
001100001011010
001100111000011
001101101010110
001110100000010
001111110111011
010001010110111
010011000011100
010100111010110
011000000100111
011011101101011
011111110000100
100100011001100
001001011110110
001001100111011
001001101001001
001001101010111
001001101100101
001001101110011
001001110001111
001001110101011
001001111011000
001010000000101
001010000110111
001010001101001
001010011000001
001010100011011
001010101111011
001010111011101
001011010000110
001011100110011
001011111110111
001100011000010
001101000010001
001101101110010
001110100000010
001111010101000
010000101010000
010010000110010
010011110011001
010101101010011
011000110010010
011100010111001
100000010110000
100100111000101
001010111110111
001011000111010
001011001001000
001011001010101
001011001100011
001011001110001
001011010001100
001011010100111
001011011010011
001011011111111
001011100101111
001011101100000
001011110110110
001100000001101
001100001101100
001100011001100
001100101110001
001101000011011
001101011011100
001101110100010
001110011100111
001111000111011
001111110111011
010000101010000
010010000000001
010011011101010
010101001001001
010110111110011
011010000100110
011101100101110
100001100000110
100101111100110
001100101110001
001100110110000
001100110111101
001100111001010
001100111010111
001100111100101
001100111111110
001101000010111
001101001000000
001101001101001
001101010011000
001101011000110
001101100010111
001101101101000
001101111000011
001110000011110
001110010111101
001110101100000
001111000011001
001111011010111
010000000001011
010000101001100
010001010110111
010010000110010
010011011101010
010100111010110
010110100101000
011000010111101
011011011011011
011110110111111
100010101110001
100111000010111
001110100011100
001110101010111
001110101100011
001110101101111
001110101111100
001110110001000
001110110100000
001110110111001
001110111011110
001111000000101
001111000110000
001111001011011
001111010100101
001111011110000
001111101000110
001111110011101
010000000110110
010000011010010
010000110000111
010001001000000
010001101110001
010010010101101
010011000011100
010011110011001
010101001001001
010110100101000
011000001100110
011001111100001
011101000000101
100000011100011
100100001111110
101000011111101
010000101001111
010000110000010
010000110001101
010000110011000
010000110100011
010000110101111
010000111000101
010000111011011
010000111111101
010001000011111
010001001000101
010001001101010
010001010101010
010001011101011
010001100111011
010001110001011
010010000011011
010010010101100
010010101011001
010011000001000
010011100110011
010100001100111
010100111010110
010101101010011
010110111110011
011000010111101
011001111100001
011011100111010
011110101011101
100010000110000
100101110101110
101001111111110
010100001000011
010100001110000
010100001111010
010100010000100
010100010001101
010100010010111
010100010101011
010100010111111
010100011011110
010100011111101
010100100011111
010100101000010
010100101111110
010100110111010
010101000000011
010101001001101
010101011010000
010101101010110
010101111110010
010110010010001
010110110101000
010111011000101
011000000100111
011000110010010
011010000100110
011011011011011
011101000000101
011110101011101
100001101010010
100100111011010
101000100111011
101100101011000
011000010101010
011000011001101
011000011010100
011000011011100
011000011100011
011000011101011
011000011111010
011000100001010
011000100100011
011000100111100
011000101011000
011000101110110
011000110101010
011000111011101
011001000011010
011001001010111
011001011000101
011001100110110
011001110110110
011010000111000
011010100101100
011011000100100
011011101101011
011100010111001
011101100101110
011110110111111
100000011100011
100010000110000
100100111011010
100111111111101
101011100110000
101111100001001
011101000000001
011101000011000
011101000011101
011101000100010
011101000100111
011101000101101
011101000110111
011101001000010
011101001010011
011101001100101
011101001111001
011101010001101
011101010110011
011101011011001
011101100000110
011101100110100
011101110001100
011101111100101
011110001010001
011110010111110
011110110001100
011111001011101
011111110000100
100000010110000
100001100000110
100010101110001
100100001111110
100101110101110
101000100111011
101011100110000
101111000101011
110010110110110
100010100100010
100010100101001
100010100101010
100010100101100
100010100101110
100010100110000
100010100110011
100010100110110
100010100111100
100010101000010
100010101001001
100010101010000
100010101100001
100010101110011
100010110001001
100010110100000
100010111010110
100011000001100
100011001011010
100011010101000
100011100111110
100011111010101
100100011001100
100100111000101
100101111100110
100111000010111
101000011111101
101001111111110
101100101011000
101111100001001
110010110110110
110110011011011
000011011011000
000011100101010
000011100111010
000011101001010
000011101011010
000011101101011
000011110001100
000011110101101
000011111100000
000100000010101
000100001001111
000100010001011
000100011101100
000100101010010
000100110111100
000101000101010
000101011100111
000101110110000
000110010001010
000110101110101
000111011011101
001000001101011
001001000001011
001001111010100
001011011010001
001101001000001
001110111011110
010000111111011
010100011101110
011000101001101
011101010001000
100010101111110
000011100101010
000011101111101
000011110001101
000011110011101
000011110101101
000011110111101
000011111011101
000011111111110
000100000110001
000100001100110
000100010100000
000100011011100
000100100111100
000100110100000
000101000001010
000101001111001
000101100110110
000101111111111
000110011011000
000110111000001
000111100011101
001000010011011
001001001000100
001010000010111
001011100010010
001101010000000
001111000010110
010001000101000
010100100010111
011000101101110
011101010011110
100010110000011
000011100111010
000011110001101
000011110011101
000011110101101
000011110111101
000011111001110
000011111101110
000100000001110
000100001000001
000100001110110
000100010110000
000100011101100
000100101001100
000100110110000
000101000011010
000101010001001
000101101000101
000110000001111
000110011100111
000110111010000
000111100101011
001000010101000
001001001010001
001010000100100
001011100011111
001101010001101
001111000100010
010001000110010
010100100100000
011000101110101
011101010100011
100010110000101
000011101001010
000011110011101
000011110101101
000011110111101
000011111001110
000011111011110
000011111111110
000100000011111
000100001010010
000100010000110
000100011000001
000100011111101
000100101011100
000100110111111
000101000101010
000101010011001
000101101010101
000110000011111
000110011110111
000110111011110
000111100111001
001000010110101
001001001011110
001010000110010
001011100101101
001101010011010
001111000101110
010001000111101
010100100101001
011000101111101
011101010101000
100010110000111
000011101011010
000011110101101
000011110111101
000011111001110
000011111011110
000011111101111
000100000001111
000100000101111
000100001100010
000100010010110
000100011010001
000100100001110
000100101101100
000100111001111
000101000111010
000101010101001
000101101100101
000110000101111
000110100000110
000110111101101
000111101000111
001000011000010
001001001101100
001010000111111
001011100111011
001101010100111
001111000111010
010001001000111
010100100110010
011000110000100
011101010101101
100010110001001
000011101101011
000011110111101
000011111001110
000011111011110
000011111101111
000100000000000
000100000100000
000100001000000
000100001110011
000100010100111
000100011100001
000100100011110
000100101111101
000100111011111
000101001001010
000101010111001
000101101110110
000110000111111
000110100010110
000110111111100
000111101010101
001000011010000
001001001111001
001010001001101
001011101001000
001101010110100
001111001000110
010001001010001
010100100111100
011000110001011
011101010110011
100010110001011
000011110001100
000011111011101
000011111101101
000011111111110
000100000001111
000100000100000
000100001000000
000100001100000
000100010010011
000100011001000
000100100000011
000100100111110
000100110011110
000101000000000
000101001101010
000101011011000
000101110010100
000110001011101
000110100110100
000111000011010
000111101110011
001000011101100
001001010010110
001010001101001
001011101100010
001101011001011
001111001011101
010001001100111
010100101001111
011000110011010
011101010111101
100010110001101
000011110101101
000011111111110
000100000001110
000100000011111
000100000101111
000100001000000
000100001100000
000100001111111
000100010110100
000100011101001
000100100100100
000100101011111
000100110111110
000101000100001
000101010001010
000101011110111
000101110110011
000110001111011
000110101010010
000111000111000
000111110010000
001000100001001
001001010110010
001010010000100
001011101111101
001101011100011
001111001110100
010001001111101
010100101100011
011000110101010
011101011000111
100010110010000
000011111100000
000100000110001
000100001000001
000100001010001
000100001100010
000100001110011
000100010010011
000100010110100
000100011100111
000100100011100
000100101010111
000100110010010
000100111110000
000101001010001
000101010111011
000101100101010
000101111100101
000110010101100
000110110000011
000111001101000
000111110111111
001000100110101
001001011011110
001010010110000
001011110100111
001101100001100
001111010011010
010001010011111
010100110000001
011000111000001
011101011010111
100010110010110
000100000010101
000100001100110
000100001110110
000100010000110
000100010010110
000100010100111
000100011001000
000100011101001
000100100011100
000100101010000
000100110001010
000100111000110
000101000100011
000101010000011
000101011101101
000101101011100
000110000011000
000110011011110
000110110110100
000111010011000
000111111101110
001000101100010
001001100001011
001010011011100
001011111010011
001101100110101
001111011000000
010001011000001
010100110011111
011000111011001
011101011100111
100010110011011
000100001001111
000100010100000
000100010110000
000100011000001
000100011010001
000100011100001
000100100000010
000100100100100
000100101010110
000100110001010
000100111000100
000100111111110
000101001011010
000101010111010
000101100100101
000101110010011
000110001001110
000110100010100
000110111101010
000111011001100
001000000100001
001000110010101
001001100111101
001010100001101
001100000000010
001101101100010
001111011101011
010001011101010
010100111000011
011000111110101
011101011111011
100010110100010
000100010001011
000100011011100
000100011101100
000100011111101
000100100001110
000100100011110
000100100111110
000100101011111
000100110010010
000100111000110
000100111111110
000101000110111
000101010010011
000101011110011
000101101011101
000101111001100
000110010000110
000110101001011
000111000011111
000111100000001
001000001010101
001000111000111
001001101101111
001010100111110
001100000110011
001101110010000
001111100010111
010001100010010
010100111100111
011001000010010
011101100001111
100010110101001
000100011101100
000100100111100
000100101001100
000100101011100
000100101101100
000100101111101
000100110011101
000100110111110
000100111110000
000101000100011
000101001011010
000101010010011
000101011110010
000101101010011
000101110111101
000110000101011
000110011100100
000110110101001
000111001111100
000111101011101
001000010110001
001001000100001
001001111001000
001010110010101
001100010000111
001101111011111
001111101100010
010001101011000
010101000100110
011001001000011
011101100110011
100010110111001
000100101010010
000100110100000
000100110110000
000100110111111
000100111001111
000100111011111
000101000000000
000101000100001
000101001010001
000101010000011
000101010111010
000101011110011
000101101010011
000101110110111
000110000100000
000110010001101
000110101000110
000111000001010
000111011011100
000111110111011
001000100001110
001001001111100
001010000100011
001010111101110
001100011011100
001110000101110
001111110101111
010001110011111
010101001100110
011001001110110
011101101010111
100010111001001
000100110111100
000101000001010
000101000011010
000101000101010
000101000111010
000101001001010
000101001101010
000101010001010
000101010111011
000101011101101
000101100100101
000101101011101
000101110111110
000110000100000
000110010001010
000110011111000
000110110101111
000111001110001
000111100111100
001000000010010
001000101101010
001001011011110
001010010000011
001011001001101
001100100111001
001110010000111
010000000000101
010001111101111
010101010101110
011001010110000
011101110000010
100010111011110
000101000101010
000101001111001
000101010001001
000101010011001
000101010101001
000101010111001
000101011011000
000101011110111
000101100101010
000101101011100
000101110010011
000101111001100
000110000101011
000110010001101
000110011111000
000110101100110
000111000011100
000111011011011
000111110011110
001000001101011
001000111000111
001001101000001
001010011100101
001011010101101
001100110010111
001110011100010
010000001011011
010010001000000
010101011110110
011001011101011
011101110101110
100010111110100
000101011100111
000101100110110
000101101000101
000101101010101
000101101100101
000101101110110
000101110010100
000101110110011
000101111100101
000110000011000
000110001001110
000110010000110
000110011100101
000110101000110
000110110101111
000111000011100
000111011001110
000111110001000
001000001000100
001000100001010
001001001101101
001001111101101
001010110001111
001011101010011
001101000111011
001110101111110
010000011110010
010010011001110
010101101110111
011001101010101
011110000000011
100011000101000
000101110110000
000101111111111
000110000001111
000110000011111
000110000101111
000110000111111
000110001011101
000110001111011
000110010101100
000110011011110
000110100010100
000110101001011
000110110101001
000111000001010
000111001110001
000111011011011
000111110001000
001000000111100
001000011110001
001000110101111
001001100011000
001010010011110
001011000111110
001011111111111
001101011100010
001111000011110
010000110001100
010010101011110
010101111111010
011001111000001
011110001010111
100011001011011
000110010001010
000110011011000
000110011100111
000110011110111
000110100000111
000110100010110
000110100110100
000110101010010
000110110000011
000110110110100
000110111101010
000111000011111
000111001111100
000111011011100
000111100111100
000111110011110
001000001000100
001000011110001
001000110110010
001001001111011
001001111100100
001010101100111
001011100000101
001100011000010
001101110100010
001111011010111
010001001000000
010011000001000
010110010010001
011010000111000
011110010111110
100011010101000
000110101110101
000110111000001
000110111010000
000110111011110
000110111101101
000110111111100
000111000011010
000111000111000
000111001101000
000111010011000
000111011001100
000111100000001
000111101011101
000111110111011
001000000010010
001000001101011
001000100001010
001000110101111
001001001111011
001001101010001
001010010111000
001011000111001
001011111010100
001100110001100
001110001100111
001111110010100
010001011110111
010011010110110
010110100101010
011010010110001
011110100100101
100011011110100
000111011011101
000111100011101
000111100101011
000111100111001
000111101000111
000111101010101
000111101110011
000111110010000
000111110111111
000111111101110
001000000100001
001000001010101
001000010110000
001000100001110
001000101101010
001000111000111
001001001101101
001001100011000
001001111100100
001010010111000
001011000011000
001011110001111
001100100100101
001101011010111
001110110100100
010000010111011
010010000011111
010011111011101
010111001000000
011010110101001
011110111110011
100011110000011
001000001101011
001000010011011
001000010101000
001000010110101
001000011000010
001000011010000
001000011101100
001000100001001
001000100110101
001000101100010
001000110010101
001000111000111
001001000100001
001001001111100
001001011011110
001001101000001
001001111101101
001010010011110
001010101100111
001011000111001
001011110001111
001100011111001
001101010001010
001110000110011
001111011101110
010000111101011
010010101010000
010100100001100
010111101011101
011011010100111
011111011000011
100100000010100
001001000001011
001001001000100
001001001010001
001001001011110
001001001101100
001001001111001
001001010010101
001001010110010
001001011011110
001001100001011
001001100111101
001001101101111
001001111001000
001010000100011
001010010000011
001010011100101
001010110001111
001011000111110
001011100000101
001011111010100
001100100100101
001101010001010
001110000011001
001110111000000
010000001101111
010001101011100
010011011000000
010101001110111
011000010111001
011011111101000
011111111100110
100100100001000
001001111010100
001010000010111
001010000100100
001010000110010
001010000111111
001010001001101
001010001101001
001010010000100
001010010110000
001010011011100
001010100001101
001010100111110
001010110010101
001010111101110
001011001001101
001011010101101
001011101010011
001011111111111
001100011000010
001100110001100
001101011010111
001110000110011
001110111000000
001111101100010
010001000000011
010010011011101
010100000111110
010101111101111
011001000100000
011100100110001
100000100001110
100100111111111
001011011010001
001011100010010
001011100100000
001011100101101
001011100111011
001011101001000
001011101100010
001011101111101
001011110100111
001011111010011
001100000000010
001100000110011
001100010000111
001100011011100
001100100111001
001100110010111
001101000111011
001101011100010
001101110100010
001110001100111
001110110100100
001111011101110
010000001101111
010001000000011
010010010101110
010011110001111
010101011100111
010111010000111
011010010101010
011101110011101
100001101011010
100110000010111
001101001000001
001101010000000
001101010001101
001101010011010
001101010100111
001101010110100
001101011001011
001101011100011
001101100001100
001101100110101
001101101100010
001101110010000
001101111011111
001110000101110
001110010000111
001110011100010
001110101111110
001111000011110
001111011010111
001111110010100
010000010111011
010000111101011
010001101011100
010010011011101
010011110001111
010101001110100
010110110111101
011000101000111
011011101010110
011111000100011
100010110111011
100111000111111
001110111011110
001111000010110
001111000100010
001111000101101
001111000111010
001111001000110
001111001011101
001111001110100
001111010011010
001111011000000
001111011101011
001111100010111
001111101100011
001111110101111
010000000000100
010000001011011
010000011110010
010000110001100
010001001000000
010001011110111
010010000011111
010010101010000
010011011000000
010100000111110
010101011100111
010110110111101
011000011110011
011010001100010
011101001110101
100000100111011
100100010111100
101000100011011
010000111111011
010001000101000
010001000110010
010001000111101
010001001000111
010001001010001
010001001100111
010001001111101
010001010011111
010001011000001
010001011101010
010001100010010
010001101011000
010001110011111
010001111101111
010010001000000
010010011001110
010010101011110
010011000001000
010011010110110
010011111011101
010100100001100
010101001110111
010101111101111
010111010000111
011000101000111
011010001100010
011011110110000
011110111000001
100010001111011
100101111100000
101010000010010
010100011101110
010100100010111
010100100100000
010100100101001
010100100110010
010100100111100
010100101001111
010100101100011
010100110000001
010100110011111
010100111000100
010100111100111
010101000100110
010101001100110
010101010101110
010101011110110
010101101110111
010101111111010
010110010010001
010110100101010
010111001000000
010111101011101
011000010111001
011001000100000
011010010101010
011011101010110
011101001110101
011110111000001
100001110100010
100101000010010
101000101011110
101100101100011
011000101001101
011000101101110
011000101110101
011000101111101
011000110000100
011000110001011
011000110011010
011000110101010
011000111000001
011000111011001
011000111110101
011001000010010
011001001000011
011001001110110
011001010110000
011001011101011
011001101010101
011001111000001
011010000111000
011010010110001
011010110101001
011011010100111
011011111101000
011100100110001
011101110011101
011111000100011
100000100111011
100010001111011
100101000010010
101000000011100
101011101000001
101111100001010
011101010001000
011101010011110
011101010100011
011101010101000
011101010101101
011101010110011
011101010111101
011101011000111
011101011010111
011101011100111
011101011111011
011101100001111
011101100110011
011101101010111
011101110000010
011101110101110
011110000000011
011110001010111
011110010111110
011110100100101
011110111110011
011111011000011
011111111100110
100000100001110
100001101011010
100010110111011
100100010111100
100101111100000
101000101011110
101011101000001
101111000110101
110010110110111
100010101111110
100010110000011
100010110000101
100010110000111
100010110001001
100010110001011
100010110001101
100010110010000
100010110010110
100010110011011
100010110100010
100010110101001
100010110111001
100010111001001
100010111011110
100010111110100
100011000101000
100011001011011
100011010101000
100011011110100
100011110000011
100100000010100
100100100001000
100100111111111
100110000010111
100111000111111
101000100011011
101010000010010
101100101100011
101111100001010
110010110110111
110110011011011
000100001010011
000100010100101
000100010110110
000100011000110
000100011010111
000100011100111
000100100001000
000100100101001
000100101011101
000100110010010
000100111001011
000101000000110
000101001100111
000101011001101
000101100110111
000101110100110
000110001100010
000110100101001
000110111111101
000111011011101
001000001000000
001000111000011
001001101101010
001010100110111
001100000110011
001101110011011
001111100110000
010001100111101
010101000100111
011001001101100
011101110000011
100011000111101
000100010100101
000100011111010
000100100001001
000100100011010
000100100101010
000100100111010
000100101011011
000100101111100
000100110101110
000100111100010
000101000011100
000101001011000
000101010110111
000101100011010
000101110000110
000101111110101
000110010110000
000110101110110
000111001000011
000111100011101
001000001111101
001000111111110
001001110101000
001010101111001
001100001110100
001101111011000
001111101101000
010001101101100
010101001010000
011001010001100
011101110010111
100011001000001
000100010110110
000100100001001
000100100011010
000100100101010
000100100111010
000100101001011
000100101101011
000100110001011
000100110111110
000100111110010
000101000101100
000101001100111
000101011000111
000101100101010
000101110010101
000110000000101
000110011000000
000110110000101
000111001010010
000111100101011
001000010001011
001001000001011
001001110110101
001010110000111
001100010000001
001101111100100
001111101110011
010001101110110
010101001011001
011001010010010
011101110011100
100011001000010
000100011000110
000100100011010
000100100101010
000100100111010
000100101001011
000100101011100
000100101111100
000100110011100
000100111001110
000101000000010
000101000111100
000101001111000
000101011010111
000101100111010
000101110100101
000110000010101
000110011001111
000110110010101
000111001100001
000111100111001
001000010011001
001001000011001
001001111000011
001010110010100
001100010001110
001101111110001
001111101111111
010001110000000
010101001100010
011001010011001
011101110100000
100011001000100
000100011010111
000100100101010
000100100111010
000100101001011
000100101011100
000100101101100
000100110001100
000100110101101
000100111011111
000101000010010
000101001001100
000101010001000
000101011100111
000101101001001
000101110110101
000110000100101
000110011011111
000110110100101
000111001101111
000111101000111
001000010100111
001001000100110
001001111010000
001010110100010
001100010011011
001101111111101
001111110001010
010001110001010
010101001101011
011001010100000
011101110100101
100011001000110
000100011100111
000100100111010
000100101001011
000100101011100
000100101101100
000100101111101
000100110011101
000100110111101
000100111101111
000101000100010
000101001011101
000101010011001
000101011110111
000101101011001
000101111000101
000110000110100
000110011101111
000110110110100
000111001111111
000111101010101
001000010110101
001001000110100
001001111011110
001010110101111
001100010101000
001110000001010
001111110010110
010001110010101
010101001110100
011001010100110
011101110101001
100011001000111
000100100001000
000100101011011
000100101101011
000100101111011
000100110001100
000100110011101
000100110111101
000100111011100
000101000001111
000101001000011
000101001111110
000101010111001
000101100011000
000101101111010
000101111100101
000110001010011
000110100001101
000110111010001
000111010011100
000111101110011
001000011010010
001001001010000
001001111111001
001010111001010
001100011000010
001110000100010
001111110101101
010001110101010
010101010000110
011001010110100
011101110110010
100011001001001
000100100101001
000100101111100
000100110001011
000100110011100
000100110101101
000100110111101
000100111011100
000100111111100
000101000110000
000101001100100
000101010011111
000101011011010
000101100111001
000101110011010
000110000000100
000110001110011
000110100101011
000110111101111
000111010111001
000111110010000
001000011101110
001001001101011
001010000010101
001010111100100
001100011011100
001110000111001
001111111000011
010001110111111
010101010011001
011001011000001
011101110111011
100011001001100
000100101011101
000100110101110
000100110111110
000100111001110
000100111011111
000100111101111
000101000001111
000101000110000
000101001100011
000101010010111
000101011010010
000101100001100
000101101101011
000101111001011
000110000110110
000110010100101
000110101011101
000111000011111
000111011101001
000111110111111
001000100011100
001001010011001
001010001000001
001011000010001
001100100000110
001110001100000
001111111101000
010001111100001
010101010110101
011001011010110
011101111001001
100011001010000
000100110010010
000100111100010
000100111110010
000101000000010
000101000010010
000101000100010
000101001000011
000101001100100
000101010010111
000101011001010
000101100000101
000101101000000
000101110011101
000101111111100
000110001101000
000110011010111
000110110001111
000111001010001
000111100011001
000111111101110
001000101001011
001001011000101
001010001101110
001011000111101
001100100110000
001110010000111
010000000001101
010010000000010
010101011010010
011001011101100
011101111011000
100011001010101
000100111001011
000101000011100
000101000101011
000101000111100
000101001001100
000101001011101
000101001111110
000101010011111
000101011010001
000101100000101
000101100111110
000101101111000
000101111010100
000110000110011
000110010011110
000110100001110
000110111000100
000111010000100
000111101001101
001000000100001
001000101111101
001001011111000
001010010011111
001011001101101
001100101011111
001110010110011
010000000110111
010010000101001
010101011110101
011001100000111
011101111101011
100011001011011
000101000000110
000101001011000
000101001100111
000101001111000
000101010001000
000101010011001
000101010111001
000101011011010
000101100001100
000101101000000
000101101111000
000101110110000
000110000001101
000110001101100
000110011010110
000110101000101
000110111111001
000111010110111
000111110000001
001000001010101
001000110110001
001001100101010
001010011010001
001011010011101
001100110001110
001110011011111
010000001100001
010010001010000
010101100010111
011001100100011
011101111111101
100011001100001
000101001100111
000101010110111
000101011000111
000101011010111
000101011100111
000101011110111
000101100010111
000101100111001
000101101101010
000101110011101
000101111010100
000110000001101
000110001101011
000110011001100
000110100110110
000110110100011
000111001010011
000111100001011
000111111011000
001000010110000
001001000001011
001001110000010
001010100101001
001011011110011
001100111100000
001110100101101
010000010101011
010010010010101
010101101010001
011001101001011
011110000011010
100011001101110
000101011001101
000101100011010
000101100101010
000101100111010
000101101001001
000101101011001
000101101111010
000101110011010
000101111001011
000101111111100
000110000110011
000110001101100
000110011001100
000110100101111
000110110011000
000111000000100
000111010101110
000111101100000
001000000110010
001000100001110
001001001100111
001001111011100
001010110000001
001011101001001
001101000110011
001110101111011
010000011110101
010010011011010
010101110001011
011001101110100
011110000111000
100011001111011
000101100110111
000101110000110
000101110010101
000101110100101
000101110110101
000101111000101
000101111100101
000110000000100
000110000110110
000110001101000
000110010011110
000110011010110
000110100110110
000110110011000
000110111111111
000111001101000
000111100010011
000111111000110
001000010010010
001000101101010
001001011000110
001010000111101
001010111100001
001011110100111
001101010001111
001110111010010
010000101001001
010010100100111
010101111010000
011001110101010
011110001011111
100011010001100
000101110100110
000101111110101
000110000000101
000110000010101
000110000100101
000110000110100
000110001010011
000110001110011
000110010100101
000110011010111
000110100001110
000110101000101
000110110100011
000111000000100
000111001101000
000111011010000
000111101111011
001000000101110
001000011110101
001000111000111
001001100100111
001010010100000
001011001000010
001100000000110
001101011101011
001111000101010
010000110011101
010010101110110
010110000010101
011001111100000
011110010000111
100011010011110
000110001100010
000110010110000
000110011000000
000110011001111
000110011011111
000110011101111
000110100001101
000110100101011
000110101011101
000110110001111
000110111000100
000110111111001
000111001010011
000111010101110
000111100010011
000111101111011
001000000100111
001000011011011
001000110100000
001001001101101
001001111001110
001010101001010
001011011101010
001100010101001
001101110001011
001111011000011
010001000110001
010011000000000
010110010010010
011010001001000
011110011010110
100011011001011
000110100101001
000110101110110
000110110000101
000110110010101
000110110100101
000110110110100
000110111010001
000110111101111
000111000011111
000111001010001
000111010000100
000111010110111
000111100001011
000111101100000
000111111000110
001000000101110
001000011011011
001000110001111
001001001010000
001001100011000
001010001111011
001010111111001
001011110010110
001100101010001
001110000101111
001111101100000
010001011000111
010011010001100
010110100010001
011010010110000
011110100100110
100011011111001
000110111111101
000111001000011
000111001010010
000111001100001
000111001110000
000111001111111
000111010011100
000111010111001
000111011101010
000111100011001
000111101001101
000111110000001
000111111011000
001000000110010
001000010010010
001000011110101
001000110100000
001001001010000
001001100010101
001001111100100
001010101000101
001011011000000
001100001011010
001101000010001
001110011100111
010000000001011
010001101110001
010011100110011
010110110101000
011010100101100
011110110001100
100011100111110
000111011011101
000111100011101
000111100101011
000111100111001
000111101000111
000111101010101
000111101110011
000111110010000
000111110111111
000111111101110
001000000100001
001000001010101
001000010110000
001000100001110
001000101101010
001000111000111
001001001101101
001001100011000
001001111100100
001010010111000
001011000011000
001011110001111
001100100100101
001101011010111
001110110100100
010000010111011
010010000011111
010011111011101
010111001000000
011010110101001
011110111110011
100011110000011
001000001000000
001000001111101
001000010001011
001000010011001
001000010100111
001000010110101
001000011010010
001000011101110
001000100011100
001000101001011
001000101111110
001000110110001
001001000001011
001001001100111
001001011000110
001001100100111
001001111001110
001010001111011
001010101000101
001011000011000
001011101110101
001100011100110
001101001111000
001110000100100
001111011100011
010000111100111
010010101001010
010100100000100
010111101010110
011011010100011
011111011000101
100100000011100
001000111000011
001000111111110
001001000001011
001001000011001
001001000100110
001001000110100
001001001010000
001001001101011
001001010011001
001001011000101
001001011111000
001001100101010
001001110000010
001001111011100
001010000111101
001010010100000
001010101001010
001010111111001
001011011000000
001011110001111
001100011100110
001101001010001
001101111011101
001110110000000
010000000110000
010001100011110
010011001111111
010101000110100
011000001110100
011011110100000
011111110011001
100100010110111
001001101101010
001001110101000
001001110110101
001001111000011
001001111010001
001001111011110
001001111111001
001010000010101
001010001000001
001010001101110
001010010100000
001010011010001
001010100101001
001010110000001
001010111100001
001011001000010
001011011101010
001011110010110
001100001011010
001100100100101
001101001111000
001101111011101
001110101100101
001111100000001
010000110101011
010010010001110
010011111101100
010101110011000
011000111001000
011100011011001
100000010110011
100100110100010
001010100110111
001010101111001
001010110000111
001010110010100
001010110100010
001010110101111
001010111001010
001010111100100
001011000010001
001011000111101
001011001101101
001011010011101
001011011110011
001011101001001
001011110100111
001100000000110
001100010101001
001100101010001
001101000010001
001101011010111
001110000100100
001110110000000
001111100000001
010000010010101
010001100110110
010011000001101
010100101100101
010110100001000
011001100100111
011101000011010
100000111010010
100101010010001
001100000110011
001100001110100
001100010000001
001100010001110
001100010011011
001100010101000
001100011000010
001100011011100
001100100000110
001100100110000
001100101011111
001100110001110
001100111100000
001101000110011
001101010001111
001101011101011
001101110001011
001110000101111
001110011100111
001110110100100
001111011100011
010000000110000
010000110101011
010001100110110
010010111011100
010100010110110
010110000000011
010111110010101
011010110100011
011110001110111
100010000001110
100110010011001
001101110011011
001101111011000
001101111100100
001101111110001
001101111111101
001110000001010
001110000100010
001110000111001
001110001100000
001110010000111
001110010110011
001110011011111
001110100101101
001110101111011
001110111010010
001111000101010
001111011000011
001111101100000
010000000001011
010000010111011
010000111100111
010001100011110
010010010001110
010011000001101
010100010110110
010101110001111
010111011001011
011001001000110
011100000111111
011111011101101
100011001011110
100111010101111
001111100110000
001111101101000
001111101110011
001111101111111
001111110001010
001111110010110
001111110101101
001111111000011
001111111101000
010000000001101
010000000110111
010000001100001
010000010101011
010000011110101
010000101001001
010000110011101
010001000110001
010001011000111
010001101110001
010010000011111
010010101001010
010011001111111
010011111101100
010100101100101
010110000000011
010111011001011
011000111110100
011010101010100
011101101001110
100000111110100
100100101001101
101000101111001
010001100111101
010001101101100
010001101110110
010001110000000
010001110001010
010001110010101
010001110101010
010001110111111
010001111100001
010010000000010
010010000101001
010010001010000
010010010010101
010010011011010
010010100100111
010010101110110
010011000000000
010011010001100
010011100110011
010011111011101
010100100000100
010101000110100
010101110011000
010110100001000
010111110010101
011001001000110
011010101010100
011100010010011
011111010001000
100010100100000
100110001011101
101010001011100
010101000100111
010101001010000
010101001011001
010101001100010
010101001101010
010101001110100
010101010000110
010101010011001
010101010110101
010101011010010
010101011110101
010101100010111
010101101010001
010101110001011
010101111010000
010110000010101
010110010010010
010110100010001
010110110101000
010111001000000
010111101010110
011000001110100
011000111001000
011001100100111
011010110100011
011100000111111
011101101001111
011111010001000
100010001001011
100101010010110
101000110111110
101100110010110
011001001101100
011001010001100
011001010010010
011001010011001
011001010100000
011001010100110
011001010110100
011001011000001
011001011010110
011001011101100
011001100000111
011001100100011
011001101001011
011001101110100
011001110101010
011001111100000
011010001001000
011010010110000
011010100101100
011010110101001
011011010100011
011011110100000
011100011011001
011101000011010
011110001110111
011111011101101
100000111110100
100010100100000
100101010010110
101000001111010
101011101111111
101111100100010
011101110000011
011101110010111
011101110011100
011101110100000
011101110100101
011101110101001
011101110110010
011101110111011
011101111001001
011101111011000
011101111101011
011101111111101
011110000011010
011110000111000
011110001011111
011110010000111
011110011010110
011110100100110
011110110001100
011110111110011
011111011000101
011111110011001
100000010110011
100000111010010
100010000001110
100011001011110
100100101001101
100110001011101
101000110111110
101011101111111
101111001011100
110010111000100
100011000111101
100011001000001
100011001000010
100011001000100
100011001000110
100011001000111
100011001001001
100011001001100
100011001010000
100011001010101
100011001011011
100011001100001
100011001101110
100011001111011
100011010001100
100011010011110
100011011001011
100011011111001
100011100111110
100011110000011
100100000011100
100100010110111
100100110100010
100101010010001
100110010011001
100111010101111
101000101111001
101010001011100
101100110010110
101111100100010
110010111000100
110110011011100
000101000011111
000101001101111
000101010000000
000101010010000
000101010100000
000101010110000
000101011010000
000101011101111
000101100100001
000101101010100
000101110001011
000101111000011
000110000100010
000110010000011
000110011101100
000110101011001
000111000010001
000111011010011
000111110011001
001000001101011
001000111000011
001001100111001
001010011100011
001011010110011
001100110101011
001110100000111
010000010010001
010010010001010
010101101101001
011001110010010
011110010000010
100011011111110
000101001101111
000101011000001
000101011010001
000101011100001
000101011110001
000101100000001
000101100100001
000101101000001
000101101110000
000101110100000
000101111011001
000110000010010
000110001101111
000110011001110
000110100111001
000110110101000
000111001011100
000111100011010
000111111010110
001000010011011
001000111111110
001001101111110
001010100100111
001011011110101
001100111101010
001110101000001
010000011001000
010010010111100
010101110010011
011001110110000
011110010010101
100011100000010
000101010000000
000101011010001
000101011100001
000101011110001
000101100000001
000101100010001
000101100110000
000101101010000
000101110000000
000101110110000
000101111101000
000110000100001
000110001111110
000110011011101
000110101001001
000110110110111
000111001101011
000111100101001
000111111100100
001000010101000
001001000001011
001001110001100
001010100110100
001011100000010
001100111110111
001110101001101
010000011010011
010010011000110
010101110011011
011001110110101
011110010011000
100011100000011
000101010010000
000101011100001
000101011110001
000101100000001
000101100010001
000101100100001
000101101000000
000101101011111
000101110001111
000101111000000
000101111111000
000110000110001
000110010001101
000110011101101
000110101011000
000110111000110
000111001111010
000111100111000
000111111110010
001000010110101
001001000011001
001001110011010
001010101000010
001011100001111
001101000000011
001110101011001
010000011011110
010010011010000
010101110100100
011001110111011
011110010011100
100011100000100
000101010100000
000101011110001
000101100000001
000101100010001
000101100100001
000101100110001
000101101010000
000101101101111
000101110011111
000101111001111
000110000001000
000110001000000
000110010011101
000110011111101
000110101100111
000110111010101
000111010001010
000111101000111
001000000000000
001000011000010
001001000100110
001001110101000
001010101010000
001011100011100
001101000010000
001110101100101
010000011101001
010010011011010
010101110101100
011001111000001
011110010100000
100011100000101
000101010110000
000101100000001
000101100010001
000101100100001
000101100110001
000101101000001
000101101100000
000101101111111
000101110101110
000101111011111
000110000010111
000110001010000
000110010101101
000110100001100
000110101110111
000110111100101
000111010011001
000111101010110
001000000001111
001000011010000
001001000110100
001001110110110
001010101011110
001011100101001
001101000011101
001110101110001
010000011110101
010010011100100
010101110110101
011001111000111
011110010100100
100011100000110
000101011010000
000101100100001
000101100110000
000101101000000
000101101010000
000101101100000
000101101111110
000101110011101
000101111001110
000101111111111
000110000110111
000110001110001
000110011001100
000110100101011
000110110010110
000111000000011
000111010110110
000111101110010
001000000101011
001000011101100
001001001010000
001001111010001
001010101111000
001011101000011
001101000110110
001110110001000
010000100001011
010010011111000
010101111000110
011001111010011
011110010101100
100011100001000
000101011101111
000101101000001
000101101010000
000101101011111
000101101101111
000101101111111
000101110011101
000101110111100
000101111101101
000110000011111
000110001011000
000110010010001
000110011101100
000110101001010
000110110110100
000111000100001
000111011010100
000111110001110
001000001000111
001000100001001
001001001101011
001001111101011
001010110010010
001011101011101
001101001001111
001110110100000
010000100100001
010010100001101
010101111010111
011001111011111
011110010110100
100011100001010
000101100100001
000101101110000
000101110000000
000101110001111
000101110011111
000101110101110
000101111001110
000101111101101
000110000011110
000110001010000
000110010001000
000110011000010
000110100011101
000110101111010
000110111100101
000111001010010
000111100000011
000111110111110
001000001110101
001000100110101
001001010011000
001010000011000
001010110111111
001011110001001
001101001111000
001110111000101
010000101000100
010010100101110
010101111110010
011001111110001
011110010111111
100011100001101
000101101010100
000101110100000
000101110110000
000101111000000
000101111001111
000101111011111
000101111111111
000110000011111
000110001010000
000110010000010
000110010111010
000110011110010
000110101001110
000110110101011
000111000010101
000111010000100
000111100110100
000111111101101
001000010100011
001000101100010
001001011000101
001010001000101
001010111101100
001011110110100
001101010100001
001110111101001
010000101101000
010010101001111
010110000001101
011010000000011
011110011001100
100011100010000
000101110001011
000101111011001
000101111101000
000101111110111
000110000000111
000110000010111
000110000110111
000110001011000
000110010001000
000110010111010
000110011110001
000110100101001
000110110000100
000110111100001
000111001001011
000111010111000
000111101100101
001000000011100
001000011010100
001000110010101
001001011110111
001010001110111
001011000011100
001011111100100
001101011001110
001111000010100
010000110010000
010010101110100
010110000101111
011010000011110
011110011011110
100011100010101
000101111000011
000110000010010
000110000100001
000110000110001
000110001000000
000110001010000
000110001110001
000110010010001
000110011000010
000110011110010
000110100101001
000110101100000
000110110111011
000111000011000
000111010000001
000111011101101
000111110011000
001000001001010
001000100000101
001000111000111
001001100101010
001010010101000
001011001001101
001100000010011
001101011111100
001111000111111
010000110111001
010010110011001
010110001010000
011010000111010
011110011110000
100011100011010
000110000100010
000110001101111
000110001111110
000110010001101
000110010011101
000110010101101
000110011001100
000110011101100
000110100011100
000110101001110
000110110000100
000110110111011
000111000011000
000111001110110
000111011011110
000111101001000
000111111101001
001000010010001
001000101010101
001001000100001
001001110000010
001010011111111
001011010100010
001100001100110
001101101001100
001111010001011
010001000000001
010010111011100
010110010000100
011010001011000
011110100000110
100011100100100
000110010000011
000110011001110
000110011011101
000110011101101
000110011111101
000110100001100
000110100101011
000110101001010
000110101111010
000110110101011
000110111100001
000111000011000
000111001110110
000111011010111
000111100111101
000111110100110
001000000111100
001000011011000
001000110100110
001001001111100
001001111011100
001010101010110
001011011111000
001100010111010
001101110011101
001111011010111
010001001001010
010011000011111
010110010111001
011010001110111
011110100011101
100011100101111
000110011101100
000110100111001
000110101001001
000110101011000
000110101100111
000110101110111
000110110010101
000110110110100
000110111100101
000111000010101
000111001001011
000111010000001
000111011011110
000111100111101
000111110011110
001000000000010
001000010011011
001000100111010
001001000000111
001001011011110
001010000111101
001010110110110
001011101010110
001100100010110
001101111110110
001111100101100
010001010011010
010011001101010
010110011111010
011010010101000
011110100111111
100011100111100
000110101011001
000110110101000
000110110110111
000110111000110
000110111010101
000110111100101
000111000000011
000111000100001
000111001010010
000111010000100
000111010111000
000111011101101
000111101001000
000111110100110
001000000000010
001000001100000
001000011111100
001000110011110
001001001101011
001001101000001
001010010100000
001011000011000
001011110110110
001100101110011
001110001010000
001111110000001
010001011101100
010011010110110
010110100111011
011010011011011
011110101100010
100011101001010
000111000010001
000111001011100
000111001101011
000111001111010
000111010001010
000111010011001
000111010110110
000111011010100
000111100000011
000111100110100
000111101100110
000111110011000
000111111101001
001000000111100
001000010011011
001000011111100
001000110100001
001001001001011
001001100010111
001001111101101
001010101001010
001011010111111
001100001011010
001101000010011
001110011101100
010000000010111
010001101111100
010011100111100
010110110110101
011010100111110
011110110101100
100011101110000
000111011010011
000111100011010
000111100101001
000111100111000
000111101000111
000111101010110
000111101110010
000111110001110
000111110111110
000111111101101
001000000011100
001000001001010
001000010010001
001000011011000
001000100111010
001000110011110
001001001001011
001001011111111
001001111001010
001010010011110
001010111111001
001011101101010
001100100000010
001101010110110
001110110001100
010000010101111
010010000001101
010011111000100
010111000101111
011010110100011
011110111110111
100011110010111
000111110011001
000111111010110
000111111100100
000111111110010
001000000000000
001000000001111
001000000101011
001000001000111
001000001110101
001000010100011
001000011010100
001000100000101
001000101010101
001000110100110
001001000000111
001001001101011
001001100010111
001001111001010
001010010010100
001010101100111
001011011000000
001100000101110
001100111000011
001101101110010
001111000111011
010000101001100
010010010101101
010100001100111
010111011000101
011011000100100
011111001011101
100011111010101
001000001101011
001000010011011
001000010101000
001000010110101
001000011000010
001000011010000
001000011101100
001000100001001
001000100110101
001000101100010
001000110010101
001000111000111
001001000100001
001001001111100
001001011011110
001001101000001
001001111101101
001010010011110
001010101100111
001011000111001
001011110001111
001100011111001
001101010001010
001110000110011
001111011101110
010000111101011
010010101010000
010100100001100
010111101011101
011011010100111
011111011000011
100100000010100
001000111000011
001000111111110
001001000001011
001001000011001
001001000100110
001001000110100
001001001010000
001001001101011
001001010011001
001001011000101
001001011111000
001001100101010
001001110000010
001001111011100
001010000111101
001010010100000
001010101001010
001010111111001
001011011000000
001011110001111
001100011100110
001101001010001
001101111011101
001110110000000
010000000110000
010001100011110
010011001111111
010101000110100
011000001110100
011011110100000
011111110011001
100100010110111
001001100111001
001001101111110
001001110001100
001001110011010
001001110101000
001001110110110
001001111010001
001001111101011
001010000011000
001010001000101
001010001110111
001010010101000
001010011111111
001010101010110
001010110110110
001011000011000
001011010111111
001011101101010
001100000101110
001100011111001
001101001010001
001101110111100
001110101000010
001111011011101
010000101111111
010010001011011
010011110110111
010101101100100
011000110010000
011100010011101
100000001110001
100100101011011
001010011100011
001010100100111
001010100110101
001010101000010
001010101010000
001010101011110
001010101111000
001010110010010
001010110111111
001010111101100
001011000011100
001011001001101
001011010100010
001011011111000
001011101010110
001011110110110
001100001011010
001100100000010
001100111000011
001101010001010
001101111011101
001110101000010
001111010111111
010000001010000
010001011110010
010010111001010
010100100100000
010110011000001
011001011011101
011100111001111
100000110000011
100101000111110
001011010110011
001011011110101
001011100000010
001011100001111
001011100011100
001011100101001
001011101000011
001011101011101
001011110001001
001011110110100
001011111100100
001100000010011
001100001100110
001100010111010
001100100010110
001100101110011
001101000010011
001101010110110
001101101110010
001110000110011
001110110000000
001111011011101
010000001010000
010000111010100
010010001110100
010011101000111
010101010010101
010111000101001
011010000110011
011101100000110
100001010011001
100101100100100
001100110101011
001100111101010
001100111110111
001101000000100
001101000010000
001101000011101
001101000110101
001101001001111
001101001111000
001101010100001
001101011001110
001101011111100
001101101001100
001101110011101
001101111110110
001110001010000
001110011101101
001110110001100
001111000111011
001111011101110
010000000110000
010000101111111
010001011110010
010010001110100
010011100010100
010100111100101
010110100100111
011000010101000
011011010100001
011110101010100
100010011000100
100110100011100
001110100000111
001110101000001
001110101001101
001110101011001
001110101100101
001110101110001
001110110001000
001110110100000
001110111000101
001110111101001
001111000010100
001111000111111
001111010001011
001111011010111
001111100101100
001111110000001
010000000010111
010000010101111
010000101001100
010000111101011
010001100011110
010010001011011
010010111001010
010011101000111
010100111100101
010110010110000
010111111100000
011001101001010
011100100101011
011111110111010
100011100000010
100111100100000
010000010010001
010000011001000
010000011010011
010000011011110
010000011101001
010000011110101
010000100001011
010000100100001
010000101000101
010000101101000
010000110010000
010000110111001
010001000000001
010001001001010
010001010011011
010001011101100
010001101111100
010010000001101
010010010101101
010010101010000
010011001111111
010011110110111
010100100100000
010101010010101
010110100100110
010111111100000
011001011111100
011011001001011
011110000101011
100001010101111
100100111011111
101000111010111
010010010001010
010010010111100
010010011000110
010010011010000
010010011011010
010010011100100
010010011111000
010010100001101
010010100101110
010010101001111
010010101110100
010010110011001
010010111011100
010011000011111
010011001101010
010011010110110
010011100111100
010011111000100
010100001100111
010100100001100
010101000110100
010101101100100
010110011000001
010111000101001
011000010101000
011001101001010
011011001001011
011100101111001
011111101010011
100010111000110
100110011011010
101010010100110
010101101101001
010101110010011
010101110011011
010101110100011
010101110101100
010101110110101
010101111000101
010101111010111
010101111110010
010110000001101
010110000101111
010110001010000
010110010000100
010110010111001
010110011111010
010110100111011
010110110110101
010111000101111
010111011000101
010111101011101
011000001110100
011000110010000
011001011011101
011010000110011
011011010100001
011100100101011
011110000101100
011111101010011
100010011110111
100101100011011
101001000011110
101100111001001
011001110010010
011001110110000
011001110110101
011001110111011
011001111000001
011001111000111
011001111010011
011001111011111
011001111110001
011010000000011
011010000011110
011010000111010
011010001011000
011010001110111
011010010101000
011010011011011
011010100111110
011010110100011
011011000100100
011011010100111
011011110100000
011100010011101
011100111001111
011101100000110
011110101010100
011111110111010
100001010101111
100010111000110
100101100011011
101000011011000
101011110111110
101111100111010
011110010000010
011110010010101
011110010011000
011110010011100
011110010100000
011110010100100
011110010101100
011110010110100
011110011000000
011110011001100
011110011011110
011110011110000
011110100000110
011110100011101
011110100111111
011110101100010
011110110101100
011110111110111
011111001011101
011111011000011
011111110011001
100000001110001
100000110000011
100001010011001
100010011000100
100011100000010
100100111100000
100110011011010
101001000011110
101011110111110
101111010000100
110010111010001
100011011111110
100011100000010
100011100000011
100011100000100
100011100000101
100011100000110
100011100001000
100011100001010
100011100001101
100011100010000
100011100010101
100011100011010
100011100100100
100011100101111
100011100111100
100011101001010
100011101110000
100011110010111
100011111010101
100100000010100
100100010110111
100100101011011
100101000111110
100101100100100
100110100011100
100111100100000
101000111010111
101010010100110
101100111001001
101111100111010
110010111010001
110110011011100
000101111011001
000110000101000
000110000111000
000110001001000
000110001011000
000110001101000
000110010000111
000110010100111
000110011011001
000110100001101
000110101000010
000110101111001
000110111010101
000111000110101
000111010010011
000111011110011
000111110100111
001000001100101
001000100110011
001001000001011
001001101101001
001010011100011
001011010001110
001100001011010
001101101010000
001111010100011
010001000101010
010011000011000
010110011100110
011010011101011
011110110111001
100011111111110
000110000101000
000110001111000
000110010001000
000110010011000
000110010101000
000110010111000
000110011010111
000110011111000
000110100100111
000110101011000
000110110001110
000110111000101
000111000011101
000111001110111
000111011011010
000111100111110
000111111110001
001000010101101
001000101110011
001001001000100
001001110101000
001010100100111
001011011010000
001100010011010
001101110001110
001111011011011
010001001011110
010011001000111
010110100001110
011010100000110
011110111001010
100100000000000
000110000111000
000110010001000
000110010011000
000110010101000
000110010111000
000110011000111
000110011100111
000110100000111
000110100110110
000110101100111
000110110011110
000110111010100
000111000101011
000111010000101
000111011100111
000111101001100
001000000000000
001000010111100
001000110000001
001001001010001
001001110110101
001010100110101
001011011011101
001100010100111
001101110011010
001111011100110
010001001101001
010011001010001
010110100010110
011010100001100
011110111001101
100100000000001
000110001001000
000110010011000
000110010101000
000110010111000
000110011000111
000110011010111
000110011110111
000110100010110
000110101000110
000110101110111
000110110101101
000110111100100
000111000111001
000111010010010
000111011110101
000111101011011
001000000001111
001000011001010
001000110001111
001001001011110
001001111000011
001010101000010
001011011101011
001100010110101
001101110100110
001111011110010
010001001110011
010011001011011
010110100011110
011010100010010
011110111010001
100100000000010
000110001011000
000110010101000
000110010111000
000110011000111
000110011010111
000110011100111
000110100000111
000110100100110
000110101010110
000110110000110
000110110111100
000110111110011
000111001001000
000111010011111
000111100000011
000111101101010
001000000011101
001000011011001
001000110011110
001001001101100
001001111010001
001010101010000
001011011111000
001100011000010
001101110110010
001111011111101
010001001111110
010011001100101
010110100100110
011010100010111
011110111010101
100100000000011
000110001101000
000110010111000
000110011000111
000110011010111
000110011100111
000110011110111
000110100010110
000110100110101
000110101100101
000110110010110
000110111001011
000111000000010
000111001010110
000111010101100
000111100010001
000111101111010
001000000101100
001000011100111
001000110101100
001001001111001
001001111011110
001010101011110
001011100000110
001100011001111
001101110111111
001111100001001
010001010001001
010011001101111
010110100101110
011010100011101
011110111011000
100100000000100
000110010000111
000110011010111
000110011100111
000110011110111
000110100000111
000110100010110
000110100110101
000110101010100
000110110000100
000110110110101
000110111101011
000111000100001
000111001110011
000111011000111
000111100101111
000111110011000
001000001001001
001000100000100
001000111001000
001001010010101
001001111111001
001010101111000
001011100100000
001100011101000
001101111011000
001111100011111
010001010011110
010011010000010
010110100111110
011010100101000
011110111100000
100100000000101
000110010100111
000110011111000
000110100000111
000110100010110
000110100100110
000110100110101
000110101010100
000110101110010
000110110100011
000110111010011
000111000001001
000111001000000
000111010010001
000111011100100
000111101001100
000111110110110
001000001100111
001000100100000
001000111100101
001001010110010
001010000010101
001010110010010
001011100111010
001100100000010
001101111110000
001111100110110
010001010110100
010011010010110
010110101001111
011010100110100
011110111100111
100100000000111
000110011011001
000110100100111
000110100110110
000110101000110
000110101010110
000110101100101
000110110000100
000110110100011
000110111010010
000111000000011
000111000110111
000111001101011
000111010111110
000111100010010
000111101111011
000111111100110
001000010010110
001000101001111
001001000010010
001001011011110
001010001000001
001010110111111
001011101100101
001100100101100
001110000011000
001111101011001
010001011010101
010011010110110
010110101101010
011010101000101
011110111110010
100100000001010
000110100001101
000110101011000
000110101100111
000110101110111
000110110000110
000110110010110
000110110110101
000110111010011
000111000000011
000111000110011
000111001100100
000111010010110
000111011101011
000111101000000
000111110101010
001000000010110
001000011000110
001000101111110
001001001000000
001001100001011
001010001101110
001010111101100
001011110010001
001100101010111
001110000111111
001111101111100
010001011111000
010011011010110
010110110000100
011010101010111
011110111111111
100100000001101
000110101000010
000110110001110
000110110011101
000110110101101
000110110111100
000110111001011
000110111101011
000111000001001
000111000110111
000111001100100
000111010010110
000111011000111
000111100011110
000111101110110
000111111011110
001000001001010
001000011111001
001000110101111
001001001110001
001001100111101
001010010011111
001011000011100
001011111000001
001100110000101
001110001101011
001111110100101
010001100011110
010011011111010
010110110100011
011010101110000
011111000001111
100100000010001
000110101111001
000110111000101
000110111010100
000110111100100
000110111110011
000111000000010
000111000100001
000111001000000
000111001101011
000111010010110
000111011000111
000111011111001
000111101010001
000111110101011
001000000010100
001000001111110
001000100101011
001000111011111
001001010100011
001001101101111
001010011010001
001011001001101
001011111110001
001100110110100
001110010011000
001111111001111
010001101000101
010011100011101
010110111000010
011010110001000
011111000011110
100100000010110
000110111010101
000111000011101
000111000101011
000111000111010
000111001001000
000111001010110
000111001110011
000111010010001
000111010111101
000111011101011
000111100011110
000111101010001
000111110101100
001000000001000
001000001101111
001000011011001
001000110000001
001001000101111
001001011110111
001001111001000
001010100101000
001011010100010
001100001000100
001101000000101
001110011100011
010000000010001
010001110001000
010011101011110
010110111110111
011010110101011
011111000110110
100100000011111
000111000110101
000111001110111
000111010000101
000111010010010
000111010011111
000111010101100
000111011000111
000111011100100
000111100010010
000111101000000
000111101110110
000111110101011
001000000001000
001000001100111
001000011001101
001000100110110
001000111011000
001001001111111
001001101001101
001010000100011
001010110000001
001011011111000
001100010011000
001101001010111
001110100101110
010000001010100
010001111001011
010011110011111
010111000101100
011010111001101
011111001001111
100100000101001
000111010010011
000111011011010
000111011100111
000111011110101
000111100000011
000111100010001
000111100101110
000111101001100
000111101111011
000111110101010
000111111011110
001000000010100
001000001110000
001000011001101
001000100110000
001000110010110
001001000111001
001001011100010
001001110101110
001010010000011
001010111100001
001011101010110
001100011110101
001101010110001
001110110000011
010000010100010
010010000010110
010011111101000
010111001101011
011010111111110
011111001110001
100100000111000
000111011110011
000111100111110
000111101001100
000111101011011
000111101101010
000111101111010
000111110011000
000111110110110
000111111100110
001000000010110
001000001001010
001000001111110
001000011011001
001000100110110
001000110010110
001000111110111
001001010011100
001001101000110
001010000010001
001010011100101
001011001000011
001011110110110
001100101010100
001101100001100
001110111011000
010000011101111
010010001100010
010100000110001
010111010101010
011011000101111
011111010010100
100100001000110
000111110100111
000111111110001
001000000000000
001000000001111
001000000011110
001000000101100
001000001001001
001000001100111
001000010010110
001000011000110
001000011111001
001000100101011
001000110000001
001000111011000
001001000111001
001001010011100
001001101000100
001001111110010
001010010111100
001010110001111
001011011101010
001100001011010
001100111110100
001101110101000
001111001110001
010000110000001
010010011101101
010100010110011
010111100011111
011011010001110
011111011011011
100100001101011
001000001100101
001000010101101
001000010111100
001000011001010
001000011011001
001000011100111
001000100000100
001000100100000
001000101001111
001000101111110
001000110101111
001000111011111
001001000101111
001001001111111
001001011100010
001001101000110
001001111110010
001010010100100
001010101101101
001011000111110
001011110010110
001100100000010
001101010011000
001110001001000
001111100001100
010001000010100
010010101111011
010100100111000
010111110010110
011011011101111
011111100100010
100100010010000
001000100110011
001000101110011
001000110000010
001000110001111
001000110011110
001000110101100
001000111001000
001000111100101
001001000010010
001001001000000
001001001110001
001001010100011
001001011110111
001001101001101
001001110101110
001010000010001
001010010111100
001010101101101
001011000110110
001011100000101
001100001011010
001100111000011
001101101010110
001110100000010
001111110111011
010001010110111
010011000011100
010100111010110
011000000100111
011011101101011
011111110000100
100100011001100
001001000001011
001001001000100
001001001010001
001001001011110
001001001101100
001001001111001
001001010010101
001001010110010
001001011011110
001001100001011
001001100111101
001001101101111
001001111001000
001010000100011
001010010000011
001010011100101
001010110001111
001011000111110
001011100000101
001011111010100
001100100100101
001101010001010
001110000011001
001110111000000
010000001101111
010001101011100
010011011000000
010101001110111
011000010111001
011011111101000
011111111100110
100100100001000
001001101101001
001001110101000
001001110110101
001001111000011
001001111010001
001001111011110
001001111111001
001010000010101
001010001000010
001010001101110
001010010100000
001010011010001
001010100101000
001010110000001
001010111100001
001011001000011
001011011101010
001011110010110
001100001011010
001100100100101
001101001111000
001101111011101
001110101100101
001111100000001
010000110101010
010010010001110
010011111101011
010101110011000
011000111001001
011100011011001
100000010110011
100100110100010
001010011100011
001010100100111
001010100110101
001010101000010
001010101010000
001010101011110
001010101111000
001010110010010
001010110111111
001010111101100
001011000011100
001011001001101
001011010100010
001011011111000
001011101010110
001011110110110
001100001011010
001100100000010
001100111000011
001101010001010
001101111011101
001110101000010
001111010111111
010000001010000
010001011110010
010010111001010
010100100100000
010110011000001
011001011011101
011100111001111
100000110000011
100101000111110
001011010001110
001011011010000
001011011011110
001011011101011
001011011111000
001011100000110
001011100011111
001011100111010
001011101100101
001011110010001
001011111000001
001011111110001
001100001000100
001100010011000
001100011110101
001100101010100
001100111110100
001101010011000
001101101010110
001110000011001
001110101100101
001111010111111
010000000110110
010000110111110
010010001011111
010011100110101
010101010000011
010111000011000
011010000100100
011101011111011
100001010001111
100101100011111
001100001011010
001100010011010
001100010100111
001100010110101
001100011000010
001100011001111
001100011101000
001100100000010
001100100101100
001100101010111
001100110000101
001100110110100
001101000000101
001101001010111
001101010110001
001101100001100
001101110101000
001110001001000
001110100000010
001110111000000
001111100000001
010000001010000
010000110111110
010001100111100
010010111011100
010100010101110
010101111110010
010111101111001
011010101110011
011110000101101
100001110100001
100110000000010
001101101010000
001101110001110
001101110011010
001101110100110
001101110110010
001101110111111
001101111010111
001101111110000
001110000011000
001110000111111
001110001101011
001110010011000
001110011100010
001110100101110
001110110000011
001110111011000
001111001110001
001111100001100
001111110111100
010000001101111
010000110101010
010001011110010
010010001011111
010010111011100
010100001111001
010101101000011
010111001110011
011000111011110
011011111001011
011111001101100
100010110111100
100110111100111
001111010100011
001111011011011
001111011100110
001111011110010
001111011111101
001111100001001
001111100011111
001111100110110
001111101011001
001111101111100
001111110100101
001111111001111
010000000010001
010000001010100
010000010100010
010000011101111
010000110000001
010001000010100
010001010110111
010001101011100
010010010001110
010010111001010
010011100110101
010100010101110
010101101000011
010111000000010
011000100011000
011010001100011
011101000111110
100000011000001
100011111101000
100111111011000
010001000101010
010001001011110
010001001101001
010001001110011
010001001111110
010001010001001
010001010011110
010001010110100
010001011010110
010001011111000
010001100011110
010001101000101
010001110001000
010001111001011
010010000010110
010010001100010
010010011101101
010010101111011
010011000011100
010011011000000
010011111101100
010100100100000
010101010000011
010101111110010
010111001110011
011000100011000
011010000100111
011011101100111
011110100110011
100001110011100
100101010101101
101001001111100
010011000011000
010011001000111
010011001010001
010011001011011
010011001100101
010011001101111
010011010000010
010011010010110
010011010110110
010011011010110
010011011111010
010011100011101
010011101011110
010011110011111
010011111101000
010100000110001
010100010110011
010100100111000
010100111010110
010101001110111
010101110011000
010110011000001
010111000011000
010111101111001
011000111011110
011010001100011
011011101100111
011101010010110
100000001001111
100011010010110
100110110001110
101010100110110
010110011100110
010110100001110
010110100010101
010110100011110
010110100100110
010110100101110
010110100111110
010110101001111
010110101101010
010110110000100
010110110100011
010110111000010
010110111110111
010111000101100
010111001101011
010111010101010
010111100011111
010111110010110
011000000100111
011000010111001
011000111001000
011001011011101
011010000100100
011010101110011
011011111001011
011101000111110
011110100110100
100000001001111
100010111010101
100101111010101
101001010110110
101101000110101
011010011101011
011010100000110
011010100001100
011010100010010
011010100010111
011010100011101
011010100101000
011010100110100
011010101000101
011010101010111
011010101110000
011010110001000
011010110101011
011010111001101
011010111111110
011011000101111
011011010001110
011011011101111
011011101101011
011011111101000
011100011011001
011100111001111
011101011111011
011110000101101
011111001101100
100000011000001
100001110011100
100011010010110
100101111010101
101000101111010
101100000110101
101111101111111
011110110111001
011110111001010
011110111001101
011110111010001
011110111010101
011110111011000
011110111100000
011110111100111
011110111110011
011110111111111
011111000001111
011111000011110
011111000110110
011111001001111
011111001110001
011111010010100
011111011011011
011111100100010
011111110000100
011111111100110
100000010110011
100000110000011
100001010010000
100001110100001
100010110111100
100011111101000
100101010101101
100110110001110
101001010110101
101100000110101
101111011010111
110010111111000
100011111111110
100100000000000
100100000000001
100100000000010
100100000000011
100100000000100
100100000000101
100100000000111
100100000001010
100100000001101
100100000010001
100100000010110
100100000011111
100100000101001
100100000111000
100100001000110
100100001101011
100100010010000
100100011001100
100100100001000
100100110100010
100101000111110
100101100011111
100110000000010
100110111100111
100111111011000
101001001111100
101010100110110
101101000110101
101111101111111
110010111111000
110110011100010
000110111011101
000111000101010
000111000111001
000111001001000
000111001010110
000111001100101
000111010000101
000111010100100
000111011010110
000111100001000
000111100111011
000111101101110
000111111000110
001000000100000
001000001101110
001000010111101
001000101101100
001001000100010
001001011110110
001001111010100
001010100110111
001011010110011
001100001011010
001101000100000
001110100010001
010000001010110
010001111010110
010011110110111
010111001110000
011011001001110
011111011110111
100100100000001
000111000101010
000111001110110
000111010000101
000111010010100
000111010100011
000111010110010
000111011010010
000111011110001
000111100100000
000111101010000
000111110000011
000111110110101
001000000000101
001000001010111
001000010101101
001000100000011
001000110110011
001001001101001
001001100111011
001010000010111
001010101111001
001011011110101
001100010011010
001101001011111
001110101001011
010000010001011
010010000001000
010011111100100
010111010010101
011011001100110
011111100000101
100100100000010
000111000111001
000111010000101
000111010010100
000111010100011
000111010110010
000111011000001
000111011100001
000111100000000
000111100101111
000111101011111
000111110010001
000111111000100
001000000010010
001000001100010
001000010111001
001000100010001
001000111000001
001001001110111
001001101001001
001010000100100
001010110000110
001011100000010
001100010100111
001101001101011
001110101010111
010000010010110
010010000010010
010011111101101
010111010011101
011011001101011
011111100001000
100100100000010
000111001001000
000111010010100
000111010100011
000111010110010
000111011000001
000111011010001
000111011110000
000111100001111
000111100111110
000111101101110
000111110100000
000111111010011
001000000011110
001000001101100
001000011000101
001000100100000
001000111001111
001001010000110
001001101010111
001010000110010
001010110010100
001011100001111
001100010110101
001101001111000
001110101100011
010000010100000
010010000011100
010011111110110
010111010100101
011011001110001
011111100001100
100100100000011
000111001010110
000111010100011
000111010110010
000111011000001
000111011010001
000111011100000
000111011111111
000111100011111
000111101001101
000111101111101
000111110101110
000111111100001
001000000101011
001000001110110
001000011010001
001000100101110
001000111011101
001001010010100
001001101100100
001010000111111
001010110100010
001011100011100
001100011000010
001101010000101
001110101101111
010000010101011
010010000100110
010100000000000
010111010101100
011011001110110
011111100001111
100100100000100
000111001100101
000111010110010
000111011000001
000111011010001
000111011100000
000111011110000
000111100001111
000111100101110
000111101011100
000111110001100
000111110111110
000111111110000
001000000110111
001000010000000
001000011011101
001000100111100
001000111101100
001001010100010
001001101110011
001010001001101
001010110101111
001011100101001
001100011001111
001101010010010
001110101111011
010000010110110
010010000110000
010100000001001
010111010110100
011011001111011
011111100010011
100100100000101
000111010000101
000111011010010
000111011100001
000111011110000
000111011111111
000111100001111
000111100101101
000111101001011
000111101111010
000111110101001
000111111011010
001000000001100
001000001010001
001000010010111
001000011111000
001000101011010
001001000001001
001001010111110
001001110001111
001010001101001
001010111001010
001011101000011
001100011101000
001101010101011
001110110010011
010000011001100
010010001000101
010100000011101
010111011000100
011011010000110
011111100011010
100100100000111
000111010100100
000111011110001
000111100000000
000111100001111
000111100011111
000111100101110
000111101001011
000111101101001
000111110010111
000111111000110
000111111110111
001000000101001
001000001101011
001000010101111
001000100010010
001000101111000
001001000100110
001001011011011
001001110101011
001010010000100
001010111100100
001011101011101
001100100000010
001101011000101
001110110101011
010000011100001
010010001011001
010100000110000
010111011010100
011011010010001
011111100100001
100100100001000
000111011010110
000111100100000
000111100101111
000111100111110
000111101001101
000111101011100
000111101111010
000111110010111
000111111000100
000111111110010
001000000011111
001000001001100
001000010010010
001000011011010
001000100111111
001000110100110
001001001010100
001001100001000
001001111011000
001010010110000
001011000010000
001011110001001
001100100101100
001101011101110
001110111010001
010000100000011
010010001111010
010100001001110
010111011101101
011011010100011
011111100101100
100100100001010
000111100001000
000111101010000
000111101011111
000111101101110
000111101111101
000111110001100
000111110101001
000111111000110
000111111110010
001000000011110
001000001000110
001000001101111
001000010111010
001000100000101
001000101101100
001000111010100
001001010000010
001001100110111
001010000000101
001010011011100
001011000111101
001011110110100
001100101010111
001101100010111
001110111110111
010000100100100
010010010011010
010100001101101
010111100000111
011011010110101
011111100110111
100100100001101
000111100111011
000111110000011
000111110010001
000111110100000
000111110101110
000111110111110
000111111011010
000111111110111
001000000011111
001000001000110
001000001110000
001000010011001
001000011101000
001000100111000
001000110011111
001001000000111
001001010110101
001001101101001
001010000110111
001010100001101
001011001101101
001011111100100
001100110000101
001101101000100
001111000100001
010000101001011
010010010111111
010100010001111
010111100100011
011011011001001
011111101000101
100100100010001
000111101101110
000111110110101
000111111000100
000111111010011
000111111100001
000111111110000
001000000001100
001000000101001
001000001001100
001000001101111
001000010011001
001000011000100
001000100010111
001000101101100
001000111010010
001001000111010
001001011101000
001001110011100
001010001101001
001010100111110
001011010011101
001100000010011
001100110110100
001101101110001
001111001001100
010000101110011
010010011100100
010100010110001
010111101000000
011011011011110
011111101010011
100100100010101
000111111000110
001000000000101
001000000010010
001000000011111
001000000101011
001000000110111
001000001010001
001000001101011
001000010010010
001000010111010
001000011101000
001000100010111
001000101101101
001000111000101
001001000101011
001001010010100
001001101000001
001001111110101
001010011000010
001010110010101
001011011110011
001100001100110
001101000000101
001101110111111
001111010010001
010000110101100
010010100100000
010100011101111
010111101110101
011011100000101
011111101101101
100100100011110
001000000100000
001000001010111
001000001100010
001000001101100
001000001110110
001000010000000
001000010010111
001000010101111
001000011011010
001000100000101
001000100111000
001000101101100
001000111000101
001001000100001
001001010000111
001001011101111
001001110011100
001010001010000
001010100011011
001010111101110
001011101001001
001100010111010
001101001010111
001110000001110
001111011010110
010000111100100
010010101011100
010100100101110
010111110101011
011011100101100
011111110000111
100100100100110
001000001101110
001000010101101
001000010111001
001000011000101
001000011010001
001000011011101
001000011111000
001000100010010
001000100111111
001000101101100
001000110011110
001000111010010
001001000101011
001001010000111
001001011101011
001001101010001
001001111111110
001010010110010
001010101111011
001011001001101
001011110100111
001100100010110
001101010110001
001110001100110
001111100100101
010001000101001
010010110100010
010100101110100
010111111101000
011011101011100
011111110101001
100100100110110
001000010111101
001000100000011
001000100010001
001000100100000
001000100101110
001000100111100
001000101011010
001000101111000
001000110100110
001000111010100
001001000000111
001001000111010
001001010010100
001001011101111
001001101010001
001001110110101
001010001100011
001010100010101
001010111011101
001011010101101
001100000000110
001100101110011
001101100001100
001110010111111
001111101110110
010001001101111
010010111101000
010100110111011
011000000100101
011011110001100
011111111001011
100100101000101
001000101101100
001000110110011
001000111000001
001000111001111
001000111011101
001000111101100
001001000001001
001001000100110
001001001010100
001001010000010
001001010110100
001001011101000
001001101000001
001001110011100
001001111111110
001010001100011
001010100001110
001010110111111
001011010000110
001011101010011
001100010101001
001101000010011
001101110101000
001110101010111
010000000001001
010001011111011
010011001101110
010101000111001
011000010010101
011011111100111
100000000001111
100100101101001
001001000100010
001001001101001
001001001110111
001001010000110
001001010010100
001001010100010
001001010111110
001001011011011
001001100001000
001001100110111
001001101101001
001001110011100
001001111110101
001010001010000
001010010110010
001010100010101
001010110111111
001011001101110
001011100110011
001011111111111
001100101010001
001101010110110
001110001001000
001110111110011
010000010011111
010001110001001
010011011110111
010101010111001
011000100000110
011100001000011
100000001010011
100100110001100
001001011110110
001001100111011
001001101001001
001001101010111
001001101100101
001001101110011
001001110001111
001001110101011
001001111011000
001010000000101
001010000110111
001010001101001
001010011000001
001010100011011
001010101111011
001010111011101
001011010000110
001011100110011
001011111110111
001100011000010
001101000010001
001101101110010
001110100000010
001111010101000
010000101010000
010010000110010
010011110011001
010101101010011
011000110010010
011100010111001
100000010110000
100100111000101
001001111010100
001010000010111
001010000100100
001010000110010
001010000111111
001010001001101
001010001101001
001010010000100
001010010110000
001010011011100
001010100001101
001010100111110
001010110010101
001010111101110
001011001001101
001011010101101
001011101010011
001011111111111
001100011000010
001100110001100
001101011010111
001110000110011
001110111000000
001111101100010
010001000000011
010010011011101
010100000111110
010101111101111
011001000100000
011100100110001
100000100001110
100100111111111
001010100110111
001010101111001
001010110000111
001010110010100
001010110100010
001010110101111
001010111001010
001010111100100
001011000010001
001011000111101
001011001101101
001011010011101
001011011110011
001011101001001
001011110100111
001100000000110
001100010101001
001100101010001
001101000010001
001101011010111
001110000100100
001110110000000
001111100000001
010000010010101
010001100110110
010011000001101
010100101100101
010110100001000
011001100100111
011101000011010
100000111010010
100101010010001
001011010110011
001011011110101
001011100000010
001011100001111
001011100011100
001011100101001
001011101000011
001011101011101
001011110001001
001011110110100
001011111100100
001100000010011
001100001100110
001100010111010
001100100010110
001100101110011
001101000010011
001101010110110
001101101110010
001110000110011
001110110000000
001111011011101
010000001010000
010000111010100
010010001110100
010011101000111
010101010010101
010111000101001
011010000110011
011101100000110
100001010011001
100101100100100
001100001011010
001100010011010
001100010100111
001100010110101
001100011000010
001100011001111
001100011101000
001100100000010
001100100101100
001100101010111
001100110000101
001100110110100
001101000000101
001101001010111
001101010110001
001101100001100
001101110101000
001110001001000
001110100000010
001110111000000
001111100000001
010000001010000
010000110111110
010001100111100
010010111011100
010100010101110
010101111110010
010111101111001
011010101110011
011110000101101
100001110100001
100110000000010
001101000100000
001101001011111
001101001101011
001101001111000
001101010000101
001101010010010
001101010101011
001101011000101
001101011101110
001101100010111
001101101000100
001101101110001
001101110111111
001110000001110
001110001100110
001110010111111
001110101010111
001110111110011
001111010101000
001111101100010
010000010010101
010000111010100
010001100111100
010010010110011
010011101010010
010101000100010
010110101011011
011000011010011
011011010111010
011110101011000
100010010101101
100110011100010
001110100010001
001110101001011
001110101010111
001110101100011
001110101101111
001110101111011
001110110010011
001110110101011
001110111010000
001110111110111
001111000100001
001111001001100
001111010010001
001111011010110
001111100100101
001111101110110
010000000001001
010000010011111
010000101010000
010001000000011
010001100110110
010010001110100
010010111011100
010011101010010
010100111101001
010110010101100
010111111001000
011001100011101
011100011111100
011111110001001
100011010110111
100111010110101
010000001010110
010000010001011
010000010010110
010000010100000
010000010101011
010000010110110
010000011001100
010000011100001
010000100000011
010000100100100
010000101001011
010000101110011
010000110101100
010000111100100
010001000101001
010001001101111
010001011111011
010001110001001
010010000110010
010010011011101
010011000001101
010011101000111
010100010101110
010101000100010
010110010101100
010111101011101
011001001011000
011010110000010
011101101010111
100000111001110
100100011010001
101000010010011
010001111010110
010010000001000
010010000010001
010010000011100
010010000100110
010010000110000
010010001000101
010010001011001
010010001111010
010010010011010
010010010111111
010010011100100
010010100100000
010010101011100
010010110100010
010010111101000
010011001101110
010011011110111
010011110011001
010100000111110
010100101100101
010101010010101
010101111110010
010110101011011
010111111001000
011001001011000
011010101011001
011100010001000
011111001000000
100010010001100
100101101111101
101001100100010
010011110110111
010011111100100
010011111101101
010011111110110
010100000000000
010100000001001
010100000011101
010100000110000
010100001001110
010100001101101
010100010001111
010100010110001
010100011101111
010100100101110
010100101110100
010100110111011
010101000111001
010101010111001
010101101010011
010101111101111
010110100001000
010111000101001
010111101111001
011000011010011
011001100011101
011010110000010
011100010001000
011101110111001
100000101001110
100011101101000
100111001000011
101010111000110
010111001110000
010111010010101
010111010011101
010111010100101
010111010101100
010111010110100
010111011000100
010111011010100
010111011101101
010111100000111
010111100100011
010111101000000
010111101110101
010111110101011
010111111101000
011000000100101
011000010010101
011000100000110
011000110010011
011001000100000
011001100100110
011010000110011
011010101110011
011011010111010
011100011111100
011101101010111
011111001000000
100000101001110
100011010110111
100110010010010
101001101001111
101101010100010
011011001001110
011011001100110
011011001101011
011011001110001
011011001110110
011011001111011
011011010000110
011011010010001
011011010100011
011011010110101
011011011001001
011011011011110
011011100000101
011011100101100
011011101011100
011011110001100
011011111100111
011100001000011
011100010111001
011100100110001
011101000011010
011101100000110
011110000101101
011110101011000
011111110001001
100000111001110
100010010001100
100011101101000
100110010010010
101001000011100
101100010101101
101111111000101
011111011110111
011111100000101
011111100001000
011111100001100
011111100001111
011111100010011
011111100011010
011111100100001
011111100101100
011111100110111
011111101000101
011111101010011
011111101101101
011111110000111
011111110101001
011111111001011
100000000001111
100000001010011
100000010110000
100000100001110
100000111010010
100001010011001
100001110100001
100010010101101
100011010110111
100100011010001
100101101111101
100111001000011
101001101001110
101100010101101
101111100101010
110011000100000
100100100000001
100100100000010
100100100000010
100100100000011
100100100000100
100100100000101
100100100000111
100100100001000
100100100001010
100100100001101
100100100010001
100100100010101
100100100011110
100100100100110
100100100110110
100100101000101
100100101101001
100100110001100
100100111000101
100100111111111
100101010010001
100101100100100
100110000000010
100110011100010
100111010110101
101000010010011
101001100100010
101010111000110
101101010100010
101111111000101
110011000100000
110110011101000
001000011001111
001000100011010
001000100101001
001000100111000
001000101000111
001000101010110
001000101110100
001000110010011
001000111000100
001000111110101
001001000101000
001001001011011
001001010110100
001001100001110
001001101100110
001001110111111
001010001101111
001010100100101
001010111110111
001011011010001
001100000110011
001100110101011
001101101010000
001110100010001
001111111110110
010001100100100
010011010101111
010101010010101
011000101001000
011100100001001
100000110000111
100101101001001
001000100011010
001000101100101
001000101110100
001000110000010
001000110010001
001000110100000
001000110111111
001000111011110
001001000001110
001001000111110
001001001110000
001001010100011
001001011110111
001001101001100
001001110100111
001010000000100
001010010110100
001010101101001
001011000111010
001011100010010
001100001110100
001100111101010
001101110001110
001110101001011
010000000101101
010001101010110
010011011011101
010101010111110
011000101101000
011100100011101
100000110010011
100101101001010
001000100101001
001000101110100
001000110000010
001000110010001
001000110100000
001000110101111
001000111001110
001000111101101
001001000011100
001001001001100
001001001111110
001001010110010
001001100000011
001001101010111
001001110110100
001010000010011
001010011000010
001010101110111
001011001000111
001011100100000
001100010000001
001100111110111
001101110011010
001110101010111
010000000111000
010001101100001
010011011100111
010101011000110
011000101101111
011100100100001
100000110010101
100101101001010
001000100111000
001000110000010
001000110010001
001000110100000
001000110101111
001000110111111
001000111011101
001000111111101
001001000101011
001001001011011
001001010001101
001001011000000
001001100010001
001001101100011
001001111000010
001010000100001
001010011010000
001010110000101
001011001010101
001011100101101
001100010001110
001101000000100
001101110100110
001110101100011
010000001000011
010001101101011
010011011110000
010101011001110
011000101110110
011100100100110
100000110011000
100101101001010
001000101000111
001000110010001
001000110100000
001000110101111
001000110111110
001000111001110
001000111101101
001001000001100
001001000111011
001001001101001
001001010011100
001001011001111
001001100011110
001001101101111
001001111001110
001010000110000
001010011011110
001010110010011
001011001100011
001011100111011
001100010011011
001101000010000
001101110110011
001110101101111
010000001001110
010001101110101
010011011111010
010101011010111
011000101111100
011100100101010
100000110011011
100101101001011
001000101010110
001000110100000
001000110101111
001000110111111
001000111001110
001000111011101
001000111111100
001001000011011
001001001001010
001001001111000
001001010101011
001001011011110
001001100101100
001001101111011
001001111011011
001010000111110
001010011101101
001010110100001
001011001110001
001011101001000
001100010101000
001101000011101
001101110111111
001110101111011
010000001011010
010001110000000
010011100000011
010101011100000
011000110000011
011100100101110
100000110011101
100101101001100
001000101110100
001000110111111
001000111001110
001000111011110
001000111101101
001000111111100
001001000011010
001001000111001
001001001100110
001001010010101
001001011000111
001001011111010
001001101000110
001001110010011
001001111110110
001010001011011
001010100001001
001010110111101
001011010001100
001011101100010
001100011000010
001101000110101
001101111011000
001110110010011
010000001110000
010001110010100
010011100010110
010101011110001
011000110010001
011100100110111
100000110100011
100101101001101
001000110010011
001000111011110
001000111101101
001000111111101
001001000001100
001001000011011
001001000111001
001001001010111
001001010000100
001001010110001
001001011100100
001001100010111
001001101100001
001001110101100
001010000010001
001010001111000
001010100100110
001010111011001
001011010100111
001011101111101
001100011011011
001101001001111
001101111110000
001110110101011
010000010000111
010001110101001
010011100101001
010101100000010
011000110011111
011100101000000
100000110101000
100101101001110
001000111000100
001001000001110
001001000011100
001001000101011
001001000111011
001001001001010
001001001100110
001001010000100
001001010110001
001001011011110
001001100001110
001001100111111
001001110001011
001001111011000
001010000111110
001010010100101
001010101010011
001011000000101
001011011010011
001011110100111
001100100000110
001101001111000
001110000010111
001110111010000
010000010101010
010001111001001
010011101001000
010101100011110
011000110110110
011100101001110
100000110110010
100101101010000
001000111110101
001001000111110
001001001001100
001001001011011
001001001101001
001001001111000
001001010010101
001001010110001
001001011011110
001001100001011
001001100111001
001001101100111
001001110110101
001010000000100
001010001101011
001010011010010
001010101111111
001011000110010
001011011111111
001011111010011
001100100101111
001101010100001
001110000111111
001110111110111
010000011001110
010001111101010
010011101100110
010101100111010
011000111001100
011100101011110
100000110111100
100101101010011
001001000101000
001001001110000
001001001111110
001001010001101
001001010011100
001001010101011
001001011000111
001001011100100
001001100001110
001001100111001
001001101100111
001001110010101
001001111100101
001010000110111
001010010011101
001010100000100
001010110110001
001011001100011
001011100101111
001100000000010
001100101011111
001101011001110
001110001101011
001111000100001
010000011110101
010010000001110
010011110001001
010101101011010
011000111100110
011100101110000
100000111000111
100101101010101
001001001011011
001001010100011
001001010110010
001001011000000
001001011001111
001001011011110
001001011111010
001001100010111
001001100111111
001001101100111
001001110010101
001001111000100
001010000010110
001010001101010
001010011010000
001010100110111
001010111100011
001011010010110
001011101100000
001100000110011
001100110001101
001101011111100
001110010010111
001111001001100
010000100011110
010010000110100
010011110101100
010101101111001
011001000000000
011100110000010
100000111010011
100101101011000
001001010110100
001001011110111
001001100000100
001001100010001
001001100011110
001001100101100
001001101000110
001001101100001
001001110001011
001001110110101
001001111100101
001010000010110
001010001101100
001010011000100
001010100101000
001010110001110
001011000111011
001011011101101
001011110110110
001100010000111
001100111100000
001101101001100
001110011100010
001111010010001
010000101011111
010010001110000
010011111100111
010101110110011
011001000110000
011100110100100
100000111101001
100101101011110
001001100001110
001001101001100
001001101010111
001001101100011
001001101101111
001001101111011
001001110010011
001001110101100
001001111011000
001010000000100
001010000110111
001010001101010
001010011000100
001010100011111
001010110000010
001010111101000
001011010010100
001011101000101
001100000001101
001100011011100
001101000110011
001101110011101
001110100101110
001111011010110
010000110100001
010010010101011
010100000100011
010101111101101
011001001100001
011100111000111
100001000000000
100101101100101
001001101100110
001001110100111
001001110110100
001001111000010
001001111001110
001001111011011
001001111110110
001010000010001
001010000111110
001010001101011
001010010011100
001010011010000
001010100101000
001010110000010
001010111100101
001011001001001
001011011110100
001011110100101
001100001101100
001100100111001
001101010001111
001101111110110
001110110000011
001111100100101
010000111101100
010010011110001
010100001100111
010110000101111
011001010011001
011100111110000
100001000011101
100101101110001
001001110111111
001010000000100
001010000010011
001010000100001
001010000110000
001010000111110
001010001011011
001010001111000
001010010100101
001010011010010
001010100000100
001010100110111
001010110001110
001010111101000
001011001001001
001011010101100
001011101010110
001100000000110
001100011001100
001100110010111
001101011101011
001110001010000
001110111011001
001111101110110
010001000111000
010010100111000
010100010101011
010110001110001
011001011010001
011101000011011
100001000111010
100101101111100
001010001101111
001010010110100
001010011000010
001010011010000
001010011011110
001010011101101
001010100001001
001010100100110
001010101010010
001010101111111
001010110110001
001010111100011
001011000111011
001011010010100
001011011110100
001011101010110
001011111111111
001100010101101
001100101110001
001101000111011
001101110001011
001110011101101
001111001110001
010000000001001
010001011000110
010010110111111
010100100101100
010110011101000
011001100111001
011101001101110
100001001110110
100101110011001
001010100100101
001010101101001
001010101110111
001010110000101
001010110010011
001010110100001
001010110111101
001010111011001
001011000000101
001011000110010
001011001100011
001011010010110
001011011101101
001011101000101
001011110100101
001100000000110
001100010101101
001100101011001
001101000011011
001101011100010
001110000101111
001110110001100
001111100001100
010000010011111
010001101010110
010011001000111
010100110101101
010110101100001
011001110100011
011101011000001
100001010110010
100101110110101
001010111110111
001011000111010
001011001001000
001011001010101
001011001100011
001011001110001
001011010001100
001011010100111
001011011010011
001011011111111
001011100101111
001011101100000
001011110110110
001100000001101
001100001101100
001100011001100
001100101110001
001101000011011
001101011011100
001101110100010
001110011100111
001111000111011
001111110111011
010000101010000
010010000000001
010011011101010
010101001001001
010110111110011
011010000100110
011101100101110
100001100000110
100101111100110
001011011010001
001011100010010
001011100100000
001011100101101
001011100111011
001011101001000
001011101100010
001011101111101
001011110100111
001011111010011
001100000000010
001100000110011
001100010000111
001100011011100
001100100111001
001100110010111
001101000111011
001101011100010
001101110100010
001110001100111
001110110100100
001111011101110
010000001101111
010001000000011
010010010101110
010011110001111
010101011100111
010111010000111
011010010101010
011101110011101
100001101011010
100110000010111
001100000110011
001100001110100
001100010000001
001100010001110
001100010011011
001100010101000
001100011000010
001100011011011
001100100000110
001100100101111
001100101011111
001100110001101
001100111100000
001101000110011
001101010001111
001101011101011
001101110001011
001110000101111
001110011100111
001110110100100
001111011100011
010000000110000
010000110101010
010001100110110
010010111011100
010100010110110
010110000000011
010111110010101
011010110100011
011110001110111
100010000001110
100110010011001
001100110101011
001100111101010
001100111110111
001101000000100
001101000010000
001101000011101
001101000110101
001101001001111
001101001111000
001101010100001
001101011001110
001101011111100
001101101001100
001101110011101
001101111110110
001110001010000
001110011101101
001110110001100
001111000111011
001111011101110
010000000110000
010000101111111
010001011110010
010010001110100
010011100010100
010100111100101
010110100100111
011000010101000
011011010100001
011110101010100
100010011000100
100110100011100
001101101010000
001101110001110
001101110011010
001101110100110
001101110110011
001101110111111
001101111010111
001101111110000
001110000010111
001110000111111
001110001101011
001110010010111
001110011100011
001110100101110
001110110000011
001110111011001
001111001110001
001111100001100
001111110111011
010000001101111
010000110101011
010001011110010
010010001011111
010010111011100
010100001111001
010101101000011
010111001110011
011000111011110
011011111001011
011111001101100
100010110111100
100110111100111
001110100010001
001110101001011
001110101010111
001110101100011
001110101101111
001110101111011
001110110010011
001110110101011
001110111010000
001110111110111
001111000100001
001111001001100
001111010010001
001111011010110
001111100100101
001111101110110
010000000001001
010000010011111
010000101010000
010001000000011
010001100110110
010010001110100
010010111011100
010011101010010
010100111101001
010110010101100
010111111001000
011001100011101
011100011111100
011111110001001
100011010110111
100111010110101
001111111110110
010000000101101
010000000111000
010000001000011
010000001001110
010000001011010
010000001110000
010000010000111
010000010101010
010000011001110
010000011110101
010000100011110
010000101011111
010000110100001
010000111101100
010001000111000
010001011000110
010001101010110
010010000000001
010010010101110
010010111011100
010011100010100
010100001111000
010100111101001
010110001110010
010111100100001
011001000101011
011010101101000
011101100110110
100000110100111
100100010101110
101000001110100
010001100100100
010001101010110
010001101100001
010001101101011
010001101110101
010001110000000
010001110010100
010001110101001
010001111001001
010001111101010
010010000001110
010010000110100
010010001110000
010010010101011
010010011110001
010010100111000
010010110111111
010011001000111
010011011101010
010011110001111
010100010110110
010100111100101
010101101000011
010110010101100
010111100100001
011000110111001
011010010101100
011011111001100
011110110000111
100001111010111
100101010110010
101001000111110
010011010101111
010011011011101
010011011100110
010011011110000
010011011111010
010011100000011
010011100010110
010011100101001
010011101001000
010011101100110
010011110001001
010011110101100
010011111100111
010100000100011
010100001100110
010100010101011
010100100101011
010100110101101
010101001001001
010101011100111
010110000000011
010110100100111
010111001110010
010111111001000
011001000101011
011010010101100
011011110100001
011101011000001
100000001010111
100011001110100
100110100111101
101010010101101
010101010010101
010101010111110
010101011000110
010101011001110
010101011010111
010101011100000
010101011110001
010101100000010
010101100011110
010101100111010
010101101011010
010101101111001
010101110110011
010101111101101
010110000101111
010110001110001
010110011101000
010110101100001
010110111110011
010111010000111
010111110010101
011000010101000
011000111011110
011001100011101
011010101101000
011011111001100
011101011000001
011110111011101
100001101001000
100100100101011
100111111011110
101011100101110
011000101001000
011000101101000
011000101101111
011000101110110
011000101111100
011000110000011
011000110010001
011000110011111
011000110110110
011000111001100
011000111100110
011001000000000
011001000110000
011001001100001
011001010011001
011001011010001
011001100111001
011001110100011
011010000100110
011010010101010
011010110100011
011011010100001
011011111001011
011100011111100
011101100110110
011110110000111
100000001010111
100001101001000
100100010001011
100111000110111
101010011000010
101101111010111
011100100001001
011100100011101
011100100100001
011100100100110
011100100101010
011100100101110
011100100110111
011100101000000
011100101001110
011100101011110
011100101110000
011100110000010
011100110100100
011100111000111
011100111110000
011101000011011
011101001101110
011101011000001
011101100101110
011101110011101
011110001110111
011110101010100
011111001101100
011111110001001
100000110100111
100001111010111
100011001110100
100100100101011
100111000110111
101001110011101
101100111110010
110000011000001
100000110000111
100000110010011
100000110010101
100000110011000
100000110011010
100000110011101
100000110100011
100000110101000
100000110110010
100000110111100
100000111000111
100000111010011
100000111101001
100001000000000
100001000011101
100001000111010
100001001110110
100001010110010
100001100000110
100001101011010
100010000001110
100010011000100
100010110111100
100011010110111
100100010101110
100101010110010
100110100111101
100111111011110
101010011000001
101100111110010
110000000101010
110011011010001
100101101001001
100101101001010
100101101001010
100101101001010
100101101001011
100101101001100
100101101001101
100101101001110
100101101010000
100101101010011
100101101010101
100101101011000
100101101011110
100101101100101
100101101110001
100101101111100
100101110011001
100101110110101
100101111100110
100110000010111
100110010011001
100110100011100
100110111100111
100111010110101
101000001110100
101001000111110
101010010101101
101011100101110
101101111010111
110000011000001
110011011010001
110110101000001
001010001100000
001010010100111
001010010110101
001010011000011
001010011010001
001010011011111
001010011111100
001010100011000
001010101000110
001010101110100
001010110100101
001010111010101
001011000101100
001011010000101
001011011100111
001011101001011
001011111110111
001100010100111
001100101110001
001101001000001
001101110011011
001110100000111
001111010100011
010000001010110
010001100100100
010011000110001
010100111000010
010110110101000
011010001001101
011101111101001
100010000110011
100110110100011
001010010100111
001010011101100
001010011111010
001010100001000
001010100010101
001010100100011
001010101000000
001010101011110
001010110001100
001010110111011
001010111101011
001011000011100
001011001110010
001011011001001
001011100101011
001011110001110
001100000110111
001100011100110
001100110110000
001101010000000
001101111011000
001110101000001
001111011011011
010000010001011
010001101010110
010011001011111
010100111101011
010110111001100
011010001100111
011101111110111
100010000111011
100110110100011
001010010110101
001010011111010
001010100001000
001010100010110
001010100100011
001010100110010
001010101001111
001010101101101
001010110011011
001010111001000
001010111111001
001011000101010
001011001111111
001011011010111
001011100111000
001011110011100
001100001000101
001100011110011
001100110111101
001101010001101
001101111100100
001110101001101
001111011100110
010000010010110
010001101100000
010011001101001
010100111110100
010110111010011
011010001101101
011101111111010
100010000111101
100110110100011
001010011000011
001010100001000
001010100010110
001010100100100
001010100110010
001010101000000
001010101011110
001010101111100
001010110101001
001010111010110
001011000000111
001011000111001
001011010001110
001011011100100
001011101000110
001011110101010
001100001010011
001100100000001
001100111001010
001101010011010
001101111110001
001110101011001
001111011110010
010000010100000
010001101101011
010011001110011
010100111111101
010110111011010
011010001110011
011101111111101
100010000111111
100110110100011
001010011010001
001010100010101
001010100100100
001010100110010
001010101000000
001010101001111
001010101101100
001010110001010
001010110110111
001010111100011
001011000010101
001011001001000
001011010011100
001011011110001
001011101010100
001011110111000
001100001100001
001100100001111
001100111010111
001101010100111
001101111111101
001110101100101
001111011111101
010000010101011
010001101110101
010011001111100
010101000000110
010110111100010
011010001111000
011110000000000
100010001000001
100110110100011
001010011011111
001010100100011
001010100110010
001010101000000
001010101001111
001010101011110
001010101111011
001010110011010
001010111000101
001010111110010
001011000100100
001011001010110
001011010101010
001011011111111
001011101100010
001011111000111
001100001101111
001100100011100
001100111100101
001101010110100
001110000001010
001110101110001
001111100001001
010000010110110
010001110000000
010011010000110
010101000001111
010110111101001
011010001111110
011110000000011
100010001000011
100110110100100
001010011111100
001010101000000
001010101001111
001010101011110
001010101101101
001010101111011
001010110011001
001010110110110
001010111100001
001011000001100
001011000111111
001011001110010
001011011000100
001011100011000
001011101111100
001011111100001
001100010001010
001100100110111
001100111111110
001101011001011
001110000100010
001110110001000
001111100011111
010000011001100
010001110010100
010011010011001
010101000100000
010110111111001
011010010001001
011110000001010
100010001000110
100110110100100
001010100011000
001010101011110
001010101101101
001010101111100
001010110001010
001010110011010
001010110110110
001010111010011
001010111111101
001011000100111
001011001011010
001011010001110
001011011100000
001011100110011
001011110010111
001011111111100
001100010100100
001100101010010
001101000010111
001101011100011
001110000111001
001110110100000
001111100110110
010000011100001
010001110101001
010011010101100
010101000110001
010111000001000
011010010010101
011110000010000
100010001001010
100110110100101
001010101000110
001010110001100
001010110011011
001010110101001
001010110110111
001010111000101
001010111100001
001010111111101
001011000101000
001011001010100
001011010001000
001011010111011
001011100001100
001011101011111
001011111000010
001100000100110
001100011001110
001100101111010
001101001000000
001101100001100
001110001100000
001110111000101
001111101011001
010000100000011
010001111001001
010011011001011
010101001001101
010111000100000
011010010101000
011110000011100
100010001010010
100110110100111
001010101110100
001010110111011
001010111001000
001010111010110
001010111100011
001010111110010
001011000001100
001011000100111
001011001010100
001011010000000
001011010110101
001011011101001
001011100111010
001011110001011
001011111101101
001100001010000
001100011111000
001100110100100
001101001101001
001101100110101
001110010000111
001110111101001
001111101111100
010000100100100
010001111101010
010011011101010
010101001101001
010111000111001
011010010111011
011110000101000
100010001011010
100110110101010
001010110100101
001010111101011
001010111111001
001011000000111
001011000010101
001011000100100
001011000111111
001011001011010
001011010001000
001011010110101
001011011101000
001011100011011
001011101101010
001011110111011
001100000011101
001100010000001
001100100101000
001100111010011
001101010011000
001101101100010
001110010110011
001111000010100
001111110100101
010000101001011
010010000001110
010011100001100
010101010001001
010111001010110
011010011010010
011110000110111
100010001100011
100110110101011
001010111010101
001011000011100
001011000101010
001011000111001
001011001001000
001011001010110
001011001110010
001011010001110
001011010111011
001011011101001
001011100011011
001011101001101
001011110011100
001011111101100
001100001001110
001100010110010
001100101011000
001101000000010
001101011000110
001101110010000
001110011011111
001111000111111
001111111001111
010000101110011
010010000110100
010011100101111
010101010101001
010111001110011
011010011101001
011110001000110
100010001101100
100110110101100
001011000101100
001011001110010
001011010000000
001011010001110
001011010011100
001011010101010
001011011000100
001011011100000
001011100001100
001011100111010
001011101101010
001011110011100
001011111101111
001100001000011
001100010100011
001100100000100
001100110101010
001101001010101
001101100010111
001101111011111
001110100101101
001111010001011
010000000010001
010000110101100
010010001110000
010011101101101
010101011100100
010111010100111
011010100010100
011110001100011
100010001111110
100110110110000
001011010000101
001011011001001
001011011010111
001011011100100
001011011110001
001011011111111
001011100011000
001011100110011
001011101011111
001011110001011
001011110111011
001011111101100
001100001000011
001100010011011
001100011111001
001100101011000
001100111111110
001101010101000
001101101101000
001110000101110
001110101111011
001111011010111
010000001010100
010000111100100
010010010101011
010011110101101
010101100011110
010111011011011
011010100111110
011110010000000
100010010010001
100110110110101
001011011100111
001011100101011
001011100111000
001011101000110
001011101010100
001011101100010
001011101111100
001011110010111
001011111000010
001011111101101
001100000011101
001100001001110
001100010100011
001100011111001
001100101010111
001100110110101
001101001011010
001101100000011
001101111000011
001110010000111
001110111010010
001111100101100
010000010100001
010001000101001
010010011110001
010011111110100
010101101100000
010111100010111
011010101110001
011110010100100
100010010101001
100110110111101
001011101001011
001011110001110
001011110011100
001011110101010
001011110111000
001011111000111
001011111100001
001011111111100
001100000100110
001100001010000
001100010000001
001100010110010
001100100000100
001100101011000
001100110110101
001101000010100
001101010111000
001101101011111
001110000011110
001110011100010
001111000101010
001111110000001
010000011101111
010001001101111
010010100111000
010100000111011
010101110100011
010111101010100
011010110100011
011110011001001
100010011000001
100110111000101
001011111110111
001100000110111
001100001000101
001100001010011
001100001100001
001100001101111
001100010001010
001100010100100
001100011001110
001100011111000
001100100101000
001100101011000
001100110101010
001100111111110
001101001011010
001101010111000
001101101011010
001110000000000
001110010111101
001110101111110
001111011000011
010000000010111
010000110000001
010001011111011
010010110111111
010100010111010
010110000011011
010111111000011
011011000000010
011110100010011
100010011110100
100110111011010
001100010100111
001100011100110
001100011110011
001100100000001
001100100001111
001100100011100
001100100110111
001100101010010
001100101111010
001100110100100
001100111010011
001101000000010
001101001010101
001101010101000
001101100000011
001101101011111
001110000000000
001110010100101
001110101100000
001111000011110
001111101100000
010000010101111
010001000010100
010001110001001
010011001000111
010100100111011
010110010010100
011000000110011
011011001100010
011110101011100
100010100100111
100110111101110
001100101110001
001100110110000
001100110111101
001100111001010
001100111010111
001100111100101
001100111111110
001101000010111
001101001000000
001101001101001
001101010011000
001101011000110
001101100010111
001101101101000
001101111000011
001110000011110
001110010111101
001110101100000
001111000011001
001111011010111
010000000001011
010000101001100
010001010110111
010010000110010
010011011101010
010100111010110
010110100101000
011000010111101
011011011011011
011110110111111
100010101110001
100111000010111
001101001000001
001101010000000
001101010001101
001101010011010
001101010100111
001101010110100
001101011001011
001101011100011
001101100001100
001101100110101
001101101100010
001101110010000
001101111011111
001110000101110
001110010000111
001110011100010
001110101111110
001111000011110
001111011010111
001111110010100
010000010111011
010000111101011
010001101011100
010010011011101
010011110001111
010101001110100
010110110111101
011000101000111
011011101010110
011111000100011
100010110111011
100111000111111
001101110011011
001101111011000
001101111100100
001101111110001
001101111111101
001110000001010
001110000100010
001110000111001
001110001100000
001110010000111
001110010110011
001110011011111
001110100101101
001110101111011
001110111010010
001111000101010
001111011000011
001111101100000
010000000001011
010000010111011
010000111100111
010001100011110
010010010001110
010011000001101
010100010110110
010101110001111
010111011001011
011001001000110
011100000111111
011111011101101
100011001011110
100111010101111
001110100000111
001110101000001
001110101001101
001110101011001
001110101100101
001110101110001
001110110001000
001110110100000
001110111000101
001110111101001
001111000010100
001111000111111
001111010001011
001111011010111
001111100101100
001111110000001
010000000010111
010000010101111
010000101001100
010000111101011
010001100011110
010010001011011
010010111001010
010011101000111
010100111100101
010110010110000
010111111100000
011001101001010
011100100101011
011111110111010
100011100000010
100111100100000
001111010100011
001111011011011
001111011100110
001111011110010
001111011111101
001111100001001
001111100011111
001111100110110
001111101011001
001111101111100
001111110100101
001111111001111
010000000010001
010000001010100
010000010100010
010000011101111
010000110000001
010001000010100
010001010110111
010001101011100
010010010001110
010010111001010
010011100110101
010100010101110
010101101000011
010111000000010
011000100011000
011010001100011
011101000111110
100000011000001
100011111101000
100111111011000
010000001010110
010000010001011
010000010010110
010000010100000
010000010101011
010000010110110
010000011001100
010000011100001
010000100000011
010000100100100
010000101001011
010000101110011
010000110101100
010000111100100
010001000101001
010001001101111
010001011111011
010001110001001
010010000110010
010010011011101
010011000001101
010011101000111
010100010101110
010101000100010
010110010101100
010111101011101
011001001011000
011010110000010
011101101010111
100000111001110
100100011010001
101000010010011
010001100100100
010001101010110
010001101100001
010001101101011
010001101110101
010001110000000
010001110010100
010001110101001
010001111001001
010001111101010
010010000001110
010010000110100
010010001110000
010010010101011
010010011110001
010010100111000
010010110111111
010011001000111
010011011101010
010011110001111
010100010110110
010100111100101
010101101000011
010110010101100
010111100100001
011000110111001
011010010101100
011011111001100
011110110000111
100001111010111
100101010110010
101001000111110
010011000110001
010011001011111
010011001101001
010011001110011
010011001111100
010011010000110
010011010011001
010011010101100
010011011001011
010011011101010
010011100001100
010011100101111
010011101101101
010011110101101
010011111110100
010100000111011
010100010111010
010100100111011
010100111010110
010101001110100
010101110001111
010110010110000
010111000000010
010111101011101
011000110111001
011010000110011
011011100011100
011101000110000
011111111001011
100010111110001
100110010100000
101001111110011
010100111000010
010100111101011
010100111110100
010100111111101
010101000000110
010101000001111
010101000100000
010101000110001
010101001001101
010101001101001
010101010001001
010101010101001
010101011100011
010101100011110
010101101100000
010101110100011
010110000011011
010110010010100
010110100101000
010110110111101
010111011001011
010111111100000
011000100011000
011001001011000
011010010101100
011011100011100
011101000000011
011110100010000
100001001111111
100100001101010
100111100000111
101011000111111
010110110101000
010110111001100
010110111010011
010110111011010
010110111100010
010110111101001
010110111111001
010111000001000
010111000100000
010111000111001
010111001010110
010111001110011
010111010100111
010111011011011
010111100010111
010111101010100
010111111000011
011000000110011
011000010111101
011000101000111
011001001000110
011001101001010
011010001100011
011010110000010
011011111001100
011101000110000
011110100010000
100000000010100
100010101010000
100101011111010
101000110000010
101100010011100
011010001001101
011010001100111
011010001101100
011010001110010
011010001111000
011010001111110
011010010001001
011010010010101
011010010101000
011010010111011
011010011010010
011010011101001
011010100010100
011010100111110
011010101110000
011010110100011
011011000000010
011011001100010
011011011011011
011011101010110
011100000111111
011100100101011
011101000111110
011101101010111
011110110000110
011111111001011
100001001111111
100010101010000
100101001101011
100111111100110
101011000111011
101110100010001
011101111101001
011101111110111
011101111111010
011101111111101
011110000000000
011110000000011
011110000001010
011110000010000
011110000011100
011110000101000
011110000110111
011110001000110
011110001100011
011110010000000
011110010100100
011110011001001
011110100010011
011110101011100
011110110111111
011111000100011
011111011101101
011111110111010
100000011000001
100000111001110
100001111010111
100010111110001
100100001101010
100101011111010
100111111100110
101010100100101
101101100111011
110000111000000
100010000110011
100010000111011
100010000111101
100010000111111
100010001000000
100010001000011
100010001000111
100010001001010
100010001010010
100010001011010
100010001100011
100010001101100
100010001111111
100010010010001
100010010101001
100010011000001
100010011110100
100010100100111
100010101110000
100010110111011
100011001011110
100011100000010
100011111101000
100100011010001
100101010110010
100110010100000
100111100000111
101000110000010
101011000111011
101101100111011
110000100101101
110011110000010
100110110100011
100110110100011
100110110100011
100110110100011
100110110100011
100110110100100
100110110100100
100110110100101
100110110100111
100110110101010
100110110101011
100110110101100
100110110110000
100110110110101
100110110111101
100110111000101
100110111011010
100110111101110
100111000010111
100111000111111
100111010101111
100111100100000
100111111011000
101000010010011
101001000111110
101001111110011
101011000111111
101100010011100
101110100010001
110000111000000
110011110000010
110110110011011
001100000110101
001100001111010
001100010000111
001100010010100
001100010100010
001100010110000
001100011001011
001100011100111
001100100010100
001100101000000
001100101110000
001100110100000
001100111110101
001101001001010
001101010101010
001101100001100
001101110110100
001110001011111
001110100011100
001110111011110
001111100110000
010000010010001
010001000101010
010001111010110
010011010101111
010100111000010
010110101001000
011000100011011
011011111001000
011111101011101
100011101111110
101000010101001
001100001111010
001100010111110
001100011001011
001100011011000
001100011100101
001100011110010
001100100001111
001100100101011
001100101011000
001100110000100
001100110110100
001100111100100
001101000111000
001101010001100
001101011101011
001101101001100
001101111110010
001110010011011
001110101010110
001111000010110
001111101101000
010000011001000
010001001011110
010010000001000
010011011011101
010100111101011
010110101101101
011000100111001
011011111011110
011111101100111
100011110000011
101000010101001
001100010000111
001100011001011
001100011011000
001100011100101
001100011110010
001100100000001
001100100011101
001100100111001
001100101100101
001100110010001
001100111000001
001100111110010
001101001000101
001101010011001
001101011111000
001101101011001
001101111111110
001110010101000
001110101100011
001111000100010
001111101110011
010000011010011
010001001101000
010010000010001
010011011100110
010100111110100
010110101110100
011000100111111
011011111100010
011111101101010
100011110000100
101000010101001
001100010010100
001100011011000
001100011100101
001100011110011
001100100000001
001100100001111
001100100101011
001100101000111
001100101110011
001100110011111
001100111001111
001101000000000
001101001010010
001101010100110
001101100000101
001101101100110
001110000001100
001110010110110
001110101101111
001111000101101
001111101111111
010000011011110
010001001110011
010010000011100
010011011110000
010100111111101
010110101111100
011000101000101
011011111100111
011111101101100
100011110000110
101000010101001
001100010100010
001100011100101
001100011110011
001100100000001
001100100001111
001100100011101
001100100111001
001100101010110
001100110000000
001100110101100
001100111011100
001101000001110
001101001100000
001101010110011
001101100010010
001101101110100
001110000011001
001110011000011
001110101111011
001111000111010
001111110001010
010000011101001
010001001111110
010010000100110
010011011111010
010101000000110
010110110000100
011000101001100
011011111101100
011111101101111
100011110001000
101000010101001
001100010110000
001100011110010
001100100000001
001100100001111
001100100011101
001100100101011
001100101000111
001100101100100
001100110001110
001100110111001
001100111101011
001101000011100
001101001101101
001101011000000
001101100100000
001101110000001
001110000100111
001110011010000
001110110001000
001111001000110
001111110010110
010000011110101
010001010001001
010010000110000
010011100000011
010101000001111
010110110001011
011000101010010
011011111110000
011111101110010
100011110001001
101000010101010
001100011001011
001100100001111
001100100011101
001100100101011
001100100111001
001100101000111
001100101100100
001100110000000
001100110101010
001100111010100
001101000000101
001101000110110
001101010001000
001101011011010
001101100111010
001101110011010
001110001000000
001110011101000
001110110100001
001111001011101
001111110101101
010000100001011
010001010011111
010010001000101
010011100010110
010101000100000
010110110011010
011000101011111
011011111111010
011111101110111
100011110001100
101000010101010
001100011100111
001100100101011
001100100111001
001100101000111
001100101010110
001100101100100
001100110000000
001100110011011
001100111000101
001100111101111
001101000100000
001101001010010
001101010100010
001101011110100
001101101010011
001101110110100
001110001011001
001110100000010
001110110111001
001111001110100
001111111000011
010000100100001
010001010110100
010010001011001
010011100101001
010101000110001
010110110101010
011000101101100
011100000000011
011111101111100
100011110010000
101000010101011
001100100010100
001100101011000
001100101100101
001100101110011
001100110000000
001100110001110
001100110101010
001100111000101
001100111110000
001101000011010
001101001001011
001101001111101
001101011001101
001101100011110
001101101111101
001101111011101
001110010000001
001110100101000
001110111011111
001111010011010
001111111101000
010000101000101
010001011010101
010010001111010
010011101001000
010101001001101
010110111000011
011000110000001
011100000010011
011111110000101
100011110010110
101000010101100
001100101000000
001100110000100
001100110010001
001100110011111
001100110101100
001100110111001
001100111010100
001100111101111
001101000011010
001101001000101
001101001110111
001101010101001
001101011111000
001101101001001
001101110100110
001110000000101
001110010101000
001110101001111
001111000000101
001111011000000
010000000001101
010000101101000
010001011111000
010010010011010
010011101100110
010101001101001
010110111011100
011000110010110
011100000100100
011111110001111
100011110011100
101000010101110
001100101110000
001100110110100
001100111000001
001100111001111
001100111011100
001100111101011
001101000000101
001101000100000
001101001001011
001101001110111
001101010101000
001101011011001
001101100101000
001101101111000
001101111010101
001110000110100
001110011010101
001110101111001
001111000110000
001111011101011
010000000110111
010000110010000
010001100011110
010010010111111
010011110001001
010101010001001
010110111111001
011000110110000
011100000110111
011111110011010
100011110100010
101000010101111
001100110100000
001100111100100
001100111110010
001101000000000
001101000001110
001101000011100
001101000110110
001101001010010
001101001111101
001101010101001
001101011011001
001101100001001
001101101010111
001101110100111
001110000000100
001110001100011
001110100000001
001110110100011
001111001011011
001111100010111
010000001100001
010000110111001
010001101000110
010010011100100
010011110101100
010101010101001
010111000010110
011000111001001
011100001001010
011111110100101
100011110101001
101000010101111
001100111110101
001101000111000
001101001000101
001101001010010
001101001100000
001101001101101
001101010000111
001101010100010
001101011001101
001101011111000
001101100101000
001101101010111
001101110101000
001101111111010
001110001010110
001110010110011
001110101001101
001110111101100
001111010100101
001111101100011
010000010101011
010001000000001
010001110001000
010010100100000
010011111100111
010101011100011
010111001001011
011000111111000
011100001101111
011111110111100
100011110110111
101000010110010
001101001001010
001101010001100
001101010011001
001101010100110
001101010110011
001101011000000
001101011011010
001101011110100
001101100011110
001101101001001
001101101111000
001101110100111
001101111111010
001110001001111
001110010101001
001110100000100
001110110011010
001111000110100
001111011110000
001111110101111
010000011110110
010001001001010
010001111001011
010010101011100
010100000100011
010101100011110
010111010000000
011001000100110
011100010010011
011111111010011
100011111000101
101000010110101
001101010101010
001101011101011
001101011111000
001101100000101
001101100010010
001101100100000
001101100111010
001101101010011
001101101111101
001101110100110
001101111010101
001110000000100
001110001010110
001110010101001
001110100000001
001110101011010
001110111110001
001111010001100
001111101000110
010000000000100
010000101001001
010001010011011
010010000010110
010010110100010
010100001100111
010101101100000
010111010111101
011001001011101
011100010111111
011111111110001
100011111011000
101000010111011
001101100001100
001101101001100
001101101011001
001101101100110
001101101110100
001101110000001
001101110011010
001101110110100
001101111011101
001110000000101
001110000110100
001110001100011
001110010110011
001110100000100
001110101011010
001110110110001
001111001001001
001111011100011
001111110011101
010000001011011
010000110011101
010001011101100
010010001100010
010010111101000
010100010101100
010101110100011
010111011111010
011001010010011
011100011101011
100000000001111
100011111101100
101000011000001
001101110110100
001101111110010
001101111111111
001110000001100
001110000011001
001110000100111
001110001000000
001110001011001
001110010000000
001110010101000
001110011010101
001110100000001
001110101001101
001110110011010
001110111110001
001111001001001
001111011100010
001111101111110
010000000110110
010000011110010
010001000110001
010001101111100
010010011101101
010011001101110
010100100101100
010110000011011
010111101101010
011001011111010
011100101000000
100000001001101
100100000010110
101000011010000
001110001011111
001110010011011
001110010101000
001110010110110
001110011000011
001110011010000
001110011101000
001110100000010
001110100101000
001110101001111
001110101111001
001110110100011
001110111101100
001111000110100
001111010001100
001111011100011
001111101111110
010000000011100
010000011010010
010000110001100
010001011000111
010010000001101
010010101111011
010011011110111
010100110101101
010110010010100
010111111011100
011001101100001
011100110010110
100000010001100
100100001000000
101000011011111
001110100011100
001110101010110
001110101100011
001110101101111
001110101111011
001110110001000
001110110100001
001110110111001
001110111011111
001111000000101
001111000110000
001111001011011
001111010100101
001111011110000
001111101000110
001111110011101
010000000110110
010000011010010
010000110000111
010001001000000
010001101110001
010010010101101
010011000011100
010011110011001
010101001001001
010110100101000
011000001100110
011001111100001
011101000000101
100000011100011
100100001111110
101000011111101
001110111011110
001111000010110
001111000100010
001111000101101
001111000111010
001111001000110
001111001011101
001111001110100
001111010011010
001111011000000
001111011101011
001111100010111
001111101100011
001111110101111
010000000000100
010000001011011
010000011110010
010000110001100
010001001000000
010001011110111
010010000011111
010010101010000
010011011000000
010100000111110
010101011100111
010110110111101
011000011110011
011010001100010
011101001110101
100000100111011
100100010111100
101000100011011
001111100110000
001111101101000
001111101110011
001111101111111
001111110001010
001111110010110
001111110101101
001111111000011
001111111101000
010000000001101
010000000110111
010000001100001
010000010101011
010000011110110
010000101001001
010000110011101
010001000110001
010001011000111
010001101110001
010010000011111
010010101001010
010011001111111
010011111101011
010100101100101
010110000000011
010111011001011
011000111110100
011010101010100
011101101001110
100000111110011
100100101001101
101000101111001
010000010010001
010000011001000
010000011010011
010000011011110
010000011101001
010000011110101
010000100001011
010000100100001
010000101000101
010000101101000
010000110010000
010000110111001
010001000000001
010001001001010
010001010011011
010001011101100
010001101111100
010010000001101
010010010101101
010010101010000
010011001111111
010011110110111
010100100100000
010101010010101
010110100100110
010111111100000
011001011111100
011011001001011
011110000101011
100001010101111
100100111011111
101000111010111
010001000101010
010001001011110
010001001101001
010001001110011
010001001111110
010001010001001
010001010011111
010001010110100
010001011010101
010001011111000
010001100011110
010001101000110
010001110001000
010001111001011
010010000010110
010010001100010
010010011101101
010010101111011
010011000011100
010011011000000
010011111101100
010100100100000
010101010000011
010101111110010
010111001110011
011000100011000
011010000100111
011011101100110
011110100110011
100001110011100
100101010101101
101001001111100
010001111010110
010010000001000
010010000010001
010010000011100
010010000100110
010010000110000
010010001000101
010010001011001
010010001111010
010010010011010
010010010111111
010010011100100
010010100100000
010010101011100
010010110100010
010010111101000
010011001101110
010011011110111
010011110011001
010100000111110
010100101100101
010101010010101
010101111110010
010110101011011
010111111001000
011001001011000
011010101011001
011100010001000
011111001000000
100010010001100
100101101111101
101001100100010
010011010101111
010011011011101
010011011100111
010011011110000
010011011111001
010011100000011
010011100010110
010011100101001
010011101001000
010011101100110
010011110001001
010011110101100
010011111100111
010100000100011
010100001100110
010100010101100
010100100101100
010100110101101
010101001001001
010101011100111
010110000000011
010110100100110
010111001110010
010111111001000
011001000101011
011010010101100
011011110100001
011101011000001
100000001010111
100011001110100
100110100111101
101010010101101
010100111000010
010100111101011
010100111110100
010100111111101
010101000000110
010101000001111
010101000100000
010101000110001
010101001001101
010101001101001
010101010001001
010101010101001
010101011100011
010101100011110
010101101100000
010101110100011
010110000011011
010110010010100
010110100101000
010110110111101
010111011001011
010111111100000
011000100011000
011001001011000
011010010101100
011011100011100
011101000000011
011110100010000
100001001111111
100100001101010
100111100000111
101011000111111
010110101001000
010110101101101
010110101110100
010110101111100
010110110000100
010110110001011
010110110011010
010110110101010
010110111000011
010110111011100
010110111111001
010111000010110
010111001001011
010111010000000
010111010111101
010111011111010
010111101101010
010111111011100
011000001100110
011000011110011
011000111110100
011001011111100
011010000100111
011010101011001
011011110100001
011101000000011
011110011011111
011111111011111
100010100101001
100101011100011
101000101011100
101100001100110
011000100011011
011000100111001
011000100111111
011000101000101
011000101001100
011000101010010
011000101011111
011000101101100
011000110000001
011000110010110
011000110110000
011000111001001
011000111111000
011001000100110
011001001011101
011001010010011
011001011111010
011001101100001
011001111100001
011010001100010
011010101010100
011011001001011
011011101100110
011100010001000
011101011000001
011110100010000
011111111011111
100001011001110
100011111101101
100110101110001
101001111000100
101101010011010
011011111001000
011011111011110
011011111100010
011011111100111
011011111101100
011011111110000
011011111111010
011100000000011
011100000010011
011100000100100
011100000110111
011100001001010
011100001101111
011100010010011
011100010111111
011100011101011
011100101000000
011100110010110
011101000000101
011101001110101
011101101001111
011110000101011
011110100110011
011111001000000
100000001010110
100001001111111
100010100101001
100011111101101
100110011100010
101001000101111
101100001010110
101111011110100
011111101011101
011111101100111
011111101101010
011111101101100
011111101101111
011111101110010
011111101110111
011111101111100
011111110000101
011111110001111
011111110011010
011111110100101
011111110111100
011111111010011
011111111110001
100000000001111
100000001001101
100000010001100
100000011100011
100000100111011
100000111110011
100001010101111
100001110011100
100010010001100
100011001110100
100100001101010
100101011100011
100110101110001
101001000101111
101011100110111
101110100101001
110001110000011
100011101111110
100011110000011
100011110000101
100011110000110
100011110000111
100011110001001
100011110001101
100011110010000
100011110010110
100011110011100
100011110100010
100011110101001
100011110110111
100011111000101
100011111011000
100011111101100
100100000010110
100100001000000
100100001111110
100100010111100
100100101001101
100100111011111
100101010101101
100101101111101
100110100111101
100111100000111
101000101011100
101001111000100
101100001010110
101110100101001
110001011101001
110100100000011
101000010101001
101000010101001
101000010101001
101000010101001
101000010101001
101000010101010
101000010101010
101000010101011
101000010101100
101000010101110
101000010101111
101000010101111
101000010110010
101000010110101
101000010111011
101000011000001
101000011010000
101000011011111
101000011111101
101000100011011
101000101111001
101000111010111
101001001111100
101001100100010
101010010101101
101011000111111
101100001100110
101101010011010
101111011110100
110001110000011
110100100000011
110111011010000
001110011000011
001110100000001
001110100001110
001110100011010
001110100100111
001110100110011
001110101001101
001110101100110
001110110001111
001110110111001
001110111100110
001111000010011
001111001100010
001111010110001
001111100001100
001111101101000
010000000000110
010000010100111
010000101001111
010000111111011
010001100111101
010010010001010
010011000011000
010011110110111
010101010010101
010110110101000
011000100011011
011010011010001
011101101111110
100001100000101
100101011110001
101001111001101
001110100000001
001110101000001
001110101001101
001110101011001
001110101100101
001110101110001
001110110001011
001110110100110
001110111001110
001110111110111
001111000100100
001111001010010
001111010011111
001111011101101
001111101000111
001111110100010
010000000111111
010000011011111
010000110000010
010001000101000
010001101101100
010010010111100
010011001000111
010011111100100
010101010111110
010110111001100
011000100111001
011010011101000
011101110001110
100001100001010
100101011110100
101001111001101
001110100001110
001110101001101
001110101011001
001110101100110
001110101110010
001110101111110
001110110011000
001110110110010
001110111011010
001111000000011
001111000110000
001111001011110
001111010101011
001111011111001
001111101010011
001111110101101
010000001001010
010000011101011
010000110001101
010001000110010
010001101110110
010010011000110
010011001010001
010011111101101
010101011000110
010110111010011
011000100111111
011010011101101
011101110010010
100001100001100
100101011110101
101001111001101
001110100011010
001110101011001
001110101100110
001110101110010
001110101111111
001110110001011
001110110100110
001110110111111
001110111100111
001111000001111
001111000111101
001111001101011
001111010111000
001111100000101
001111101011111
001111110111001
010000001010110
010000011110111
010000110011000
010001000111101
010001110000000
010010011010000
010011001011011
010011111110110
010101011001110
010110111011010
011000101000110
011010011110010
011101110010110
100001100001110
100101011110111
101001111001101
001110100100111
001110101100101
001110101110010
001110101111111
001110110001011
001110110011000
001110110110011
001110111001100
001110111110100
001111000011011
001111001001001
001111001110111
001111011000100
001111100010001
001111101101011
001111111000101
010000001100011
010000100000011
010000110100011
010001001000111
010001110001010
010010011011010
010011001100101
010100000000000
010101011010111
010110111100010
011000101001100
011010011110111
011101110011001
100001100010000
100101011111000
101001111001101
001110100110011
001110101110001
001110101111110
001110110001011
001110110011000
001110110100110
001110111000000
001110111011001
001111000000000
001111000100111
001111001010110
001111010000100
001111011010000
001111100011101
001111101110111
001111111010001
010000001101111
010000100001111
010000110101111
010001001010001
010001110010101
010010011100100
010011001101111
010100000001001
010101011100000
010110111101001
011000101010010
011010011111100
011101110011101
100001100010011
100101011111001
101001111001110
001110101001101
001110110001011
001110110011000
001110110100101
001110110110010
001110111000000
001110111011001
001110111110010
001111000011001
001111001000001
001111001101111
001111010011101
001111011101010
001111100110111
001111110001111
001111111101000
010000010000101
010000100100101
010000111000101
010001001100111
010001110101010
010010011111000
010011010000010
010100000011101
010101011110001
010110111111001
011000101011111
011010100000110
011101110100100
100001100010110
100101011111011
101001111001110
001110101100110
001110110100110
001110110110010
001110110111111
001110111001100
001110111011001
001110111110010
001111000001011
001111000110011
001111001011011
001111010001001
001111010110110
001111100000011
001111101010000
001111110100111
001111111111111
010000010011100
010000100111011
010000111011011
010001001111101
010001110111111
010010100001101
010011010010110
010100000110000
010101100000010
010111000001000
011000101101100
011010100010001
011101110101100
100001100011010
100101011111110
101001111001111
001110110001111
001110111001110
001110111011010
001110111100111
001110111110100
001111000000000
001111000011001
001111000110011
001111001011011
001111010000011
001111010110000
001111011011110
001111100101010
001111101110111
001111111001110
010000000100101
010000011000000
010000101011110
010000111111101
010001010011111
010001111100001
010010100101110
010011010110110
010100001001110
010101100011110
010111000100000
011000110000001
011010100100010
011101110111000
100001100100000
100101100000001
101001111001111
001110110111001
001110111110111
001111000000011
001111000001111
001111000011011
001111000100111
001111001000001
001111001011011
001111010000011
001111010101100
001111011011001
001111100000110
001111101010010
001111110011110
001111111110100
010000001001011
010000011100100
010000110000000
010001000011111
010001011000001
010010000000010
010010101001111
010011011010110
010100001101101
010101100111010
010111000111001
011000110010110
011010100110011
011101111000101
100001100100110
100101100000101
101001111010000
001110111100110
001111000100100
001111000110000
001111000111101
001111001001001
001111001010110
001111001101111
001111010001001
001111010110000
001111011011001
001111100000101
001111100110010
001111101111110
001111111001010
010000000100000
010000001110110
010000100001011
010000110100011
010001001000101
010001011101010
010010000101001
010010101110100
010011011111001
010100010001111
010101101011010
010111001010110
011000110110000
011010101000111
011101111010011
100001100101101
100101100001001
101001111010000
001111000010011
001111001010010
001111001011110
001111001101011
001111001110111
001111010000100
001111010011101
001111010110110
001111011011110
001111100000110
001111100110010
001111101011111
001111110101010
001111111110110
010000001001011
010000010100000
010000100110010
010000111000110
010001001101010
010001100010010
010010001010000
010010110011001
010011100011101
010100010110001
010101101111001
010111001110011
011000111001001
011010101011101
011101111100011
100001100110101
100101100001110
101001111010001
001111001100010
001111010011111
001111010101011
001111010111000
001111011000100
001111011010000
001111011101001
001111100000011
001111100101010
001111101010010
001111101111110
001111110101010
001111111110110
010000001000100
010000010010111
010000011101011
010000101110100
010001000000000
010001010101010
010001101011000
010010010010100
010010111011100
010011101011110
010100011101111
010101110110011
010111010100111
011000111111000
011010110000100
011110000000000
100001101000101
100101100010111
101001111010010
001111010110001
001111011101101
001111011111001
001111100000101
001111100010001
001111100011101
001111100110111
001111101010000
001111101110111
001111110011110
001111111001010
001111111110110
010000001000100
010000010010011
010000011100100
010000100110111
010000110111000
010001000111010
010001011101011
010001110011111
010010011011010
010011000011111
010011110011111
010100100101110
010101111101101
010111011011011
011001000100110
011010110101100
011110000011110
100001101010110
100101100100001
101001111010011
001111100001100
001111101000111
001111101010011
001111101011111
001111101101011
001111101110111
001111110001111
001111110100111
001111111001110
001111111110100
010000000100000
010000001001011
010000010010111
010000011100100
010000100110011
010000110000010
010001000000101
010001010001001
010001100111011
010001111101111
010010100100111
010011001101010
010011111101000
010100101110100
010110000101111
010111100010111
011001001011101
011010111011100
011110001000010
100001101101011
100101100101110
101001111010110
001111101101000
001111110100010
001111110101101
001111110111001
001111111000101
001111111010001
001111111101000
001111111111111
010000000100101
010000001001011
010000001110110
010000010100000
010000011101011
010000100110111
010000110000010
010000111001101
010001001010011
010001011011010
010001110001011
010010001000000
010010101110110
010011010110110
010100000110001
010100110111011
010110001110001
010111101010100
011001010010011
011011000001100
011110001100111
100001110000001
100101100111100
101001111011010
010000000000110
010000000111111
010000001001010
010000001010110
010000001100011
010000001101111
010000010000101
010000010011100
010000011000000
010000011100100
010000100001011
010000100110010
010000101110100
010000110111000
010001000000101
010001001010011
010001011011110
010001101101011
010010000011011
010010011001110
010011000000000
010011100111100
010100010110011
010101000111001
010110011101000
010111111000011
011001011111010
011011001101000
011110010110000
100001110110011
100101101011100
101001111100010
010000010100111
010000011011111
010000011101011
010000011110111
010000100000011
010000100001111
010000100100101
010000100111011
010000101011110
010000110000000
010000110100011
010000111000110
010001000000000
010001000111010
010001010001001
010001011011010
010001101101011
010001111111110
010010010101100
010010101011110
010011010001100
010011111000100
010100100111000
010101010111001
010110101100001
011000000110011
011001101100001
011011011000100
011110011111010
100001111100110
100101101111100
101001111101011
010000101001111
010000110000010
010000110001101
010000110011000
010000110100011
010000110101111
010000111000101
010000111011011
010000111111101
010001000011111
010001001000101
010001001101010
010001010101010
010001011101011
010001100111011
010001110001011
010010000011011
010010010101100
010010101011001
010011000001000
010011100110011
010100001100111
010100111010110
010101101010011
010110111110011
011000010111101
011001111100001
011011100111010
011110101011101
100010000110000
100101110101110
101001111111110
010000111111011
010001000101000
010001000110010
010001000111101
010001001000111
010001001010001
010001001100111
010001001111101
010001010011111
010001011000001
010001011101010
010001100010010
010001101011000
010001110011111
010001111101111
010010001000000
010010011001110
010010101011110
010011000001000
010011010110110
010011111011101
010100100001100
010101001110111
010101111101111
010111010000111
011000101000111
011010001100010
011011110110000
011110111000001
100010001111011
100101111100000
101010000010010
010001100111101
010001101101100
010001101110110
010001110000000
010001110001010
010001110010101
010001110101010
010001110111111
010001111100001
010010000000010
010010000101001
010010001010000
010010010010101
010010011011010
010010100100111
010010101110110
010011000000000
010011010001100
010011100110011
010011111011101
010100100000100
010101000110100
010101110011000
010110100001000
010111110010101
011001001000110
011010101010100
011100010010011
011111010001000
100010100100000
100110001011101
101010001011100
010010010001010
010010010111100
010010011000110
010010011010000
010010011011010
010010011100100
010010011111000
010010100001101
010010100101110
010010101001111
010010101110100
010010110011001
010010111011100
010011000011111
010011001101010
010011010110110
010011100111100
010011111000100
010100001100111
010100100001100
010101000110100
010101101100100
010110011000001
010111000101001
011000010101000
011001101001010
011011001001011
011100101111001
011111101010011
100010111000110
100110011011010
101010010100110
010011000011000
010011001000111
010011001010001
010011001011011
010011001100101
010011001101111
010011010000010
010011010010110
010011010110110
010011011010110
010011011111010
010011100011101
010011101011110
010011110011111
010011111101000
010100000110001
010100010110011
010100100111000
010100111010110
010101001110111
010101110011000
010110011000001
010111000011000
010111101111001
011000111011110
011010001100011
011011101100111
011101010010110
100000001001111
100011010010110
100110110001110
101010100110110
010011110110111
010011111100100
010011111101101
010011111110110
010100000000000
010100000001001
010100000011101
010100000110000
010100001001110
010100001101101
010100010001111
010100010110001
010100011101111
010100100101110
010100101110100
010100110111011
010101000111001
010101010111001
010101101010011
010101111101111
010110100001000
010111000101001
010111101111001
011000011010011
011001100011101
011010110000010
011100010001000
011101110111001
100000101001110
100011101101000
100111001000011
101010111000110
010101010010101
010101010111110
010101011000110
010101011001110
010101011010111
010101011100000
010101011110001
010101100000010
010101100011110
010101100111010
010101101011010
010101101111001
010101110110011
010101111101101
010110000101111
010110001110001
010110011101000
010110101100001
010110111110011
010111010000111
010111110010101
011000010101000
011000111011110
011001100011101
011010101101000
011011111001100
011101011000001
011110111011101
100001101001000
100100100101011
100111111011110
101011100101110
010110110101000
010110111001100
010110111010011
010110111011010
010110111100010
010110111101001
010110111111001
010111000001000
010111000100000
010111000111001
010111001010110
010111001110011
010111010100111
010111011011011
010111100010111
010111101010100
010111111000011
011000000110011
011000010111101
011000101000111
011001001000110
011001101001010
011010001100011
011010110000010
011011111001100
011101000110000
011110100010000
100000000010100
100010101010000
100101011111010
101000110000010
101100010011100
011000100011011
011000100111001
011000100111111
011000101000101
011000101001100
011000101010010
011000101011111
011000101101100
011000110000001
011000110010110
011000110110000
011000111001001
011000111111000
011001000100110
011001001011101
011001010010011
011001011111010
011001101100001
011001111100001
011010001100010
011010101010100
011011001001011
011011101100110
011100010001000
011101011000001
011110100010000
011111111011111
100001011001110
100011111101101
100110101110001
101001111000100
101101010011010
011010011010001
011010011101000
011010011101101
011010011110010
011010011110111
011010011111100
011010100000110
011010100010001
011010100100010
011010100110011
011010101000111
011010101011101
011010110000100
011010110101100
011010111011100
011011000001100
011011001101000
011011011000100
011011100111010
011011110110000
011100010010011
011100101111001
011101010010110
011101110111001
011110111011101
100000000010100
100001011001110
100010110100101
100101010100100
100111111111101
101011000010110
101110010100101
011101101111110
011101110001110
011101110010010
011101110010110
011101110011001
011101110011101
011101110100100
011101110101100
011101110111000
011101111000101
011101111010011
011101111100011
011110000000000
011110000011110
011110001000010
011110001100111
011110010110000
011110011111010
011110101011101
011110111000001
011111010001001
011111101010011
100000001001111
100000101001110
100001101001000
100010101010000
100011111101110
100101010100100
100111101101110
101010010001000
101101001111111
110000011100001
100001100000101
100001100001010
100001100001100
100001100001110
100001100010000
100001100010011
100001100010110
100001100011010
100001100100000
100001100100110
100001100101101
100001100110101
100001101000101
100001101010110
100001101101011
100001110000001
100001110110011
100001111100110
100010000110000
100010001111011
100010100100000
100010111000110
100011010010110
100011101101000
100100100101011
100101011111010
100110101110001
100111111111101
101010010001000
101100101010101
101111100100010
110010101001111
100101011110001
100101011110100
100101011110110
100101011110111
100101011111000
100101011111001
100101011111100
100101011111110
100101100000001
100101100000101
100101100001001
100101100001110
100101100010111
100101100100001
100101100101110
100101100111100
100101101011100
100101101111100
100101110101110
100101111100000
100110001011101
100110011011010
100110110001110
100111001000011
100111111011110
101000110000010
101001111000100
101011000010110
101101001111111
101111100100010
110010010101100
110101010001001
101001111001101
101001111001101
101001111001101
101001111001101
101001111001101
101001111001110
101001111001110
101001111001111
101001111001111
101001111010000
101001111010000
101001111010001
101001111010010
101001111010011
101001111010110
101001111011010
101001111100010
101001111101011
101001111111110
101010000010010
101010001011100
101010010100110
101010100110110
101010111000110
101011100101110
101100010011100
101101010011010
101110010100101
110000011100001
110010101001111
110101010001001
111000000001001
010010000000001
010010000111001
010010001000100
010010001001111
010010001011010
010010001100110
010010001111101
010010010010100
010010010111010
010010011011111
010010100001000
010010100110001
010010101111010
010010111000011
010011000011000
010011001101110
010011100000011
010011110011011
010100001000011
010100011101110
010101000100111
010101101101001
010110011100110
010111001110000
011000101001000
011010001001101
011011111001000
011101101111110
100000111101110
100100100010000
101000010111110
101100100111010
010010000111001
010010001110010
010010001111101
010010010001000
010010010010011
010010010011101
010010010110110
010010011001101
010010011110001
010010100010110
010010100111111
010010101101001
010010110110001
010010111111000
010011001001101
010011010100010
010011100110110
010011111001100
010100001110000
010100100010111
010101001010000
010101110010011
010110100001110
010111010010101
011000101101001
011010001100111
011011111011110
011101110001110
100000111111000
100100100010011
101000011000000
101100100111011
010010001000100
010010001111101
010010010001000
010010010010011
010010010011110
010010010101001
010010011000001
010010011011001
010010011111101
010010100100001
010010101001010
010010101110100
010010110111100
010011000000011
010011001010111
010011010101100
010011101000000
010011111010110
010100001111010
010100100100000
010101001011001
010101110011011
010110100010101
010111010011101
011000101101111
011010001101100
011011111100010
011101110010010
100000111111011
100100100010100
101000011000000
101100100111011
010010001001111
010010010001000
010010010010011
010010010011110
010010010101010
010010010110110
010010011001101
010010011100100
010010100001001
010010100101100
010010101010110
010010110000000
010010111000111
010011000001110
010011001100010
010011010110111
010011101001011
010011111100001
010100010000011
010100100101001
010101001100010
010101110100011
010110100011110
010111010100101
011000101110110
011010001110010
011011111100111
011101110010110
100000111111101
100100100010110
101000011000001
101100100111011
010010001011010
010010010010011
010010010011110
010010010101010
010010010110110
010010011000001
010010011011001
010010011110000
010010100010100
010010100110111
010010101100001
010010110001011
010010111010010
010011000011001
010011001101101
010011011000001
010011101010101
010011111101011
010100010001101
010100100110010
010101001101011
010101110101100
010110100100110
010111010101100
011000101111100
011010001111000
011011111101100
011101110011001
100001000000000
100100100010111
101000011000010
101100100111011
010010001100110
010010010011101
010010010101001
010010010110110
010010011000001
010010011001110
010010011100101
010010011111100
010010100011111
010010101000010
010010101101100
010010110010110
010010111011101
010011000100100
010011001111000
010011011001100
010011101100000
010011111110110
010100010010111
010100100111100
010101001110100
010101110110101
010110100101110
010111010110100
011000110000011
011010001111110
011011111110001
011101110011101
100001000000011
100100100011001
101000011000011
101100100111011
010010001111101
010010010110110
010010011000001
010010011001101
010010011011001
010010011100101
010010011111100
010010100010011
010010100110110
010010101011010
010010110000011
010010110101101
010010111110011
010011000111010
010011010001101
010011011100001
010011101110100
010100000001001
010100010101011
010100101001111
010101010000110
010101111000101
010110100111110
010111011000100
011000110010001
011010010001001
011011111111010
011101110100100
100001000001000
100100100011011
101000011000100
101100100111100
010010010010100
010010011001101
010010011011001
010010011100100
010010011110000
010010011111100
010010100010011
010010100101010
010010101001101
010010101110001
010010110011010
010010111000011
010011000001010
010011001010000
010011010100011
010011011110110
010011110001001
010100000011101
010100010111111
010100101100011
010101010011001
010101111010111
010110101001111
010111011010100
011000110011111
011010010010101
011100000000011
011101110101100
100001000001101
100100100011110
101000011000110
101100100111100
010010010111010
010010011110001
010010011111101
010010100001001
010010100010100
010010100011111
010010100110110
010010101001101
010010101110001
010010110010101
010010110111110
010010111100111
010011000101101
010011001110100
010011011000101
010011100010111
010011110101001
010100000111101
010100011011110
010100110000001
010101010110101
010101111110010
010110101101001
010111011101101
011000110110110
011010010101000
011100000010011
011101110111000
100001000010110
100100100100001
101000011001000
101100100111100
010010011011111
010010100010110
010010100100001
010010100101100
010010100110111
010010101000010
010010101011010
010010101110001
010010110010101
010010110111010
010010111100010
010011000001100
010011001010010
010011010011000
010011011101000
010011100111010
010011111001010
010100001011100
010100011111101
010100110011111
010101011010010
010110000001101
010110110000100
010111100000111
011000111001100
011010010111011
011100000100100
011101111000101
100001000011111
100100100100101
101000011001011
101100100111101
010010100001000
010010100111111
010010101001010
010010101010110
010010101100001
010010101101100
010010110000011
010010110011010
010010110111110
010010111100010
010011000001100
010011000110100
010011001111001
010011010111111
010011100001111
010011101100000
010011111101110
010100001111110
010100100011111
010100111000100
010101011110101
010110000101111
010110110100010
010111100100011
011000111100110
011010011010010
011100000110111
011101111010011
100001000101001
100100100101001
101000011001101
101100100111101
010010100110001
010010101101001
010010101110100
010010110000000
010010110001011
010010110010110
010010110101101
010010111000011
010010111100111
010011000001100
010011000110100
010011001011101
010011010100010
010011011101000
010011100110111
010011110000111
010100000010001
010100010011111
010100101000010
010100111100111
010101100010111
010110001010000
010110111000010
010111101000000
011001000000000
011010011101001
011100001001010
011101111100011
100001000110011
100100100101110
101000011010000
101100100111110
010010101111010
010010110110001
010010110111100
010010111000111
010010111010010
010010111011101
010010111110011
010011000001010
010011000101101
010011001010010
010011001111001
010011010100010
010011011101000
010011100101111
010011101111101
010011111001011
010100001010001
010100011011000
010100101111110
010101000100110
010101101010001
010110010000100
010110111110111
010111101110101
011001000110000
011010100010100
011100001101111
011110000000000
100001001001000
100100100111000
101000011010110
101100100111110
010010111000011
010010111111000
010011000000011
010011000001110
010011000011001
010011000100100
010011000111010
010011001010000
010011001110100
010011010011000
010011010111111
010011011101000
010011100101111
010011101110111
010011111000011
010100000010000
010100010010000
010100100010010
010100110111010
010101001100110
010101110001011
010110010111001
010111000101100
010111110101011
011001001100001
011010100111110
011100010010011
011110000011110
100001001011101
100100101000011
101000011011100
101100100111111
010011000011000
010011001001101
010011001010111
010011001100010
010011001101101
010011001111000
010011010001101
010011010100011
010011011000101
010011011101000
010011100001111
010011100110111
010011101111101
010011111000011
010100000001101
010100001011000
010100011011001
010100101011011
010101000000011
010101010101110
010101111010000
010110011111010
010111001101011
010111111101000
011001010011001
011010101110000
011100010111111
011110001000010
100001001111000
100100101010001
101000011100101
101100101000001
010011001101110
010011010100010
010011010101100
010011010110111
010011011000001
010011011001100
010011011100001
010011011110110
010011100010111
010011100111010
010011101100000
010011110000111
010011111001011
010100000010000
010100001011000
010100010100001
010100100100010
010100110100110
010101001001101
010101011110110
010110000010101
010110100111011
010111010101011
011000000100101
011001011010001
011010110100011
011100011101011
011110001100111
100001010010010
100100101011111
101000011101110
101100101000011
010011100000011
010011100110110
010011101000000
010011101001011
010011101010101
010011101100000
010011101110100
010011110001001
010011110101001
010011111001010
010011111101110
010100000010001
010100001010001
010100010010000
010100011011001
010100100100010
010100110100111
010101000101100
010101011010000
010101101110111
010110010010010
010110110110101
010111100011111
011000010010101
011001100111010
011011000000010
011100101000000
011110010110000
100001011001010
100100110000001
101000100000011
101100101001000
010011110011011
010011111001100
010011111010110
010011111100001
010011111101011
010011111110110
010100000001001
010100000011101
010100000111101
010100001011100
010100001111110
010100010011111
010100011011000
010100100010010
010100101011011
010100110100110
010101000101100
010101010110101
010101101010110
010101111111010
010110100010001
010111000101111
010111110010110
011000100000110
011001110100011
011011001100010
011100110010110
011110011111010
100001100000011
100100110100011
101000100010111
101100101001101
010100001000011
010100001110000
010100001111010
010100010000011
010100010001101
010100010010111
010100010101011
010100010111111
010100011011110
010100011111101
010100100011111
010100101000010
010100101111110
010100110111010
010101000000011
010101001001101
010101011010000
010101101010110
010101111110010
010110010010001
010110110101000
010111011000101
011000000100111
011000110010011
011010000100110
011011011011011
011101000000101
011110101011101
100001101010010
100100111011010
101000100111011
101100101011000
010100011101110
010100100010111
010100100100000
010100100101001
010100100110010
010100100111100
010100101001111
010100101100011
010100110000001
010100110011111
010100111000100
010100111100111
010101000100110
010101001100110
010101010101110
010101011110110
010101101110111
010101111111010
010110010010001
010110100101010
010111001000000
010111101011101
011000010111001
011001000100000
011010010101010
011011101010110
011101001110101
011110111000001
100001110100010
100101000010010
101000101011110
101100101100011
010101000100111
010101001010000
010101001011001
010101001100010
010101001101011
010101001110100
010101010000110
010101010011001
010101010110101
010101011010010
010101011110101
010101100010111
010101101010001
010101110001011
010101111010000
010110000010101
010110010010010
010110100010001
010110110101000
010111001000000
010111101010111
011000001110100
011000111001000
011001100100110
011010110100011
011100000111111
011101101001111
011111010001001
100010001001011
100101010010101
101000110111110
101100110010110
010101101101001
010101110010011
010101110011011
010101110100011
010101110101100
010101110110101
010101111000101
010101111010111
010101111110010
010110000001101
010110000101111
010110001010000
010110010000100
010110010111001
010110011111010
010110100111011
010110110110101
010111000101111
010111011000101
010111101011101
011000001110100
011000110010000
011001011011101
011010000110011
011011010100001
011100100101011
011110000101100
011111101010011
100010011110111
100101100011011
101001000011110
101100111001001
010110011100110
010110100001110
010110100010110
010110100011110
010110100100110
010110100101110
010110100111110
010110101001111
010110101101001
010110110000100
010110110100011
010110111000010
010110111110111
010111000101100
010111001101011
010111010101011
010111100011111
010111110010110
011000000100111
011000010111001
011000111001000
011001011011101
011010000100100
011010101110011
011011111001011
011101000111110
011110100110100
100000001001111
100010111010101
100101111010110
101001010110110
101101000110101
010111001110000
010111010010101
010111010011101
010111010100101
010111010101100
010111010110100
010111011000100
010111011010100
010111011101101
010111100000111
010111100100011
010111101000000
010111101110101
010111110101011
010111111101000
011000000100101
011000010010101
011000100000110
011000110010011
011001000100000
011001100100110
011010000110011
011010101110011
011011010111010
011100011111100
011101101010111
011111001000000
100000101001110
100011010110111
100110010010010
101001101001111
101101010100010
011000101001000
011000101101001
011000101101111
011000101110110
011000101111100
011000110000011
011000110010001
011000110011111
011000110110101
011000111001100
011000111100110
011001000000000
011001000110000
011001001100001
011001010011001
011001011010001
011001100111010
011001110100011
011010000100110
011010010101010
011010110100011
011011010100001
011011111001011
011100011111100
011101100110110
011110110000110
100000001010110
100001101001000
100100010001011
100111000110111
101010011000001
101101111011000
011010001001101
011010001100111
011010001101100
011010001110010
011010001111000
011010001111110
011010010001001
011010010010101
011010010101000
011010010111011
011010011010010
011010011101001
011010100010100
011010100111110
011010101110000
011010110100011
011011000000010
011011001100010
011011011011011
011011101010110
011100000111111
011100100101011
011101000111110
011101101010111
011110110000110
011111111001011
100001001111111
100010101010000
100101001101011
100111111100110
101011000111011
101110100010001
011011111001000
011011111011110
011011111100010
011011111100111
011011111101100
011011111110001
011011111111010
011100000000011
011100000010011
011100000100100
011100000110111
011100001001010
011100001101111
011100010010011
011100010111111
011100011101011
011100101000000
011100110010110
011101000000101
011101001110101
011101101001110
011110000101100
011110100110011
011111001000000
100000001010110
100001001111111
100010100101001
100011111101110
100110011100010
101001000101111
101100001010110
101111011110100
011101101111110
011101110001110
011101110010010
011101110010110
011101110011001
011101110011101
011101110100100
011101110101100
011101110111000
011101111000101
011101111010011
011101111100011
011110000000000
011110000011110
011110001000010
011110001100111
011110010110000
011110011111010
011110101011101
011110111000001
011111010001001
011111101010011
100000001001111
100000101001110
100001101001000
100010101010000
100011111101110
100101010100100
100111101101110
101010010001000
101101001111111
110000011100001
100000111101110
100000111111000
100000111111011
100000111111101
100001000000000
100001000000011
100001000001000
100001000001101
100001000010110
100001000011111
100001000101001
100001000110011
100001001001000
100001001011101
100001001111000
100001010010010
100001011001010
100001100000011
100001101010010
100001110100010
100010001001011
100010011110111
100010111010110
100011010110111
100100010001011
100101001101011
100110011100011
100111101101110
101010000010010
101100011111100
101111011000001
110010011100110
100100100010000
100100100010011
100100100010100
100100100010110
100100100010111
100100100011001
100100100011011
100100100011110
100100100100001
100100100100101
100100100101001
100100100101110
100100100111000
100100101000011
100100101010001
100100101011111
100100110000001
100100110100011
100100111011010
100101000010010
100101010010101
100101100011011
100101111010110
100110010010010
100111000110111
100111111100110
101001000101111
101010010001000
101100011111100
101110110101100
110001100110110
110100100010100
101000010111110
101000011000000
101000011000001
101000011000001
101000011000010
101000011000011
101000011000100
101000011000110
101000011001000
101000011001011
101000011001101
101000011010000
101000011010110
101000011011100
101000011100101
101000011101110
101000100000011
101000100010111
101000100111011
101000101011110
101000110111110
101001000011110
101001010110110
101001101001111
101010011000001
101011000111011
101100001010110
101101001111111
101111011000001
110001100110110
110100010000111
110111000100010
101100100111010
101100100111011
101100100111011
101100100111011
101100100111011
101100100111011
101100100111100
101100100111100
101100100111100
101100100111101
101100100111101
101100100111110
101100100111110
101100100111111
101100101000001
101100101000011
101100101001000
101100101001101
101100101011000
101100101100011
101100110010110
101100111001001
101101000110101
101101010100010
101101111011000
101110100010001
101111011110100
110000011100001
110010011100110
110100100010100
110111000100010
111001101101110
010110100010010
010110100111100
010110101000100
010110101001101
010110101010101
010110101011110
010110101110001
010110110000011
010110110100000
010110110111110
010110111011110
010110111111110
010111000111010
010111001110110
010111010111110
010111100000110
010111110000111
011000000001001
011000010101010
011000101001101
011001001101100
011001110010010
011010011101011
011011001001110
011100100001001
011101111101001
011111101011101
100001100000101
100100100010000
100111110100111
101011011111110
101111100000010
010110100111100
010110101101000
010110101110000
010110101111000
010110110000001
010110110001001
010110110011100
010110110101111
010110111001011
010110111100111
010111000001000
010111000101001
010111001100100
010111010011110
010111011100110
010111100101110
010111110101101
011000000101110
011000011001101
011000101101110
011001010001100
011001110110000
011010100000110
011011001100110
011100100011101
011101111110111
011111101100111
100001100001010
100100100010011
100111110101000
101011011111111
101111100000010
010110101000100
010110101110000
010110101111000
010110110000001
010110110001010
010110110010010
010110110100101
010110110111000
010110111010100
010110111101111
010111000010001
010111000110010
010111001101100
010111010100111
010111011101110
010111100110110
010111110110101
011000000110101
011000011010100
011000101110101
011001010010010
011001110110101
011010100001100
011011001101011
011100100100001
011101111111010
011111101101010
100001100001100
100100100010100
100111110101000
101011011111111
101111100000010
010110101001101
010110101111000
010110110000001
010110110001010
010110110010011
010110110011100
010110110101111
010110111000001
010110111011101
010110111111001
010111000011001
010111000111010
010111001110101
010111010101111
010111011110111
010111100111111
010111110111101
011000000111101
011000011011100
011000101111101
011001010011001
011001110111011
011010100010010
011011001110001
011100100100110
011101111111101
011111101101100
100001100001110
100100100010110
100111110101001
101011011111111
101111100000010
010110101010101
010110110000001
010110110001001
010110110010011
010110110011100
010110110100110
010110110111000
010110111001010
010110111100110
010111000000010
010111000100010
010111001000011
010111001111101
010111010111000
010111011111111
010111101000111
010111111000101
011000001000101
011000011100011
011000110000100
011001010100000
011001111000001
011010100010111
011011001110110
011100100101010
011110000000000
011111101101111
100001100010000
100100100010111
100111110101001
101011011111111
101111100000010
010110101011110
010110110001001
010110110010010
010110110011100
010110110100110
010110110101111
010110111000001
010110111010011
010110111101111
010111000001011
010111000101011
010111001001100
010111010000110
010111011000000
010111100001000
010111101001111
010111111001101
011000001001101
011000011101011
011000110001011
011001010100110
011001111000111
011010100011101
011011001111011
011100100101110
011110000000011
011111101110010
100001100010011
100100100011001
100111110101001
101011100000000
101111100000011
010110101110001
010110110011100
010110110100101
010110110101111
010110110111000
010110111000001
010110111010011
010110111100110
010111000000001
010111000011100
010111000111100
010111001011101
010111010010111
010111011010000
010111100011000
010111101011111
010111111011101
011000001011100
011000011111010
011000110011010
011001010110100
011001111010011
011010100101000
011011010000110
011100100110111
011110000001010
011111101110111
100001100010110
100100100011011
100111110101010
101011100000000
101111100000011
010110110000011
010110110101111
010110110111000
010110111000001
010110111001010
010110111010011
010110111100110
010110111111001
010111000010011
010111000101101
010111001001110
010111001101111
010111010101000
010111011100001
010111100101000
010111101101111
010111111101101
011000001101101
011000100001010
011000110101010
011001011000001
011001111011111
011010100110100
011011010010001
011100101000000
011110000010000
011111101111100
100001100011010
100100100011110
100111110101100
101011100000001
101111100000011
010110110100000
010110111001011
010110111010100
010110111011101
010110111100110
010110111101111
010111000000001
010111000010011
010111000101110
010111001001010
010111001101011
010111010001100
010111011000101
010111011111110
010111101000100
010111110001010
011000000000111
011000010000110
011000100100011
011000111000001
011001011010110
011001111110001
011010101000101
011011010100011
011100101001111
011110000011100
011111110000101
100001100100000
100100100100001
100111110101100
101011100000010
101111100000011
010110110111110
010110111100111
010110111101111
010110111111001
010111000000010
010111000001011
010111000011100
010111000101101
010111001001010
010111001100111
010111010001000
010111010101010
010111011100010
010111100011010
010111101011111
010111110100101
011000000100010
011000010100000
011000100111100
011000111011001
011001011101100
011010000000011
011010101010111
011011010110101
011100101011110
011110000101000
011111110001111
100001100100110
100100100100101
100111110101101
101011100000010
101111100000100
010110111011110
010111000001000
010111000010001
010111000011001
010111000100010
010111000101011
010111000111100
010111001001110
010111001101011
010111010001000
010111010101001
010111011001010
010111100000010
010111100111011
010111101111110
010111111000011
011000001000000
011000010111110
011000101011000
011000111110101
011001100000111
011010000011110
011010101110000
011011011001001
011100101110000
011110000110111
011111110011010
100001100101101
100100100101001
100111110101110
101011100000011
101111100000100
010110111111110
010111000101001
010111000110010
010111000111010
010111001000011
010111001001100
010111001011101
010111001101111
010111010001100
010111010101010
010111011001010
010111011101011
010111100100011
010111101011011
010111110011110
010111111100010
011000001011110
011000011011011
011000101110110
011001000010010
011001100100011
011010000111010
011010110001000
011011011011110
011100110000010
011110001000110
011111110100101
100001100110101
100100100101110
100111110101111
101011100000011
101111100000100
010111000111010
010111001100100
010111001101100
010111001110101
010111001111101
010111010000110
010111010010111
010111010101000
010111011000101
010111011100010
010111100000010
010111100100011
010111101011100
010111110010110
010111111011000
011000000011010
011000010010101
011000100010001
011000110101010
011001001000011
011001101001011
011010001011000
011010110101011
011011100000101
011100110100100
011110001100011
011111110111100
100001101000101
100100100111000
100111110110010
101011100000101
101111100000100
010111001110110
010111010011110
010111010100111
010111010101111
010111010111000
010111011000000
010111011010000
010111011100001
010111011111110
010111100011010
010111100111011
010111101011011
010111110010110
010111111010001
011000000010010
011000001010011
011000011001101
011000101000111
011000111011101
011001001110110
011001101110100
011010001110111
011010111001101
011011100101100
011100111000111
011110010000000
011111111010011
100001101010110
100100101000011
100111110110101
101011100000111
101111100000101
010111010111110
010111011100110
010111011101110
010111011110111
010111011111111
010111100001000
010111100011000
010111100101000
010111101000100
010111101011111
010111101111110
010111110011110
010111111011000
011000000010010
011000001010011
011000010010100
011000100001100
011000110000101
011001000011010
011001010110000
011001110101010
011010010101000
011010111111110
011011101011100
011100111110001
011110010100100
011111111110001
100001101101011
100100101010001
100111110111011
101011100001010
101111100000101
010111100000110
010111100101110
010111100110110
010111100111111
010111101000111
010111101001111
010111101011111
010111101101111
010111110001010
010111110100101
010111111000011
010111111100010
011000000011010
011000001010011
011000010010100
011000011010101
011000101001100
011000111000100
011001001010111
011001011101011
011001111100000
011010011011011
011011000101111
011011110001100
011101000011011
011110011001001
100000000001111
100001110000001
100100101011111
100111111000000
101011100001101
101111100000110
010111110000111
010111110101101
010111110110101
010111110111101
010111111000101
010111111001101
010111111011101
010111111101101
011000000000111
011000000100010
011000001000000
011000001011110
011000010010101
011000011001101
011000100001100
011000101001100
011000111000001
011001000110111
011001011000110
011001101010101
011010001001000
011010100111110
011011010001110
011011111100111
011101001101110
011110100010011
100000001001101
100001110110011
100100110000001
100111111001111
101011100010110
101111100000111
011000000001001
011000000101110
011000000110101
011000000111101
011000001000101
011000001001101
011000001011100
011000001101101
011000010000110
011000010100000
011000010111110
011000011011011
011000100010001
011000101000111
011000110000101
011000111000100
011001000110111
011001010101100
011001100110110
011001111000001
011010010110000
011010110100011
011011011101111
011100001000011
011101011000001
011110101011100
100000010001100
100001111100110
100100110100011
100111111011110
101011100011110
101111100001000
011000010101010
011000011001101
011000011010100
011000011011100
011000011100011
011000011101011
011000011111010
011000100001010
011000100100011
011000100111100
011000101011000
011000101110110
011000110101010
011000111011101
011001000011010
011001001010111
011001011000101
011001100110110
011001110110110
011010000111000
011010100101100
011011000100100
011011101101011
011100010111001
011101100101110
011110110111111
100000011100011
100010000110000
100100111011010
100111111111101
101011100110000
101111100001001
011000101001101
011000101101110
011000101110101
011000101111101
011000110000100
011000110001011
011000110011010
011000110101010
011000111000001
011000111011001
011000111110101
011001000010010
011001001000011
011001001110110
011001010110000
011001011101011
011001101010101
011001111000001
011010000111000
011010010110001
011010110101001
011011010100111
011011111101000
011100100110001
011101110011101
011111000100011
100000100111011
100010001111011
100101000010010
101000000011100
101011101000001
101111100001010
011001001101100
011001010001100
011001010010010
011001010011001
011001010100000
011001010100110
011001010110100
011001011000001
011001011010110
011001011101100
011001100000111
011001100100011
011001101001011
011001101110100
011001110101010
011001111100000
011010001001000
011010010110000
011010100101100
011010110101001
011011010100011
011011110100000
011100011011001
011101000011010
011110001110111
011111011101101
100000111110100
100010100100000
100101010010110
101000001111010
101011101111111
101111100100010
011001110010010
011001110110000
011001110110101
011001110111011
011001111000001
011001111000111
011001111010011
011001111011111
011001111110001
011010000000011
011010000011110
011010000111010
011010001011000
011010001110111
011010010101000
011010011011011
011010100111110
011010110100011
011011000100100
011011010100111
011011110100000
011100010011101
011100111001111
011101100000110
011110101010100
011111110111010
100001010101111
100010111000110
100101100011011
101000011011000
101011110111110
101111100111010
011010011101011
011010100000110
011010100001100
011010100010010
011010100010111
011010100011101
011010100101000
011010100110100
011010101000101
011010101010111
011010101110000
011010110001000
011010110101011
011010111001101
011010111111110
011011000101111
011011010001110
011011011101111
011011101101011
011011111101000
011100011011001
011100111001111
011101011111011
011110000101101
011111001101100
100000011000001
100001110011100
100011010010110
100101111010101
101000101111010
101100000110101
101111101111111
011011001001110
011011001100110
011011001101011
011011001110001
011011001110110
011011001111011
011011010000110
011011010010001
011011010100011
011011010110101
011011011001001
011011011011110
011011100000101
011011100101100
011011101011100
011011110001100
011011111100111
011100001000011
011100010111001
011100100110001
011101000011010
011101100000110
011110000101101
011110101011000
011111110001001
100000111001110
100010010001100
100011101101000
100110010010010
101001000011100
101100010101101
101111111000101
011100100001001
011100100011101
011100100100001
011100100100110
011100100101010
011100100101110
011100100110111
011100101000000
011100101001110
011100101011110
011100101110000
011100110000010
011100110100100
011100111000111
011100111110000
011101000011011
011101001101110
011101011000001
011101100101110
011101110011101
011110001110111
011110101010100
011111001101100
011111110001001
100000110100111
100001111010111
100011001110100
100100100101011
100111000110111
101001110011101
101100111110010
110000011000001
011101111101001
011101111110111
011101111111010
011101111111101
011110000000000
011110000000011
011110000001010
011110000010000
011110000011100
011110000101000
011110000110111
011110001000110
011110001100011
011110010000000
011110010100100
011110011001001
011110100010011
011110101011100
011110110111111
011111000100011
011111011101101
011111110111010
100000011000001
100000111001110
100001111010111
100010111110001
100100001101010
100101011111010
100111111100110
101010100100101
101101100111011
110000111000000
011111101011101
011111101100111
011111101101010
011111101101100
011111101101111
011111101110010
011111101110111
011111101111100
011111110000101
011111110001111
011111110011010
011111110100101
011111110111100
011111111010011
011111111110001
100000000001111
100000001001101
100000010001100
100000011100011
100000100111011
100000111110011
100001010101111
100001110011100
100010010001100
100011001110100
100100001101010
100101011100011
100110101110001
101001000101111
101011100110111
101110100101001
110001110000011
100001100000101
100001100001010
100001100001100
100001100001110
100001100010000
100001100010011
100001100010110
100001100011010
100001100100000
100001100100110
100001100101101
100001100110101
100001101000101
100001101010110
100001101101011
100001110000001
100001110110011
100001111100110
100010000110000
100010001111011
100010100100000
100010111000110
100011010010110
100011101101000
100100100101011
100101011111010
100110101110001
100111111111101
101010010001000
101100101010101
101111100100010
110010101001111
100100100010000
100100100010011
100100100010100
100100100010110
100100100010111
100100100011001
100100100011011
100100100011110
100100100100001
100100100100101
100100100101001
100100100101110
100100100111000
100100101000011
100100101010001
100100101011111
100100110000001
100100110100011
100100111011010
100101000010010
100101010010101
100101100011011
100101111010110
100110010010010
100111000110111
100111111100110
101001000101111
101010010001000
101100011111100
101110110101100
110001100110110
110100100010100
100111110100111
100111110101000
100111110101000
100111110101001
100111110101001
100111110101001
100111110101010
100111110101100
100111110101100
100111110101101
100111110101110
100111110101111
100111110110010
100111110110101
100111110111011
100111111000000
100111111001111
100111111011110
100111111111101
101000000011100
101000001111010
101000011011000
101000101111010
101001000011100
101001110011101
101010100100101
101011100110111
101100101010101
101110110101100
110001000111000
110011101110111
110110011111110
101011011111110
101011011111111
101011011111111
101011011111111
101011011111111
101011100000000
101011100000000
101011100000001
101011100000001
101011100000010
101011100000010
101011100000011
101011100000101
101011100000111
101011100001010
101011100001101
101011100010110
101011100011110
101011100110000
101011101000001
101011110000000
101011110111110
101100000110101
101100010101101
101100111110010
101101100111011
101110100101001
101111100100010
110001100110110
110011101110111
110110010001000
111000111011010
101111100000010
101111100000010
101111100000010
101111100000010
101111100000010
101111100000011
101111100000011
101111100000011
101111100000011
101111100000100
101111100000100
101111100000100
101111100000100
101111100000101
101111100000101
101111100000110
101111100000111
101111100001000
101111100001001
101111100001010
101111100100010
101111100111010
101111101111111
101111111000101
110000011000001
110000111000000
110001110000011
110010101001111
110100100010100
110110011111110
111000111011010
111011011101101
011011101000010
011011101011110
011011101100100
011011101101010
011011101101111
011011101110101
011011110000010
011011110010000
011011110100100
011011110111001
011011111010000
011011111100111
011100000010011
011100001000000
011100001110111
011100010101101
011100100010100
011100101111011
011101000000001
011101010001000
011101110000011
011110010000010
011110110111001
011111011110111
100000110000111
100010000110011
100011101111101
100101011110001
101000010111110
101011011111110
101111000001110
110010110110001
011011101011110
011011101111101
011011110000010
011011110001000
011011110001110
011011110010100
011011110100000
011011110101110
011011111000010
011011111010110
011011111101101
011100000000100
011100000110000
011100001011011
011100010010010
011100011001001
011100100101110
011100110010011
011101000011000
011101010011110
011101110011000
011110010010101
011110111001010
011111100000101
100000110010011
100010000111011
100011110000011
100101011110100
101000011000000
101011011111111
101111000001110
110010110110001
011011101100100
011011110000010
011011110001000
011011110001110
011011110010100
011011110011010
011011110100111
011011110110100
011011111001000
011011111011100
011011111110011
011100000001010
011100000110110
011100001100001
011100010010111
011100011001110
011100100110011
011100110011000
011101000011101
011101010100011
011101110011100
011110010011000
011110111001101
011111100001000
100000110010101
100010000111101
100011110000101
100101011110110
101000011000000
101011011111111
101111000001110
110010110110001
011011101101010
011011110001000
011011110001110
011011110010100
011011110011010
011011110100000
011011110101101
011011110111010
011011111001110
011011111100010
011011111111001
011100000010000
011100000111100
011100001100111
011100010011101
011100011010100
011100100111001
011100110011110
011101000100010
011101010101000
011101110100001
011110010011100
011110111010001
011111100001100
100000110011000
100010000111111
100011110000110
100101011110111
101000011000001
101011011111111
101111000001110
110010110110001
011011101101111
011011110001110
011011110010100
011011110011010
011011110100000
011011110100111
011011110110011
011011111000001
011011111010100
011011111101000
011011111111111
011100000010110
011100001000010
011100001101100
011100010100011
011100011011001
011100100111110
011100110100011
011101000101000
011101010101101
011101110100101
011110010100000
011110111010101
011111100001111
100000110011011
100010001000000
100011110001000
100101011111000
101000011000010
101011011111111
101111000001110
110010110110001
011011101110101
011011110010100
011011110011010
011011110100000
011011110100111
011011110101101
011011110111010
011011111000111
011011111011011
011011111101110
011100000000101
011100000011100
011100001001000
011100001110011
011100010101001
011100011011111
011100101000011
011100110101001
011101000101101
011101010110011
011101110101010
011110010100100
011110111011001
011111100010011
100000110011101
100010001000011
100011110001001
100101011111001
101000011000011
101011100000000
101111000001111
110010110110001
011011110000010
011011110100000
011011110100111
011011110101101
011011110110011
011011110111010
011011111000111
011011111010101
011011111100111
011011111111011
011100000010010
011100000101001
011100001010100
011100001111110
011100010110100
011100011101010
011100101001110
011100110110100
011101000110111
011101010111101
011101110110010
011110010101100
011110111100000
011111100011010
100000110100011
100010001000111
100011110001100
100101011111100
101000011000100
101011100000000
101111000001111
110010110110001
011011110010000
011011110101110
011011110110100
011011110111010
011011111000001
011011111000111
011011111010101
011011111100010
011011111110100
011100000000111
011100000011110
011100000110110
011100001100000
011100010001010
011100010111111
011100011110110
011100101011010
011100110111111
011101001000010
011101011000111
011101110111011
011110010110100
011110111100111
011111100100001
100000110101000
100010001001010
100011110010000
100101011111110
101000011000110
101011100000001
101111000010000
110010110110010
011011110100100
011011111000010
011011111001000
011011111001110
011011111010101
011011111011011
011011111100111
011011111110100
011100000001000
011100000011011
011100000110011
011100001001011
011100001110100
011100010011110
011100011010011
011100100001000
011100101101100
011100111010001
011101001010100
011101011010111
011101111001001
011110011000000
011110111110010
011111100101100
100000110110011
100010001010010
100011110010110
100101100000001
101000011001000
101011100000001
101111000010000
110010110110010
011011110111001
011011111010110
011011111011100
011011111100010
011011111101000
011011111101110
011011111111011
011100000000111
011100000011011
011100000110000
011100001000111
011100001011111
011100010001001
011100010110010
011100011100110
011100100011011
011100101111111
011100111100011
011101001100101
011101011100111
011101111011000
011110011001100
011110111111111
011111100110111
100000110111100
100010001011010
100011110011100
100101100000101
101000011001010
101011100000010
101111000010001
110010110110010
011011111010000
011011111101101
011011111110011
011011111111001
011011111111111
011100000000101
011100000010010
011100000011110
011100000110011
011100001000111
011100001011111
011100001110111
011100010100000
011100011001010
011100011111101
011100100110001
011100110010100
011100111110111
011101001111001
011101011111011
011101111101011
011110011011110
011111000001111
011111101000101
100000111000111
100010001100011
100011110100010
100101100001001
101000011001101
101011100000010
101111000010001
110010110110010
011011111100111
011100000000100
011100000001010
011100000010000
011100000010110
011100000011100
011100000101001
011100000110110
011100001001011
011100001011111
011100001110111
011100010001111
011100010111000
011100011100001
011100100010100
011100101000111
011100110101001
011101000001101
011101010001101
011101100001111
011101111111110
011110011110000
011111000011110
011111101010011
100000111010011
100010001101100
100011110101001
100101100001110
101000011010000
101011100000011
101111000010010
110010110110010
011100000010011
011100000110000
011100000110110
011100000111100
011100001000010
011100001001000
011100001010011
011100001100000
011100001110100
011100010001001
011100010100000
011100010111000
011100011100010
011100100001100
011100100111110
011100101110001
011100111010010
011101000110100
011101010110011
011101100110011
011110000011011
011110100000110
011111000110111
011111101101101
100000111101001
100010001111111
100011110110111
100101100010111
101000011010110
101011100000101
101111000010011
110010110110010
011100001000000
011100001011011
011100001100001
011100001100111
011100001101100
011100001110011
011100001111110
011100010001010
011100010011110
011100010110010
011100011001010
011100011100001
011100100001100
011100100111000
011100101101001
011100110011010
011100111111010
011101001011100
011101011011001
011101101010111
011110000111000
011110100011101
011111001001111
011111110000111
100001000000000
100010010010001
100011111000110
100101100100001
101000011011100
101011100000111
101111000010100
110010110110011
011100001110111
011100010010010
011100010010111
011100010011101
011100010100011
011100010101001
011100010110100
011100010111111
011100011010011
011100011100110
011100011111101
011100100010100
011100100111110
011100101101001
011100110011010
011100111001100
011101000101011
011101010001010
011101100000110
011101110000010
011110001011111
011110100111111
011111001110010
011111110101001
100001000011101
100010010101001
100011111011001
100101100101110
101000011100101
101011100001010
101111000010110
110010110110011
011100010101101
011100011001001
011100011001110
011100011010100
011100011011001
011100011011111
011100011101010
011100011110110
011100100001000
011100100011011
011100100110001
011100101000111
011100101110001
011100110011010
011100111001100
011100111111110
011101001011100
011101010111010
011101100110011
011101110101110
011110010000111
011110101100010
011111010010100
011111111001011
100001000111010
100010011000001
100011111101100
100101100111100
101000011101110
101011100001101
101111000011000
110010110110100
011100100010100
011100100101110
011100100110011
011100100111001
011100100111110
011100101000011
011100101001110
011100101011010
011100101101100
011100101111111
011100110010100
011100110101001
011100111010010
011100111111010
011101000101011
011101001011100
011101010111001
011101100010110
011101110001100
011110000000011
011110011010110
011110110101100
011111011011011
100000000001111
100001001110110
100010011110100
100100000010110
100101101011100
101000100000011
101011100010110
101111000011101
110010110110100
011100101111011
011100110010011
011100110011000
011100110011110
011100110100011
011100110101001
011100110110100
011100110111111
011100111010001
011100111100011
011100111110111
011101000001101
011101000110100
011101001011100
011101010001010
011101010111010
011101100010110
011101101110010
011101111100101
011110001010111
011110100100110
011110111110111
011111100100011
100000001010011
100001010110010
100010100100111
100100001000000
100101101111100
101000100011000
101011100011110
101111000100010
110010110110101
011101000000001
011101000011000
011101000011101
011101000100010
011101000101000
011101000101101
011101000110111
011101001000010
011101001010100
011101001100101
011101001111001
011101010001101
011101010110011
011101011011001
011101100000110
011101100110011
011101110001100
011101111100101
011110001010001
011110010111110
011110110001100
011111001011101
011111110000100
100000010110000
100001100000101
100010101110000
100100001111110
100101110101110
101000100111011
101011100110000
101111000101011
110010110110110
011101010001000
011101010011110
011101010100011
011101010101000
011101010101101
011101010110011
011101010111101
011101011000111
011101011010111
011101011100111
011101011111011
011101100001111
011101100110011
011101101010111
011101110000010
011101110101110
011110000000011
011110001010111
011110010111110
011110100100101
011110111110011
011111011000011
011111111100110
100000100001110
100001101011010
100010110111011
100100010111100
100101111100000
101000101011110
101011101000001
101111000110101
110010110110111
011101110000011
011101110011000
011101110011100
011101110100000
011101110100101
011101110101010
011101110110010
011101110111011
011101111001010
011101111011000
011101111101011
011101111111110
011110000011011
011110000111000
011110001011111
011110010000111
011110011010110
011110100100110
011110110001100
011110111110011
011111011000101
011111110011001
100000010110011
100000111010010
100010000001110
100011001011110
100100101001110
100110001011101
101000110111110
101011110000000
101111001011100
110010111000100
011110010000010
011110010010101
011110010011000
011110010011100
011110010100000
011110010100100
011110010101100
011110010110100
011110011000000
011110011001100
011110011011110
011110011110000
011110100000110
011110100011101
011110100111111
011110101100010
011110110101100
011110111110111
011111001011101
011111011000011
011111110011001
100000001110001
100000110000011
100001010011001
100010011000100
100011100000010
100100111100000
100110011011010
101001000011110
101011110111110
101111010000100
110010111010001
011110110111001
011110111001010
011110111001101
011110111010001
011110111010101
011110111011001
011110111100000
011110111100111
011110111110010
011110111111111
011111000001111
011111000011110
011111000110111
011111001001111
011111001110001
011111010010100
011111011011011
011111100100011
011111110000100
011111111100110
100000010110011
100000110000011
100001010010000
100001110100001
100010110111100
100011111101000
100101010101101
100110110001110
101001010110101
101100000110101
101111011010111
110010111111000
011111011110111
011111100000101
011111100001000
011111100001100
011111100001111
011111100010011
011111100011010
011111100100001
011111100101100
011111100110111
011111101000101
011111101010011
011111101101101
011111110000111
011111110101001
011111111001011
100000000001111
100000001010011
100000010110000
100000100001110
100000111010010
100001010011001
100001110100001
100010010101101
100011010110111
100100011010001
100101101111101
100111001000011
101001101001110
101100010101101
101111100101010
110011000100000
100000110000111
100000110010011
100000110010101
100000110011000
100000110011010
100000110011101
100000110100011
100000110101000
100000110110010
100000110111100
100000111000111
100000111010011
100000111101001
100001000000000
100001000011101
100001000111010
100001001110110
100001010110010
100001100000101
100001101011010
100010000001110
100010011000100
100010110111100
100011010110111
100100010101101
100101010110010
100110100111101
100111111011110
101010011000001
101100111110010
110000000101010
110011011010001
100010000110011
100010000111011
100010000111101
100010000111111
100010001000000
100010001000011
100010001000111
100010001001010
100010001010010
100010001011010
100010001100011
100010001101100
100010001111111
100010010010001
100010010101001
100010011000001
100010011110100
100010100100111
100010101110000
100010110111011
100011001011110
100011100000010
100011111101000
100100011010001
100101010110010
100110010100000
100111100000111
101000110000010
101011000111011
101101100111011
110000100101101
110011110000010
100011101111101
100011110000011
100011110000101
100011110000110
100011110001000
100011110001001
100011110001100
100011110010000
100011110010110
100011110011100
100011110100010
100011110101001
100011110110111
100011111000110
100011111011000
100011111101100
100100000010110
100100001000000
100100001111110
100100010111100
100100101001101
100100111100000
100101010101101
100101101111101
100110100111101
100111100000111
101000101011101
101001111000100
101100001010111
101110100101001
110001011101000
110100100000011
100101011110001
100101011110100
100101011110110
100101011110111
100101011111000
100101011111001
100101011111100
100101011111110
100101100000001
100101100000101
100101100001001
100101100001110
100101100010111
100101100100001
100101100101110
100101100111100
100101101011100
100101101111100
100101110101110
100101111100000
100110001011101
100110011011010
100110110001110
100111001000011
100111111011110
101000110000010
101001111000100
101011000010110
101101001111111
101111100100010
110010010101100
110101010001001
101000010111110
101000011000000
101000011000000
101000011000001
101000011000010
101000011000011
101000011000100
101000011000110
101000011001000
101000011001010
101000011001101
101000011010000
101000011010110
101000011011100
101000011100101
101000011101110
101000100000011
101000100011000
101000100111011
101000101011110
101000110111110
101001000011110
101001010110110
101001101001110
101010011000001
101011000111011
101100001010110
101101001111111
101111011000001
110001100110110
110100010000111
110111000100010
101011011111110
101011011111111
101011011111111
101011011111111
101011011111111
101011100000000
101011100000000
101011100000001
101011100000001
101011100000010
101011100000010
101011100000011
101011100000101
101011100000111
101011100001010
101011100001101
101011100010110
101011100011110
101011100110000
101011101000001
101011110000000
101011110111110
101100000110101
101100010101101
101100111110010
101101100111011
101110100101001
101111100100010
110001100110110
110011101110111
110110010001000
111000111011010
101111000001110
101111000001110
101111000001110
101111000001110
101111000001110
101111000001111
101111000001111
101111000010000
101111000010000
101111000010001
101111000010001
101111000010010
101111000010011
101111000010100
101111000010110
101111000011000
101111000011101
101111000100010
101111000101011
101111000110101
101111001011101
101111010000100
101111011010111
101111100101010
110000000101010
110000100101101
110001011101000
110010010101100
110100010000111
110110010001000
111000101101010
111011010000101
110010110110001
110010110110001
110010110110001
110010110110001
110010110110001
110010110110001
110010110110001
110010110110010
110010110110010
110010110110010
110010110110010
110010110110010
110010110110010
110010110110011
110010110110011
110010110110100
110010110110100
110010110110101
110010110110110
110010110110111
110010111000100
110010111010001
110010111111000
110011000100000
110011011010001
110011110000010
110100100000011
110101010001001
110111000100010
111000111011010
111011010000101
111101101100001
100001111000000
100001111000101
100001111000111
100001111001000
100001111001010
100001111001100
100001111010000
100001111010100
100001111011011
100001111100011
100001111101011
100001111110011
100010000000110
100010000011001
100010000110100
100010001001111
100010010001011
100010011000111
100010100100010
100010101111110
100011000111101
100011011111110
100011111111110
100100100000001
100101101001001
100110110100011
101000010101001
101001111001101
101100100111010
101111100000010
110010110110001
110110011011000
100001111000101
100001111001111
100001111010000
100001111010001
100001111010010
100001111010100
100001111011000
100001111011101
100001111100100
100001111101100
100001111110011
100001111111010
100010000001101
100010000100001
100010000111100
100010001011000
100010010010011
100010011001111
100010100101001
100010110000011
100011001000001
100011100000010
100100000000000
100100100000010
100101101001010
100110110100011
101000010101001
101001111001101
101100100111011
101111100000010
110010110110001
110110011011000
100001111000111
100001111010000
100001111010001
100001111010011
100001111010100
100001111010101
100001111011001
100001111011110
100001111100110
100001111101101
100001111110100
100001111111100
100010000001111
100010000100010
100010000111110
100010001011001
100010010010100
100010011010000
100010100101010
100010110000101
100011001000011
100011100000011
100100000000001
100100100000010
100101101001010
100110110100011
101000010101001
101001111001101
101100100111011
101111100000010
110010110110001
110110011011000
100001111001000
100001111010001
100001111010011
100001111010100
100001111010110
100001111010111
100001111011100
100001111100000
100001111100111
100001111101111
100001111110110
100001111111110
100010000010001
100010000100100
100010000111111
100010001011010
100010010010110
100010011010010
100010100101100
100010110000111
100011001000100
100011100000100
100100000000010
100100100000011
100101101001011
100110110100011
101000010101001
101001111001101
101100100111011
101111100000010
110010110110001
110110011011000
100001111001010
100001111010010
100001111010100
100001111010110
100001111010111
100001111011001
100001111011110
100001111100010
100001111101001
100001111110000
100001111111000
100010000000000
100010000010011
100010000100101
100010001000001
100010001011011
100010010010111
100010011010011
100010100101110
100010110001001
100011001000110
100011100000101
100100000000011
100100100000100
100101101001011
100110110100011
101000010101001
101001111001101
101100100111011
101111100000010
110010110110001
110110011011000
100001111001100
100001111010100
100001111010101
100001111010111
100001111011001
100001111011100
100001111100000
100001111100100
100001111101011
100001111110010
100001111111010
100010000000010
100010000010101
100010000100111
100010001000010
100010001011101
100010010011001
100010011010101
100010100110000
100010110001011
100011001000111
100011100000110
100100000000100
100100100000101
100101101001100
100110110100100
101000010101010
101001111001110
101100100111011
101111100000011
110010110110001
110110011011001
100001111010000
100001111011000
100001111011001
100001111011100
100001111011110
100001111100000
100001111100100
100001111101001
100001111110000
100001111110110
100001111111110
100010000000111
100010000011001
100010000101100
100010001000110
100010001100001
100010010011101
100010011011001
100010100110011
100010110001101
100011001001001
100011100001000
100100000000101
100100100000111
100101101001101
100110110100100
101000010101010
101001111001110
101100100111100
101111100000011
110010110110001
110110011011001
100001111010100
100001111011101
100001111011110
100001111100000
100001111100010
100001111100100
100001111101001
100001111101110
100001111110101
100001111111011
100010000000011
100010000001100
100010000011110
100010000110000
100010001001011
100010001100101
100010010100001
100010011011100
100010100110110
100010110010000
100011001001100
100011100001010
100100000000111
100100100001000
100101101001110
100110110100101
101000010101011
101001111001111
101100100111100
101111100000011
110010110110010
110110011011001
100001111011011
100001111100100
100001111100110
100001111100111
100001111101001
100001111101011
100001111110000
100001111110101
100001111111011
100010000000010
100010000001010
100010000010011
100010000100101
100010000110111
100010001010001
100010001101011
100010010100111
100010011100011
100010100111100
100010110010110
100011001010000
100011100001101
100100000001010
100100100001010
100101101010000
100110110100111
101000010101100
101001111001111
101100100111100
101111100000011
110010110110010
110110011011001
100001111100011
100001111101100
100001111101101
100001111101111
100001111110000
100001111110010
100001111110110
100001111111011
100010000000010
100010000001000
100010000010001
100010000011010
100010000101100
100010000111110
100010001011000
100010001110010
100010010101101
100010011101001
100010101000010
100010110011011
100011001010101
100011100010000
100100000001101
100100100001101
100101101010011
100110110101010
101000010101110
101001111010000
101100100111101
101111100000100
110010110110010
110110011011001
100001111101011
100001111110011
100001111110101
100001111110110
100001111111000
100001111111010
100001111111110
100010000000011
100010000001010
100010000010001
100010000011010
100010000100100
100010000110110
100010001001000
100010001100001
100010001111011
100010010110101
100010011110001
100010101001001
100010110100010
100011001011011
100011100010101
100100000010001
100100100010001
100101101010101
100110110101011
101000010101110
101001111010000
101100100111101
101111100000100
110010110110010
110110011011001
100001111110011
100001111111010
100001111111100
100001111111110
100010000000000
100010000000010
100010000000111
100010000001100
100010000010011
100010000011010
100010000100100
100010000101110
100010001000000
100010001010001
100010001101010
100010010000100
100010010111110
100010011111000
100010101010000
100010110101001
100011001100001
100011100011010
100100000010110
100100100010101
100101101011000
100110110101100
101000010101111
101001111010001
101100100111110
101111100000100
110010110110010
110110011011001
100010000000110
100010000001101
100010000001111
100010000010001
100010000010011
100010000010101
100010000011001
100010000011110
100010000100101
100010000101100
100010000110110
100010001000000
100010001010010
100010001100101
100010001111110
100010010010110
100010011010000
100010100001010
100010101100001
100010110111001
100011001101110
100011100100100
100100000011111
100100100011110
100101101011110
100110110110000
101000010110010
101001111010010
101100100111110
101111100000100
110010110110010
110110011011001
100010000011001
100010000100001
100010000100010
100010000100100
100010000100101
100010000100111
100010000101100
100010000110000
100010000110111
100010000111110
100010001001000
100010001010001
100010001100101
100010001111001
100010010010001
100010010101001
100010011100011
100010100011101
100010101110011
100010111001001
100011001111011
100011100101111
100100000101001
100100100100110
100101101100101
100110110110101
101000010110101
101001111010011
101100100111111
101111100000101
110010110110011
110110011011010
100010000110100
100010000111100
100010000111110
100010000111111
100010001000000
100010001000010
100010001000110
100010001001011
100010001010001
100010001011000
100010001100001
100010001101010
100010001111110
100010010010001
100010010101010
100010011000011
100010011111100
100010100110101
100010110001001
100010111011110
100011010001101
100011100111100
100100000111000
100100100110110
100101101110000
100110110111101
101000010111011
101001111010110
101100101000001
101111100000101
110010110110011
110110011011010
100010001001111
100010001011000
100010001011001
100010001011010
100010001011011
100010001011101
100010001100001
100010001100101
100010001101011
100010001110010
100010001111011
100010010000100
100010010010110
100010010101001
100010011000011
100010011011110
100010100010101
100010101001101
100010110100000
100010111110100
100011010011110
100011101001010
100100001000110
100100101000101
100101101111100
100110111000101
101000011000001
101001111011010
101100101000011
101111100000110
110010110110100
110110011011010
100010010001011
100010010010011
100010010010100
100010010010110
100010010010111
100010010011001
100010010011101
100010010100001
100010010100111
100010010101101
100010010110101
100010010111110
100010011010000
100010011100011
100010011111100
100010100010101
100010101001101
100010110000101
100010111010110
100011000101000
100011011001011
100011101110000
100100001101011
100100101101001
100101110011001
100110111011010
101000011010000
101001111100010
101100101001000
101111100000111
110010110110100
110110011011010
100010011000111
100010011001111
100010011010000
100010011010010
100010011010011
100010011010101
100010011011001
100010011011100
100010011100011
100010011101001
100010011110001
100010011111000
100010100001010
100010100011101
100010100110101
100010101001101
100010110000101
100010110111110
100011000001100
100011001011011
100011011111001
100011110010111
100100010010000
100100110001100
100101110110101
100110111101110
101000011011111
101001111101011
101100101001101
101111100001000
110010110110101
110110011011011
100010100100010
100010100101001
100010100101010
100010100101100
100010100101110
100010100110000
100010100110011
100010100110110
100010100111100
100010101000010
100010101001001
100010101010000
100010101100001
100010101110011
100010110001001
100010110100000
100010111010110
100011000001100
100011001011010
100011010101000
100011100111110
100011111010101
100100011001100
100100111000101
100101111100110
100111000010111
101000011111101
101001111111110
101100101011000
101111100001001
110010110110110
110110011011011
100010101111110
100010110000011
100010110000101
100010110000111
100010110001001
100010110001011
100010110001101
100010110010000
100010110010110
100010110011011
100010110100010
100010110101001
100010110111001
100010111001001
100010111011110
100010111110100
100011000101000
100011001011011
100011010101000
100011011110100
100011110000011
100100000010100
100100100001000
100100111111111
100110000010111
100111000111111
101000100011011
101010000010010
101100101100011
101111100001010
110010110110111
110110011011011
100011000111101
100011001000001
100011001000010
100011001000100
100011001000110
100011001000111
100011001001001
100011001001100
100011001010000
100011001010101
100011001011011
100011001100001
100011001101110
100011001111011
100011010001100
100011010011110
100011011001011
100011011111001
100011100111110
100011110000011
100100000011100
100100010110111
100100110100010
100101010010001
100110010011001
100111010101111
101000101111001
101010001011100
101100110010110
101111100100010
110010111000100
110110011011100
100011011111110
100011100000010
100011100000011
100011100000100
100011100000101
100011100000110
100011100001000
100011100001010
100011100001101
100011100010000
100011100010101
100011100011010
100011100100100
100011100101111
100011100111100
100011101001010
100011101110000
100011110010111
100011111010101
100100000010100
100100010110111
100100101011011
100101000111110
100101100100100
100110100011100
100111100100000
101000111010111
101010010100110
101100111001001
101111100111010
110010111010001
110110011011100
100011111111110
100100000000000
100100000000001
100100000000010
100100000000011
100100000000100
100100000000101
100100000000111
100100000001010
100100000001101
100100000010001
100100000010110
100100000011111
100100000101001
100100000111000
100100001000110
100100001101011
100100010010000
100100011001100
100100100001000
100100110100010
100101000111110
100101100011111
100110000000010
100110111100111
100111111011000
101001001111100
101010100110110
101101000110101
101111101111111
110010111111000
110110011100010
100100100000001
100100100000010
100100100000010
100100100000011
100100100000100
100100100000101
100100100000111
100100100001000
100100100001010
100100100001101
100100100010001
100100100010101
100100100011110
100100100100110
100100100110110
100100101000101
100100101101001
100100110001100
100100111000101
100100111111111
100101010010001
100101100100100
100110000000010
100110011100010
100111010110101
101000010010011
101001100100010
101010111000110
101101010100010
101111111000101
110011000100000
110110011101000
100101101001001
100101101001010
100101101001010
100101101001010
100101101001011
100101101001100
100101101001101
100101101001110
100101101010000
100101101010011
100101101010101
100101101011000
100101101011110
100101101100101
100101101110001
100101101111100
100101110011001
100101110110101
100101111100110
100110000010111
100110010011001
100110100011100
100110111100111
100111010110101
101000001110100
101001000111110
101010010101101
101011100101110
101101111010111
110000011000001
110011011010001
110110101000001
100110110100011
100110110100011
100110110100011
100110110100011
100110110100011
100110110100100
100110110100100
100110110100101
100110110100111
100110110101010
100110110101011
100110110101100
100110110110000
100110110110101
100110110111101
100110111000101
100110111011010
100110111101110
100111000010111
100111000111111
100111010101111
100111100100000
100111111011000
101000010010011
101001000111110
101001111110011
101011000111111
101100010011100
101110100010001
110000111000000
110011110000010
110110110011011
101000010101001
101000010101001
101000010101001
101000010101001
101000010101001
101000010101010
101000010101010
101000010101011
101000010101100
101000010101110
101000010101111
101000010101111
101000010110010
101000010110101
101000010111011
101000011000001
101000011010000
101000011011111
101000011111101
101000100011011
101000101111001
101000111010111
101001001111100
101001100100010
101010010101101
101011000111111
101100001100110
101101010011010
101111011110100
110001110000011
110100100000011
110111011010000
101001111001101
101001111001101
101001111001101
101001111001101
101001111001101
101001111001110
101001111001110
101001111001111
101001111001111
101001111010000
101001111010000
101001111010001
101001111010010
101001111010011
101001111010110
101001111011010
101001111100010
101001111101011
101001111111110
101010000010010
101010001011100
101010010100110
101010100110110
101010111000110
101011100101110
101100010011100
101101010011010
101110010100101
110000011100001
110010101001111
110101010001001
111000000001001
101100100111010
101100100111011
101100100111011
101100100111011
101100100111011
101100100111011
101100100111100
101100100111100
101100100111100
101100100111101
101100100111101
101100100111110
101100100111110
101100100111111
101100101000001
101100101000011
101100101001000
101100101001101
101100101011000
101100101100011
101100110010110
101100111001001
101101000110101
101101010100010
101101111011000
101110100010001
101111011110100
110000011100001
110010011100110
110100100010100
110111000100010
111001101101110
101111100000010
101111100000010
101111100000010
101111100000010
101111100000010
101111100000011
101111100000011
101111100000011
101111100000011
101111100000100
101111100000100
101111100000100
101111100000100
101111100000101
101111100000101
101111100000110
101111100000111
101111100001000
101111100001001
101111100001010
101111100100010
101111100111010
101111101111111
101111111000101
110000011000001
110000111000000
110001110000011
110010101001111
110100100010100
110110011111110
111000111011010
111011011101101
110010110110001
110010110110001
110010110110001
110010110110001
110010110110001
110010110110001
110010110110001
110010110110010
110010110110010
110010110110010
110010110110010
110010110110010
110010110110010
110010110110011
110010110110011
110010110110100
110010110110100
110010110110101
110010110110110
110010110110111
110010111000100
110010111010001
110010111111000
110011000100000
110011011010001
110011110000010
110100100000011
110101010001001
110111000100010
111000111011010
111011010000101
111101101100001
110110011011000
110110011011000
110110011011000
110110011011000
110110011011000
110110011011001
110110011011001
110110011011001
110110011011001
110110011011001
110110011011001
110110011011001
110110011011001
110110011011010
110110011011010
110110011011010
110110011011010
110110011011011
110110011011011
110110011011011
110110011011100
110110011011100
110110011100010
110110011101000
110110101000001
110110110011011
110111011010000
111000000001001
111001101101110
111011011101101
111101101100001
111111111111111
